t_ms,mode,pwm,pend_count,pend_deg,pend_setpoint_deg,pend_error_deg,servo_count,servo_deg,v_bus,i_ma,p_mw
0,3,0,0,0.0,0.0,0.0,29,18.633,14.676,26.8,394.0
178,3,0,0,0.0,0.0,0.0,29,18.633,14.676,26.1,384.0
311,3,0,0,0.0,0.0,0.0,29,18.633,14.676,26.0,380.0
436,3,0,0,0.0,0.0,0.0,29,18.633,14.676,25.7,376.0
561,3,0,0,0.0,0.0,0.0,29,18.633,14.672,27.4,404.0
696,3,0,0,0.0,0.0,0.0,29,18.633,14.672,28.6,420.0
830,3,0,0,0.0,0.0,0.0,29,18.633,14.672,25.8,380.0
954,3,0,0,0.0,0.0,0.0,29,18.633,14.564,40.5,594.0
1080,3,0,0,0.0,0.0,0.0,29,18.633,14.672,26.6,390.0
1214,3,0,0,0.0,0.0,0.0,29,18.633,14.672,26.8,394.0
1346,3,0,0,0.0,0.0,0.0,29,18.633,14.672,28.4,416.0
1480,3,0,0,0.0,0.0,0.0,29,18.633,14.676,27.7,406.0
1613,3,0,0,0.0,0.0,0.0,29,18.633,14.672,26.7,394.0
1761,3,0,0,0.0,0.0,0.0,29,18.633,14.672,26.7,394.0
1928,3,0,0,0.0,0.0,0.0,29,18.633,14.676,25.9,380.0
2079,3,0,0,0.0,0.0,0.0,29,18.633,14.672,26.5,390.0
2221,3,0,0,0.0,0.0,0.0,29,18.633,14.672,28.2,412.0
2369,3,0,0,0.0,0.0,0.0,29,18.633,14.66,29.4,432.0
2516,3,0,0,0.0,0.0,0.0,29,18.633,14.676,25.9,380.0
2670,3,0,0,0.0,0.0,0.0,29,18.633,14.672,27.3,400.0
2799,3,0,0,0.0,0.0,0.0,29,18.633,14.672,28.8,422.0
2932,3,0,0,0.0,0.0,0.0,29,18.633,14.672,26.5,390.0
3066,3,-113,10,1.758,30.0,28.242,40,20.566,13.884,220.7,3068.0
3231,3,-55,89,15.645,30.0,14.355,154,40.605,14.48,74.8,1082.0
3351,3,-63,-8,-1.406,30.0,31.406,268,60.645,14.336,102.6,1478.0
3503,3,-60,-147,-25.84,30.0,55.84,291,64.687,14.428,90.8,1310.0
3631,3,-58,-59,-10.371,30.0,40.371,309,67.852,14.46,81.0,1170.0
3772,3,-79,73,12.832,30.0,17.168,247,56.953,14.28,121.7,1754.0
3900,3,-87,77,13.535,30.0,16.465,200,48.691,14.208,146.0,2074.0
4021,3,-72,25,4.395,30.0,25.605,291,64.687,14.336,112.9,1590.0
4195,3,-59,-122,-21.445,30.0,51.445,301,66.445,14.44,84.5,1218.0
4324,3,-57,-64,-11.25,30.0,41.25,314,68.73,14.468,79.9,1156.0
4452,3,-53,56,9.844,30.0,20.156,276,62.051,14.32,114.0,1642.0
4585,3,-81,80,14.063,30.0,15.938,236,55.02,14.26,131.0,1868.0
4715,3,-72,22,3.867,30.0,26.133,290,64.512,14.36,107.5,1540.0
4867,3,-59,-99,-17.402,30.0,47.402,302,66.621,14.44,84.4,1218.0
4989,3,-57,-68,-11.953,30.0,41.953,314,68.73,14.456,80.3,1134.0
5109,3,-71,38,6.68,30.0,23.32,294,65.215,14.328,113.6,1628.0
5232,3,-75,83,14.59,30.0,15.41,271,61.172,14.308,115.3,1648.0
5365,3,-73,16,2.813,30.0,27.187,285,63.633,14.332,113.0,1618.0
5495,3,-59,-75,-13.184,30.0,43.184,301,66.445,14.436,85.0,1226.0
5618,3,-57,-54,-9.492,30.0,39.492,311,68.203,14.456,79.7,1154.0
5761,3,-71,42,7.383,30.0,22.617,298,65.918,14.348,92.4,1336.0
5887,3,-72,66,11.602,30.0,18.398,294,65.215,14.316,114.6,1642.0
6047,3,-58,-27,-4.746,30.0,34.746,306,67.324,14.448,83.0,1200.0
6173,3,-57,-71,-12.48,30.0,42.48,311,68.203,14.468,78.2,1130.0
6297,3,-70,15,2.637,30.0,27.363,304,66.973,14.352,99.9,1436.0
6458,3,-71,66,11.602,30.0,18.398,299,66.094,14.328,111.8,1602.0
6581,3,-70,9,1.582,30.0,28.418,305,67.148,14.344,110.8,1590.0
6727,3,-57,-64,-11.25,30.0,41.25,312,68.379,14.46,79.8,1154.0
6885,3,-57,-19,-3.34,30.0,33.34,311,68.203,14.46,79.4,1146.0
7015,3,-70,58,10.195,30.0,19.805,304,66.973,14.34,108.7,1556.0
7157,3,-70,14,2.461,30.0,27.539,307,67.5,14.356,106.6,1530.0
7316,3,-57,-53,-9.316,30.0,39.316,311,68.203,14.46,77.7,1124.0
7449,3,-57,-32,-5.625,30.0,35.625,315,68.906,14.46,77.9,1124.0
7584,3,-69,44,7.734,30.0,22.266,308,67.676,14.368,103.9,1494.0
7727,3,-69,22,3.867,30.0,26.133,308,67.676,14.364,101.9,1464.0
7917,3,-57,-48,-8.438,30.0,38.438,313,68.555,14.46,78.5,1134.0
8048,3,-57,-27,-4.746,30.0,34.746,315,68.906,14.452,79.5,1150.0
8179,3,-69,32,5.625,30.0,24.375,310,68.027,14.36,101.8,1464.0
8301,3,-70,42,7.383,30.0,22.617,307,67.5,14.336,106.3,1524.0
8422,3,-57,-5,-0.879,30.0,30.879,313,68.555,14.456,79.4,1146.0
8558,3,-57,-44,-7.734,30.0,37.734,315,68.906,14.464,79.5,1150.0
8678,3,-57,-8,-1.406,30.0,31.406,313,68.555,14.46,79.6,1150.0
8812,3,-69,39,6.855,30.0,23.145,312,68.379,14.376,100.0,1436.0
8933,3,-69,20,3.516,30.0,26.484,310,68.027,14.36,102.7,1474.0
9087,3,-57,-39,-6.855,60.0,66.855,314,68.73,14.416,67.5,974.0
9244,3,-57,-12,-2.109,60.0,62.109,314,68.73,14.448,80.2,1160.0
9397,3,-58,30,5.273,60.0,54.727,306,67.324,14.444,83.6,1210.0
9521,3,-58,23,4.043,60.0,55.957,305,67.148,14.424,86.8,1252.0
9671,3,-57,-20,-3.516,60.0,63.516,311,68.203,14.448,79.0,1140.0
9808,3,-57,-25,-4.395,60.0,64.395,313,68.555,14.46,79.0,1144.0
9943,3,-58,9,1.582,60.0,58.418,310,68.027,14.452,82.1,1186.0
10076,3,-58,28,4.922,60.0,55.078,306,67.324,14.44,83.8,1210.0
10227,3,-58,-2,-0.352,60.0,60.352,307,67.5,14.436,82.0,1170.0
10353,3,-57,-23,-4.043,60.0,64.043,312,68.379,14.472,77.2,1118.0
10495,3,-57,-6,-1.055,60.0,61.055,312,68.379,14.456,79.8,1154.0
10622,3,-58,20,3.516,60.0,56.484,307,67.5,14.436,83.2,1200.0
10767,3,-58,13,2.285,60.0,57.715,307,67.5,14.436,82.2,1186.0
10889,3,-58,-10,-1.758,60.0,61.758,309,67.852,14.424,85.1,1228.0
11012,3,-57,-14,-2.461,60.0,62.461,311,68.203,14.452,80.2,1160.0
11164,3,-58,8,1.406,60.0,58.594,309,67.852,14.452,80.9,1170.0
11329,3,-58,13,2.285,60.0,57.715,308,67.676,14.452,80.7,1166.0
11452,3,-58,-2,-0.352,60.0,60.352,308,67.676,14.448,80.9,1170.0
11577,3,-58,-11,-1.934,60.0,61.934,310,68.027,14.456,81.3,1176.0
11701,3,-58,-3,-0.527,60.0,60.527,310,68.027,14.464,80.4,1164.0
11824,3,-58,9,1.582,60.0,58.418,309,67.852,14.412,87.1,1258.0
11953,3,-58,5,0.879,60.0,59.121,309,67.852,14.464,81.6,1180.0
12106,3,-58,-5,-0.879,60.0,60.879,309,67.852,14.456,81.0,1170.0
12233,3,-58,-4,-0.703,60.0,60.703,310,68.027,14.444,81.1,1170.0
12353,3,-58,4,0.703,60.0,59.297,310,68.027,14.448,80.1,1156.0
12482,3,-58,6,1.055,60.0,58.945,309,67.852,14.452,81.4,1176.0
12609,3,-58,-3,-0.527,60.0,60.527,309,67.852,14.46,81.2,1174.0
12774,3,-58,0,0.0,60.0,60.0,309,67.852,14.448,81.2,1144.0
12986,3,-58,5,0.879,60.0,59.121,309,67.852,14.456,80.8,1166.0
13116,3,-58,2,0.352,60.0,59.648,309,67.852,14.456,80.6,1164.0
13242,3,-58,-3,-0.527,60.0,60.527,309,67.852,14.396,89.1,1284.0
13370,3,-58,-1,-0.176,60.0,60.176,309,67.852,14.456,80.9,1170.0
13525,3,-58,4,0.703,60.0,59.297,309,67.852,14.452,81.6,1180.0
13653,3,-58,2,0.352,60.0,59.648,309,67.852,14.424,85.6,1236.0
13779,3,-58,-2,-0.352,60.0,60.352,309,67.852,14.448,81.6,1180.0
13898,3,-58,-1,-0.176,60.0,60.176,309,67.852,14.448,81.0,1170.0
14043,3,-58,3,0.527,60.0,59.473,309,67.852,14.448,81.4,1176.0
14165,3,-58,2,0.352,60.0,59.648,309,67.852,14.448,81.7,1180.0
14310,3,-58,-2,-0.352,60.0,60.352,309,67.852,14.456,79.6,1150.0
14445,3,-58,-1,-0.176,60.0,60.176,309,67.852,14.448,80.5,1164.0
14581,3,-58,2,0.352,60.0,59.648,309,67.852,14.452,80.3,1160.0
14723,3,-58,2,0.352,60.0,59.648,309,67.852,14.452,81.4,1176.0
14858,3,-58,-1,-0.176,60.0,60.176,309,67.852,14.456,80.1,1156.0
14978,3,-58,-1,-0.176,60.0,60.176,309,67.852,14.448,81.1,1174.0
15110,3,-58,2,0.352,90.0,89.648,309,67.852,14.452,80.6,1164.0
15272,3,-58,2,0.352,90.0,89.648,309,67.852,14.452,81.9,1182.0
15400,3,-58,0,0.0,90.0,90.0,309,67.852,14.448,80.9,1170.0
15521,3,-58,0,0.0,90.0,90.0,309,67.852,14.452,80.9,1170.0
15681,3,-58,1,0.176,90.0,89.824,309,67.852,14.456,80.9,1170.0
15810,3,-58,1,0.176,90.0,89.824,309,67.852,14.452,80.9,1170.0
15937,3,-58,0,0.0,90.0,90.0,309,67.852,14.452,78.8,1138.0
16102,3,-58,0,0.0,90.0,90.0,309,67.852,14.44,83.9,1212.0
16239,3,-58,1,0.176,90.0,89.824,309,67.852,14.456,82.0,1186.0
16362,3,-58,1,0.176,90.0,89.824,309,67.852,14.456,81.4,1176.0
16496,3,-58,1,0.176,90.0,89.824,309,67.852,14.452,81.9,1182.0
16630,3,-58,1,0.176,90.0,89.824,309,67.852,14.452,81.5,1176.0
16753,3,-58,1,0.176,90.0,89.824,309,67.852,14.448,79.3,1146.0
16896,3,-58,1,0.176,90.0,89.824,309,67.852,14.448,81.5,1180.0
17030,3,-58,1,0.176,90.0,89.824,309,67.852,14.428,84.9,1226.0
17164,3,-58,1,0.176,90.0,89.824,309,67.852,14.452,80.6,1166.0
17292,3,-58,1,0.176,90.0,89.824,309,67.852,14.46,80.1,1156.0
17457,3,-58,1,0.176,90.0,89.824,309,67.852,14.452,80.2,1160.0
17581,3,-58,1,0.176,90.0,89.824,309,67.852,14.452,81.4,1176.0
17722,3,-58,1,0.176,90.0,89.824,309,67.852,14.468,80.6,1166.0
17844,3,-58,1,0.176,90.0,89.824,309,67.852,14.448,82.4,1190.0
17980,3,-58,1,0.176,90.0,89.824,309,67.852,14.456,81.5,1180.0
18153,3,-58,1,0.176,90.0,89.824,309,67.852,14.464,81.1,1174.0
18290,3,-58,1,0.176,90.0,89.824,309,67.852,14.46,82.2,1190.0
18409,3,-58,1,0.176,90.0,89.824,309,67.852,14.452,81.3,1174.0
18536,3,-58,1,0.176,90.0,89.824,309,67.852,14.46,80.2,1160.0
18664,3,-58,1,0.176,90.0,89.824,309,67.852,14.46,81.9,1182.0
18830,3,-58,1,0.176,90.0,89.824,309,67.852,14.452,81.1,1174.0
18963,3,-58,1,0.176,90.0,89.824,309,67.852,14.456,81.8,1182.0
19097,3,-58,1,0.176,90.0,89.824,309,67.852,14.464,81.0,1170.0
19395,3,-58,1,0.176,90.0,89.824,309,67.852,14.46,84.1,1216.0
19557,3,-58,1,0.176,90.0,89.824,309,67.852,14.456,80.9,1170.0
19707,3,-58,1,0.176,90.0,89.824,309,67.852,14.448,82.7,1196.0
19849,3,-58,1,0.176,90.0,89.824,309,67.852,14.456,82.2,1190.0
19969,3,-58,1,0.176,90.0,89.824,309,67.852,14.456,80.6,1164.0
20107,3,-58,1,0.176,90.0,89.824,309,67.852,14.452,79.9,1154.0
20290,3,-58,1,0.176,90.0,89.824,309,67.852,14.456,80.6,1164.0
20424,3,-58,1,0.176,90.0,89.824,309,67.852,14.448,81.1,1174.0
20587,3,-58,1,0.176,90.0,89.824,309,67.852,14.448,81.9,1182.0
20741,3,-58,1,0.176,90.0,89.824,309,67.852,14.452,81.6,1180.0
20864,3,-58,1,0.176,90.0,89.824,309,67.852,14.452,80.8,1166.0
21011,3,-58,1,0.176,45.0,44.824,309,67.852,14.46,81.6,1180.0
21199,3,-58,1,0.176,45.0,44.824,309,67.852,14.452,80.2,1160.0
21362,3,-58,1,0.176,45.0,44.824,309,67.852,14.456,80.3,1160.0
21492,3,-58,1,0.176,45.0,44.824,309,67.852,14.46,82.6,1196.0
21638,3,-58,1,0.176,45.0,44.824,309,67.852,14.416,87.9,1200.0
21764,3,-58,1,0.176,45.0,44.824,309,67.852,14.456,80.3,1160.0
21888,3,-58,1,0.176,45.0,44.824,309,67.852,14.456,81.2,1174.0
22022,3,-58,1,0.176,45.0,44.824,309,67.852,14.464,81.4,1146.0
22146,3,-58,1,0.176,45.0,44.824,310,68.027,14.456,81.5,1180.0
22285,3,-58,1,0.176,45.0,44.824,310,68.027,14.452,81.1,1174.0
22415,3,-58,1,0.176,45.0,44.824,310,68.027,14.456,81.4,1176.0
22542,3,-58,1,0.176,45.0,44.824,310,68.027,14.46,81.7,1182.0
22662,3,-58,1,0.176,45.0,44.824,310,68.027,14.396,89.0,1284.0
22801,3,-58,1,0.176,45.0,44.824,310,68.027,14.456,79.4,1146.0
22947,3,-58,1,0.176,45.0,44.824,310,68.027,14.452,80.6,1164.0
23080,3,-58,1,0.176,45.0,44.824,310,68.027,14.452,81.9,1170.0
23218,3,-58,1,0.176,45.0,44.824,310,68.027,14.452,79.5,1150.0
23348,3,-58,1,0.176,45.0,44.824,310,68.027,14.456,81.3,1176.0
23501,3,-58,1,0.176,45.0,44.824,310,68.027,14.448,82.0,1028.0
23648,3,-58,1,0.176,45.0,44.824,310,68.027,14.456,82.2,1190.0
23772,3,-58,1,0.176,45.0,44.824,310,68.027,14.452,81.0,1170.0
23893,3,-58,1,0.176,45.0,44.824,310,68.027,14.448,81.0,1170.0
24022,3,-58,1,0.176,45.0,44.824,310,68.027,14.452,81.1,1174.0
24160,3,-58,1,0.176,45.0,44.824,310,68.027,14.448,83.9,1212.0
24293,3,-58,1,0.176,45.0,44.824,310,68.027,14.332,95.1,1370.0
24426,3,-58,1,0.176,45.0,44.824,310,68.027,14.452,80.8,1166.0
24560,3,-58,1,0.176,45.0,44.824,310,68.027,14.452,80.5,1164.0
24704,3,-58,1,0.176,45.0,44.824,310,68.027,14.456,81.7,1146.0
24833,3,-58,1,0.176,45.0,44.824,310,68.027,14.448,80.8,1166.0
24958,3,-58,1,0.176,45.0,44.824,310,68.027,14.448,82.3,1176.0
25089,3,-58,1,0.176,45.0,44.824,310,68.027,14.468,79.0,1144.0
25217,3,-58,1,0.176,45.0,44.824,310,68.027,14.464,82.0,1186.0
25342,3,-58,1,0.176,45.0,44.824,310,68.027,14.452,81.6,1180.0
25483,3,-58,1,0.176,45.0,44.824,310,68.027,14.456,82.6,1160.0
25609,3,-58,1,0.176,45.0,44.824,310,68.027,14.396,88.9,1282.0
25757,3,-58,1,0.176,45.0,44.824,310,68.027,14.46,81.1,1174.0
25888,3,-58,1,0.176,45.0,44.824,310,68.027,14.448,80.8,1166.0
26025,3,-58,1,0.176,45.0,44.824,310,68.027,14.456,80.8,1166.0
26157,3,-58,1,0.176,45.0,44.824,310,68.027,14.452,80.6,1164.0
26283,3,-58,1,0.176,45.0,44.824,310,68.027,14.428,82.2,1186.0
26446,3,-58,1,0.176,45.0,44.824,310,68.027,14.452,80.6,1164.0
26588,3,-58,1,0.176,45.0,44.824,310,68.027,14.46,82.2,1190.0
26733,3,-58,1,0.176,45.0,44.824,310,68.027,14.424,84.8,1226.0
26888,3,-58,1,0.176,45.0,44.824,310,68.027,14.452,81.4,1176.0
27019,3,70,-4,-0.703,-30.0,-29.297,305,67.148,14.308,115.1,1644.0
27176,3,52,-89,-15.645,-30.0,-14.355,185,46.055,14.472,74.6,1078.0
27317,3,68,-92,-16.172,-30.0,-13.828,-18,10.371,14.352,103.0,1478.0
27458,3,95,-67,-11.777,-30.0,-18.223,-313,-41.484,14.084,170.3,2398.0
27586,3,36,23,4.043,-30.0,-34.043,-688,-107.402,14.568,52.7,766.0
27738,3,22,178,31.289,-30.0,-61.289,-930,-149.941,14.62,37.6,550.0
27903,3,16,94,16.523,-30.0,-46.523,-1104,-180.527,14.656,29.2,430.0
28035,3,18,35,6.152,-30.0,-36.152,-1037,-168.75,14.64,31.6,462.0
28180,3,26,-44,-7.734,-30.0,-22.266,-939,-151.523,14.556,49.1,714.0
28317,3,29,30,5.273,-30.0,-35.273,-782,-123.926,14.592,47.8,698.0
28443,3,37,21,3.691,-30.0,-33.691,-668,-103.887,14.556,53.4,776.0
28576,3,43,-70,-12.305,-30.0,-17.695,-628,-96.855,14.48,68.9,1000.0
28701,3,52,-11,-1.934,-30.0,-28.066,-594,-90.879,14.468,75.7,1102.0
28877,3,39,19,3.34,-30.0,-33.34,-646,-100.02,14.556,54.4,792.0
29015,3,33,14,2.461,-30.0,-32.461,-718,-112.676,14.552,54.3,790.0
29149,3,30,27,4.746,-30.0,-34.746,-758,-119.707,14.58,46.3,676.0
29272,3,30,30,5.273,-30.0,-35.273,-768,-121.465,14.584,46.2,676.0
29415,3,30,6,1.055,-30.0,-31.055,-763,-120.586,14.588,46.9,684.0
29553,3,32,5,0.879,-30.0,-30.879,-737,-116.016,14.588,49.3,718.0
29672,3,34,12,2.109,-30.0,-32.109,-709,-111.094,14.568,50.9,740.0
29794,3,41,-7,-1.23,-30.0,-28.77,-700,-109.512,14.532,59.1,858.0
29933,3,41,-8,-1.406,-30.0,-28.594,-703,-110.039,14.54,59.3,862.0
30061,3,34,22,3.867,-30.0,-33.867,-705,-110.391,14.568,49.3,718.0
30203,3,33,18,3.164,-30.0,-33.164,-716,-112.324,14.576,50.4,734.0
30356,3,33,2,0.352,-30.0,-30.352,-722,-113.379,14.58,48.2,702.0
30488,3,33,10,1.758,-30.0,-31.758,-715,-112.148,14.58,48.5,708.0
30611,3,33,10,1.758,-30.0,-31.758,-714,-111.973,14.58,47.7,694.0
30743,3,33,7,1.23,-30.0,-31.23,-714,-111.973,14.572,47.6,694.0
30864,3,33,6,1.055,-30.0,-31.055,-714,-111.973,14.572,49.7,724.0
31003,3,33,9,1.582,-30.0,-31.582,-714,-111.973,14.576,49.6,724.0
31137,3,33,10,1.758,-30.0,-31.758,-714,-111.973,14.576,48.2,702.0
31272,3,33,8,1.406,-30.0,-31.406,-714,-111.973,14.572,50.1,730.0
31410,3,33,6,1.055,-30.0,-31.055,-714,-111.973,14.572,49.9,728.0
31553,3,33,9,1.582,-30.0,-31.582,-714,-111.973,14.572,49.7,724.0
31683,3,33,10,1.758,-30.0,-31.758,-714,-111.973,14.576,48.6,708.0
31868,3,33,8,1.406,-30.0,-31.406,-714,-111.973,14.5,53.0,770.0
32008,3,33,7,1.23,-30.0,-31.23,-714,-111.973,14.568,51.2,748.0
32137,3,33,9,1.582,-30.0,-31.582,-714,-111.973,14.576,49.0,714.0
32274,3,33,9,1.582,-30.0,-31.582,-714,-111.973,14.58,48.5,708.0
32406,3,33,8,1.406,-30.0,-31.406,-714,-111.973,14.576,48.3,704.0
32562,3,33,8,1.406,-30.0,-31.406,-714,-111.973,14.576,49.0,714.0
32714,3,33,8,1.406,-30.0,-31.406,-714,-111.973,14.572,48.9,712.0
32853,3,33,9,1.582,-30.0,-31.582,-714,-111.973,14.576,49.2,718.0
32993,3,33,8,1.406,-30.0,-31.406,-714,-111.973,14.576,49.5,720.0
33127,3,13,9,1.582,0.0,-1.582,-714,-111.973,14.668,28.5,420.0
33278,3,14,25,4.395,0.0,-4.395,-693,-108.281,14.664,28.3,416.0
33411,3,-1,12,2.109,0.0,-2.109,-667,-103.711,14.672,26.2,384.0
33565,3,7,6,1.055,0.0,-1.055,-619,-95.273,14.656,29.6,432.0
33704,3,12,10,1.758,0.0,-1.758,-565,-85.781,14.548,41.4,606.0
33849,3,4,3,0.527,0.0,-0.527,-526,-78.926,14.664,26.6,390.0
33974,3,4,3,0.527,0.0,-0.527,-482,-71.191,14.66,21.1,308.0
34097,3,6,4,0.703,0.0,-0.703,-443,-64.336,14.66,28.4,416.0
34216,3,0,0,0.0,0.0,0.0,-410,-58.535,14.664,25.1,368.0
34349,3,0,-2,-0.352,0.0,0.352,-384,-53.965,14.664,26.7,390.0
34470,3,0,0,0.0,0.0,0.0,-365,-50.625,14.668,25.4,374.0
34598,3,0,-2,-0.352,0.0,0.352,-357,-49.219,14.66,26.4,386.0
34718,3,0,0,0.0,0.0,0.0,-356,-49.043,14.672,27.1,396.0
34837,3,9,6,1.055,0.0,-1.055,-356,-49.043,14.604,36.6,538.0
34974,3,10,6,1.055,0.0,-1.055,-358,-49.395,14.672,26.8,394.0
35100,3,7,4,0.703,0.0,-0.703,-358,-49.395,14.668,27.3,400.0
35240,3,0,1,0.176,0.0,-0.176,-358,-49.395,14.672,27.2,400.0
35369,3,7,3,0.527,0.0,-0.527,-358,-49.395,14.628,34.0,498.0
35504,3,9,5,0.879,0.0,-0.879,-358,-49.395,14.664,28.3,396.0
35632,3,9,5,0.879,0.0,-0.879,-358,-49.395,14.672,25.9,380.0
35763,3,0,2,0.352,0.0,-0.352,-358,-49.395,14.66,27.1,396.0
35900,3,0,2,0.352,0.0,-0.352,-358,-49.395,14.66,28.1,412.0
36020,3,7,4,0.703,0.0,-0.703,-357,-49.219,14.584,35.6,522.0
36162,3,7,4,0.703,0.0,-0.703,-357,-49.219,14.612,35.1,514.0
36306,3,5,3,0.527,0.0,-0.527,-357,-49.219,14.656,27.0,396.0
36459,3,5,3,0.527,0.0,-0.527,-356,-49.043,14.668,24.3,358.0
36584,3,5,3,0.527,0.0,-0.527,-356,-49.043,14.652,26.8,394.0
36719,3,8,4,0.703,0.0,-0.703,-355,-48.867,14.676,29.0,426.0
36941,3,8,4,0.703,0.0,-0.703,-355,-48.867,14.652,28.0,410.0
37100,3,8,4,0.703,0.0,-0.703,-355,-48.867,14.66,28.5,420.0
37243,3,8,4,0.703,0.0,-0.703,-354,-48.691,14.664,26.7,390.0
37367,3,8,4,0.703,0.0,-0.703,-354,-48.691,14.664,28.4,416.0
37504,3,8,4,0.703,0.0,-0.703,-354,-48.691,14.668,27.4,404.0
37668,3,8,4,0.703,0.0,-0.703,-354,-48.691,14.664,25.9,380.0
37788,3,8,4,0.703,0.0,-0.703,-354,-48.691,14.672,27.5,404.0
37938,3,8,4,0.703,0.0,-0.703,-354,-48.691,14.664,27.3,400.0
