alpha_deg,cmd_sp,i_ma,mode,pwm,setpoint_deg,t_s,theta_deg,v_bus
121.992,20.0,26.6,2,-46,20.0,0.0,2.373,15.024
117.598,20.0,46.1,2,-19,20.0,0.0783,8.877,14.988
119.531,20.0,28.3,2,-12,20.0,0.1535,13.799,15.024
125.332,20.0,28.3,2,-11,20.0,0.2397,15.029,15.024
129.023,20.0,26.8,2,0,20.0,0.3114,18.369,15.024
125.508,20.0,26.6,2,18,20.0,0.3982,23.291,15.032
121.113,20.0,45.2,2,28,20.0,0.4651,27.334,14.988
121.992,20.0,45.2,2,29,20.0,0.5406,27.334,14.988
124.98,20.0,32.8,2,12,20.0,0.6134,25.4,15.008
125.684,20.0,27.7,2,29,20.0,0.6802,24.346,15.024
122.168,20.0,46.0,2,4,20.0,0.756,22.412,14.988
120.586,20.0,27.8,2,0,20.0,0.9006,21.006,15.024
120.41,20.0,27.3,2,0,20.0,0.9784,19.424,15.028
121.641,20.0,27.3,2,-6,20.0,1.0561,18.018,15.032
122.168,20.0,27.3,2,-29,20.0,1.1263,17.842,15.032
121.641,20.0,28.0,2,0,20.0,1.2091,19.072,15.024
123.75,20.0,27.1,2,0,20.0,1.2909,19.424,15.032
123.75,20.0,27.1,2,0,20.0,1.428,19.951,15.028
122.871,20.0,27.0,2,0,20.0,1.5237,20.479,15.028
121.992,20.0,27.2,2,0,20.0,1.5906,20.654,15.028
121.992,20.0,27.1,2,0,20.0,1.6803,20.654,15.028
122.344,20.0,27.1,2,0,20.0,1.7641,20.654,15.032
123.047,20.0,27.1,2,0,20.0,1.8399,20.654,15.028
123.223,20.0,27.1,2,0,20.0,1.9406,20.654,15.028
123.047,20.0,26.9,2,0,20.0,2.0264,20.654,15.024
122.52,20.0,25.4,2,0,20.0,2.0922,20.654,15.032
122.168,20.0,27.2,2,0,20.0,2.1829,20.654,15.032
122.168,20.0,26.9,2,0,20.0,2.2483,20.654,15.028
122.344,20.0,26.9,2,0,20.0,2.3487,20.654,15.028
123.047,20.0,26.7,2,0,20.0,2.4311,20.654,15.024
123.047,20.0,26.9,2,0,20.0,2.5367,20.654,15.024
122.871,20.0,27.0,2,0,20.0,2.6146,20.654,15.028
122.52,20.0,27.3,2,0,20.0,2.6844,20.654,15.028
122.168,20.0,27.3,2,0,20.0,2.7602,20.654,15.028
122.168,20.0,26.8,2,0,20.0,2.8297,20.654,15.028
122.344,20.0,27.1,2,0,20.0,2.9125,20.654,15.028
122.871,20.0,27.2,2,0,20.0,2.9913,20.654,15.028
123.047,20.0,27.2,2,0,20.0,3.067,20.654,15.028
123.047,20.0,26.9,2,0,20.0,3.1358,20.654,15.024
122.695,20.0,27.1,2,0,20.0,3.2121,20.654,15.028
122.168,20.0,27.3,2,0,20.0,3.3202,20.654,15.024
122.168,20.0,26.9,2,0,20.0,3.4254,20.654,15.028
122.52,20.0,27.3,2,0,20.0,3.4903,20.654,15.028
140.625,-20.0,47.6,2,26,-20.0,0.0,2.021,14.98
142.734,-20.0,31.3,2,15,-20.0,0.1058,-12.217,15.02
142.734,-20.0,46.9,2,14,-20.0,0.2315,-13.096,14.996
144.844,-20.0,36.1,2,-26,-20.0,0.3293,-22.236,15.008
166.641,-20.0,90.9,2,-33,-20.0,0.4086,-34.014,14.888
164.18,-20.0,32.6,2,6,-20.0,0.5911,-23.291,15.008
163.828,-20.0,27.1,2,26,-20.0,0.6651,-15.029,15.024
167.695,-20.0,49.6,2,32,-20.0,0.7499,-11.338,14.98
174.375,-20.0,50.3,2,36,-20.0,0.8188,-8.877,14.98
174.023,-20.0,50.3,2,38,-20.0,0.9175,-7.646,14.98
167.871,-20.0,60.8,2,33,-20.0,0.9884,-8.174,14.96
163.652,-20.0,49.7,2,24,-20.0,1.0946,-10.635,14.98
162.422,-20.0,33.9,2,11,-20.0,1.1682,-14.15,15.008
164.18,-20.0,27.0,2,0,-20.0,1.2386,-19.424,15.024
165.059,-20.0,27.4,2,-4,-20.0,1.3553,-21.533,15.028
164.355,-20.0,26.8,2,0,-20.0,1.4431,-21.006,15.028
164.355,-20.0,27.2,2,0,-20.0,1.5329,-20.127,15.04
164.355,-20.0,27.9,2,13,-20.0,1.6176,-16.787,15.04
164.355,-20.0,33.2,2,18,-20.0,1.8316,-14.326,15.028
164.355,-20.0,33.2,2,29,-20.0,1.9139,-13.975,15.028
164.355,-20.0,46.9,2,29,-20.0,2.0021,-14.678,14.996
164.18,-20.0,47.6,2,29,-20.0,2.0904,-15.205,14.992
164.18,-20.0,45.1,2,9,-20.0,2.1892,-16.084,14.992
164.18,-20.0,27.2,2,6,-20.0,2.2583,-17.139,15.04
164.18,-20.0,27.3,2,2,-20.0,2.354,-18.545,15.04
164.18,-20.0,26.9,2,5,-20.0,2.4518,-18.369,15.04
164.18,-20.0,26.9,2,29,-20.0,2.5221,-17.842,15.04
164.004,-20.0,46.6,2,6,-20.0,2.6074,-17.842,15.012
164.004,-20.0,46.9,2,29,-20.0,2.7071,-17.666,15.004
164.004,-20.0,46.4,2,29,-20.0,2.7799,-17.842,15.0
164.004,-20.0,43.5,2,6,-20.0,2.8597,-18.018,15.004
164.004,-20.0,27.4,2,6,-20.0,2.9565,-18.018,15.04
164.004,-20.0,26.8,2,6,-20.0,3.0731,-18.018,15.044
164.004,-20.0,26.8,2,29,-20.0,3.2173,-17.842,15.044
164.004,-20.0,28.1,2,29,-20.0,3.2935,-17.842,15.04
164.004,-20.0,46.9,2,7,-20.0,3.3733,-18.018,15.0
164.004,-20.0,46.6,2,7,-20.0,3.4541,-18.018,15.0
164.004,0.0,27.1,2,-44,0.0,0.0,-16.611,15.04
164.004,0.0,59.8,2,-23,0.0,0.0818,-10.459,14.972
164.004,0.0,38.1,2,-18,0.0,0.1731,-8.174,15.016
168.75,0.0,31.1,2,-14,0.0,0.2438,-6.416,15.02
170.859,0.0,31.1,2,-4,0.0,0.3086,-3.604,15.02
167.344,0.0,27.2,2,18,0.0,0.3745,2.549,15.028
164.004,0.0,39.4,2,27,0.0,0.4583,6.768,14.996
164.883,0.0,46.5,2,29,0.0,0.5285,7.471,14.984
168.926,0.0,28.6,2,29,0.0,0.6015,5.889,15.024
168.75,0.0,28.6,2,29,0.0,0.6893,5.186,15.024
166.641,0.0,46.6,2,29,0.0,0.7781,4.482,14.984
164.18,0.0,28.1,2,6,0.0,0.8493,3.252,15.028
162.949,0.0,26.7,2,1,0.0,0.9241,1.67,15.028
163.477,0.0,26.7,2,0,0.0,0.998,0.088,15.028
164.883,0.0,26.6,2,-5,0.0,1.0698,-1.494,15.028
165.41,0.0,27.3,2,-4,0.0,1.1485,-1.846,15.028
165.059,0.0,26.8,2,0,0.0,1.2194,-1.143,15.024
165.059,0.0,26.8,2,0,0.0,1.2892,-0.791,15.024
165.586,0.0,27.7,2,0,0.0,1.3859,-0.264,15.024
165.937,0.0,26.2,2,0,0.0,1.4507,-0.088,15.028
165.937,0.0,22.7,2,0,0.0,1.5211,0.264,15.02
165.41,0.0,27.3,2,0,0.0,1.6079,0.791,15.028
165.234,0.0,27.3,2,3,0.0,1.6876,0.967,15.028
165.234,0.0,27.4,2,3,0.0,1.7501,0.967,15.028
165.234,0.0,27.3,2,3,0.0,1.8214,0.967,15.02
165.41,0.0,27.3,2,3,0.0,1.8983,1.143,15.02
165.586,0.0,27.0,2,3,0.0,1.9646,1.143,15.028
165.41,0.0,25.0,2,4,0.0,2.0398,1.318,15.028
165.41,0.0,26.9,2,4,0.0,2.116,1.318,15.028
165.41,0.0,27.5,2,4,0.0,2.2032,1.494,15.024
165.41,0.0,27.0,2,4,0.0,2.294,1.494,15.024
165.234,0.0,23.6,2,5,0.0,2.4097,1.494,15.012
165.234,0.0,27.3,2,5,0.0,2.5452,1.494,15.024
165.234,0.0,26.7,2,5,0.0,2.6217,1.494,15.024
165.586,0.0,27.4,2,6,0.0,2.7031,1.67,15.024
165.586,0.0,27.4,2,5,0.0,2.8054,1.67,15.024
165.41,0.0,27.1,2,5,0.0,2.8752,1.67,15.024
165.234,0.0,28.0,2,5,0.0,2.967,1.67,15.02
165.234,0.0,27.6,2,6,0.0,3.0578,1.67,15.024
165.41,0.0,27.1,2,6,0.0,3.1665,1.67,15.028
165.41,0.0,27.6,2,6,0.0,3.2333,1.67,15.024
165.234,0.0,27.2,2,6,0.0,3.3311,1.846,15.028
165.762,0.0,26.9,2,6,0.0,3.4024,1.846,15.036
165.586,0.0,26.9,2,7,0.0,3.4872,1.846,15.036
