sp,attempt,t,pend_deg,mode,pwm,v_bus
58,1,0.044,-19.34,5,57,14.756
58,1,0.282,46.41,5,-57,14.876
58,1,0.521,-49.22,5,-20,15.008
58,1,0.774,63.98,5,-57,14.868
58,1,1.011,-54.14,5,57,14.744
58,1,1.236,-47.64,5,-56,14.888
58,1,1.479,113.38,5,57,14.744
58,1,1.750,-108.81,5,-53,15.016
58,1,1.989,-77.87,5,-51,14.944
58,1,2.293,139.75,5,57,14.720
58,1,2.522,-43.07,5,57,14.780
58,1,2.747,-169.10,4,22,15.008
58,1,2.973,-220.96,4,20,15.016
58,1,3.225,-81.21,5,-39,15.008
58,1,3.465,-59.77,5,-43,15.000
58,1,3.725,163.83,4,-24,15.012
58,1,3.958,-13.36,4,-24,15.012
58,1,4.196,-91.41,4,-66,14.712
58,1,4.430,40.25,4,6,15.012
58,1,4.655,-18.11,4,66,14.640
58,1,4.889,51.85,4,50,15.008
58,1,5.133,53.79,4,42,14.920
58,1,5.372,-4.39,4,20,15.012
58,1,5.628,26.72,4,58,14.744
58,1,5.908,28.83,4,21,15.008
58,1,6.141,45.53,4,42,14.916
58,1,6.417,13.36,4,44,14.912
58,1,6.645,22.50,4,44,14.912
58,1,6.868,27.60,4,42,14.924
58,1,7.104,29.88,4,41,14.936
58,1,7.357,22.85,4,41,14.932
58,1,7.623,28.83,4,41,14.936
58,1,7.847,22.50,4,41,14.932
58,1,8.095,28.65,4,41,14.936
58,1,8.382,23.73,4,41,14.928
58,1,8.610,27.77,4,41,14.932
58,1,8.843,24.96,4,41,14.932
58,1,9.070,24.96,4,41,14.928
58,1,9.300,27.77,4,41,14.932
58,1,9.526,23.03,4,41,14.932
58,1,9.768,27.77,4,41,14.932
58,1,10.043,23.55,4,41,14.932
58,1,10.280,26.54,4,41,14.936
58,1,10.511,26.02,4,41,14.932
58,1,10.789,25.14,4,41,14.936
58,1,11.012,27.42,4,41,14.932
58,1,11.248,23.55,4,41,14.932
58,1,11.477,27.60,4,41,14.932
58,1,11.815,23.55,4,41,14.932
58,1,12.049,27.42,4,41,14.932
58,1,12.324,23.91,4,41,14.932
58,1,12.550,26.19,4,41,14.932
58,1,12.798,25.84,4,41,14.936
58,1,13.034,24.61,4,41,14.932
58,1,13.281,27.42,4,41,14.932
58,1,13.503,23.91,4,41,14.932
58,1,13.735,26.72,4,41,14.932
58,1,13.957,25.31,4,41,14.932
58,1,14.189,24.96,4,41,14.924
58,1,14.473,26.54,4,41,14.936
58,1,14.714,24.43,4,41,14.936
58,1,14.990,26.89,4,41,14.932
58,1,15.220,24.43,4,41,14.936
58,1,15.470,26.72,4,41,14.932
58,1,15.839,24.43,4,41,14.928
58,1,16.077,26.72,4,41,14.932
58,1,16.307,24.79,4,41,14.928
58,1,16.533,26.02,4,41,14.932
58,1,16.775,25.84,4,41,14.936
58,1,17.014,24.96,4,41,14.932
58,1,17.237,26.54,4,41,14.936
58,1,17.464,24.96,4,41,14.924
58,1,17.691,26.02,4,41,14.932
58,1,17.922,25.66,4,41,14.936
58,1,18.162,25.14,4,41,14.936
58,1,18.396,26.37,4,41,14.936
58,1,18.663,25.14,4,41,14.936
58,1,18.898,26.19,4,41,14.928
58,1,19.125,25.31,4,41,14.928
58,1,19.351,25.66,4,41,14.932
58,1,19.574,26.02,4,41,14.936
58,1,19.803,25.31,4,41,14.932
58,1,20.035,26.02,4,41,14.932
58,1,20.268,25.49,4,41,14.932
58,1,20.513,25.66,4,41,14.928
58,1,20.743,25.84,4,41,14.936
58,1,20.980,25.49,4,41,14.928
58,1,21.223,25.84,4,41,14.936
58,1,21.445,25.66,4,41,14.932
58,1,21.670,25.66,4,41,14.932
58,1,21.900,25.66,4,41,14.936
58,1,22.153,25.66,4,41,14.932
58,1,22.379,25.66,4,41,14.928
58,1,22.621,25.66,4,41,14.932
58,1,22.849,25.66,4,41,14.936
58,1,23.077,25.66,4,41,14.932
58,1,23.410,25.66,4,41,14.932
58,1,23.688,25.66,4,41,14.932
58,1,23.951,25.66,4,41,14.932
58,1,24.176,25.66,4,41,14.932
58,1,24.510,25.66,4,41,14.932
58,1,24.743,25.66,4,41,14.932
58,1,24.973,25.66,4,41,14.932
58,1,25.204,25.66,4,41,14.932
58,1,25.437,25.66,4,41,14.932
58,1,25.665,25.66,4,41,14.932
58,1,25.890,25.66,4,41,14.932
58,1,26.139,25.66,4,41,14.932
58,1,26.411,25.66,4,41,14.932
58,1,26.639,25.66,4,41,14.936
58,1,26.887,25.66,4,41,14.932
58,1,27.190,25.66,4,41,14.912
58,1,27.430,25.66,4,41,14.932
58,1,27.655,25.66,4,41,14.936
58,1,27.905,25.66,4,41,14.932
58,1,28.146,25.66,4,41,14.932
58,1,28.388,25.66,4,41,14.932
58,1,28.655,25.66,4,41,14.932
58,1,28.887,25.66,4,41,14.936
58,1,29.146,25.66,4,41,14.932
58,1,29.386,25.66,4,41,14.932
58,1,29.620,25.66,4,41,14.932
58,1,29.848,25.66,4,41,14.936
58,2,0.086,-27.25,5,-55,14.868
58,2,0.394,33.05,5,-56,14.756
58,2,0.631,18.63,5,57,14.896
58,2,0.858,-24.96,5,52,14.788
58,2,1.104,-8.26,5,16,15.012
58,2,1.336,24.26,5,56,14.788
58,2,1.562,-37.62,5,-57,14.880
58,2,1.794,72.95,5,48,14.812
58,2,2.050,-98.09,5,19,14.760
58,2,2.288,66.09,5,51,14.940
58,2,2.516,38.50,5,56,14.776
58,2,2.759,-113.73,5,-56,14.896
58,2,3.024,95.80,5,50,14.796
58,2,3.255,50.45,5,48,14.856
58,2,3.493,-137.28,5,-57,14.836
58,2,3.735,58.36,5,-57,14.872
58,2,3.978,135.88,4,-24,15.008
58,2,4.202,-92.11,4,-24,15.008
58,2,4.434,-104.59,4,-62,14.796
58,2,4.668,107.75,4,-36,15.012
58,2,4.907,5.98,4,-17,15.008
58,2,5.142,-101.43,4,-48,14.968
58,2,5.411,94.39,4,-37,15.008
58,2,5.634,-57.30,4,-50,14.944
58,2,5.866,-13.54,4,-44,15.004
58,2,6.109,37.44,4,-16,15.008
58,2,6.335,-59.94,4,-47,14.960
58,2,6.578,53.97,4,-37,15.004
58,2,6.806,-55.02,4,-48,14.964
58,2,7.028,46.05,4,-16,15.012
58,2,7.261,-43.77,4,-46,15.008
58,2,7.508,36.03,4,-16,15.008
58,2,7.734,-34.98,4,-46,14.984
58,2,7.992,21.27,4,-17,15.012
58,2,8.245,-7.56,4,-43,15.000
58,2,8.471,-8.96,4,-18,15.008
58,2,8.696,11.25,4,-40,14.996
58,2,8.931,-16.88,4,-44,14.988
58,2,9.156,8.79,4,-17,15.008
58,2,9.393,-3.69,4,-42,15.000
58,2,9.704,-5.62,4,-42,14.996
58,2,10.002,-3.69,4,-42,14.992
58,2,10.231,-1.05,4,-41,14.992
58,2,10.520,-2.29,4,-41,15.000
58,2,10.761,-0.70,4,-41,15.004
58,2,10.988,-2.81,4,-41,15.008
58,2,11.208,-1.05,4,-41,14.996
58,2,11.441,-1.93,4,-41,15.000
58,2,11.665,-2.29,4,-41,14.988
58,2,11.916,-1.05,4,-41,14.992
58,2,12.145,-2.64,4,-41,15.000
58,2,12.381,-1.23,4,-41,15.000
58,2,12.635,-2.29,4,-41,15.000
58,2,12.864,-1.76,4,-41,14.996
58,2,13.097,-1.41,4,-41,14.996
58,2,13.338,-2.29,4,-41,14.996
58,2,13.567,-1.23,4,-41,15.000
58,2,13.810,-2.11,4,-41,15.004
58,2,14.105,-1.41,4,-41,15.004
58,2,14.332,-1.93,4,-41,14.996
58,2,14.630,-1.58,4,-41,15.000
58,2,14.926,-1.93,4,-41,15.000
58,2,15.159,-1.76,4,-41,15.000
58,2,15.414,-1.58,4,-41,15.000
58,2,15.645,-1.93,4,-41,15.000
58,2,15.874,-1.58,4,-41,14.996
58,2,16.100,-1.93,4,-41,14.996
58,2,16.340,-1.76,4,-41,14.996
58,2,16.573,-1.76,4,-41,14.996
58,2,16.836,-1.76,4,-41,14.996
58,2,17.072,-1.76,4,-41,14.996
58,2,17.301,-1.76,4,-41,14.996
58,2,17.578,-1.76,4,-41,14.996
58,2,17.810,-1.76,4,-41,14.992
58,2,18.049,-1.76,4,-41,14.996
58,2,18.326,-1.76,4,-41,14.996
58,2,18.557,-1.76,4,-41,14.996
58,2,18.791,-1.76,4,-41,14.996
58,2,19.024,-1.76,4,-41,14.996
58,2,19.268,-1.76,4,-41,14.996
58,2,19.490,-1.76,4,-41,14.996
58,2,19.736,-1.76,4,-41,14.996
58,2,19.975,-1.76,4,-41,14.988
58,2,20.211,-1.76,4,-41,14.996
58,2,20.447,-1.76,4,-41,14.996
58,2,20.690,-1.76,4,-41,14.992
58,2,20.970,-1.76,4,-41,15.000
58,2,21.212,-1.76,4,-41,14.996
58,2,21.494,-1.76,4,-41,14.996
58,2,21.734,-1.76,4,-41,14.996
58,2,21.977,-1.76,4,-41,15.000
58,2,22.251,-1.76,4,-41,14.996
58,2,22.479,-1.76,4,-41,14.996
58,2,22.708,-1.76,4,-41,14.992
58,2,22.940,-1.76,4,-41,14.996
58,2,23.174,-1.76,4,-41,14.996
58,2,23.395,-1.76,4,-41,14.996
58,2,23.625,-1.76,4,-41,14.996
58,2,23.847,-1.76,4,-41,14.996
58,2,24.090,-1.76,4,-41,15.000
58,2,24.322,-1.76,4,-41,14.996
58,2,24.549,-1.76,4,-41,14.996
58,2,24.776,-1.76,4,-41,14.988
58,2,25.001,-1.76,4,-41,14.996
58,2,25.269,-1.76,4,-41,14.996
58,2,25.500,-1.76,4,-41,14.996
58,2,25.745,-1.76,4,-41,14.996
58,2,25.976,-1.76,4,-41,14.996
58,2,26.245,-1.76,4,-41,14.996
58,2,26.472,-1.76,4,-41,15.000
58,2,26.699,-1.76,4,-41,14.996
58,2,26.956,-1.76,4,-41,14.996
58,2,27.184,-1.76,4,-41,14.996
58,2,27.414,-1.76,4,-41,14.996
58,2,27.638,-1.76,4,-41,14.988
58,2,27.878,-1.76,4,-41,14.992
58,2,28.106,-1.76,4,-41,15.000
58,2,28.339,-1.76,4,-41,14.996
58,2,28.571,-1.76,4,-41,14.992
58,2,28.808,-1.76,4,-41,14.996
58,2,29.034,-1.76,4,-41,14.996
58,2,29.265,-1.76,4,-41,14.996
58,2,29.493,-1.76,4,-41,14.996
58,2,29.738,-1.76,4,-41,14.996
58,2,29.984,-1.76,4,-41,14.988
58,3,0.033,0.88,5,-57,14.864
58,3,0.305,-17.75,5,-55,14.884
58,3,0.543,37.62,5,57,14.720
58,3,0.784,-37.79,5,-53,14.924
58,3,1.016,65.74,5,57,14.728
58,3,1.248,-94.57,5,-55,14.908
58,3,1.476,50.80,5,-57,14.880
58,3,1.715,84.02,5,57,14.732
58,3,1.949,-120.23,5,-51,15.000
58,3,2.206,50.80,5,-57,14.888
58,3,2.431,118.83,5,57,14.720
58,3,2.662,-100.72,5,-5,15.016
58,3,2.886,-139.40,4,21,15.012
58,3,3.217,136.76,4,-29,15.008
58,3,3.455,61.17,4,58,14.712
58,3,3.680,-134.30,4,34,14.996
58,3,3.907,-44.47,4,15,15.000
58,3,4.145,125.86,4,44,14.892
58,3,4.380,-56.78,4,32,14.996
58,3,4.614,9.67,4,21,15.008
58,3,4.848,15.82,4,54,14.788
58,3,5.073,-74.00,4,39,14.956
58,3,5.299,86.84,4,39,14.960
58,3,5.524,-5.45,4,32,14.996
58,3,5.764,1.76,4,19,15.012
58,3,5.993,-20.04,4,49,14.824
58,3,6.215,-3.52,4,19,15.016
58,3,6.510,-13.89,4,35,14.992
58,3,6.740,34.63,4,18,15.004
58,3,6.992,-42.01,4,16,14.972
58,3,7.216,41.84,4,19,15.016
58,3,7.449,-39.55,4,35,14.992
58,3,7.685,44.65,4,17,15.016
58,3,7.942,-38.15,4,13,15.008
58,3,8.174,40.43,4,41,14.932
58,3,8.428,-39.90,4,15,15.012
58,3,8.657,40.78,4,42,14.928
58,3,8.881,-39.02,4,14,15.012
58,3,9.107,43.42,4,40,14.948
58,3,9.349,-34.28,4,14,15.016
58,3,9.571,37.62,4,39,14.960
58,3,9.800,-31.46,4,14,15.008
58,3,10.027,33.40,4,40,14.952
58,3,10.275,-21.97,4,15,15.016
58,3,10.504,21.27,4,39,14.964
58,3,10.733,-14.41,4,15,15.016
58,3,10.992,-5.45,4,35,14.996
58,3,11.306,32.70,4,39,14.960
58,3,11.564,-24.26,4,14,15.012
58,3,11.787,20.21,4,38,14.968
58,3,12.024,-8.79,4,15,15.016
58,3,12.255,1.58,4,36,14.984
58,3,12.483,11.07,4,15,15.012
58,3,12.705,-12.30,4,35,14.992
58,3,12.944,23.73,4,38,14.972
58,3,13.175,-22.68,4,14,15.012
58,3,13.431,20.92,4,38,14.968
58,3,13.665,-7.91,4,15,15.016
58,3,13.905,-0.35,4,36,14.980
58,3,14.131,15.29,4,16,15.016
58,3,14.359,-17.58,4,14,15.016
58,3,14.597,21.45,4,38,14.964
58,3,14.822,-12.30,4,14,15.008
58,3,15.052,6.15,4,36,14.980
58,3,15.285,7.38,4,36,15.016
58,3,15.556,-9.49,4,15,15.012
58,3,15.778,3.69,4,36,14.980
58,3,16.015,2.99,4,36,14.980
58,3,16.247,0.00,4,35,14.984
58,3,16.479,0.18,4,35,14.984
58,3,16.707,0.18,4,35,14.988
58,3,16.975,0.18,4,35,14.988
58,3,17.201,0.18,4,35,14.988
58,3,17.421,0.18,4,35,14.992
58,3,17.655,0.18,4,35,14.988
58,3,17.886,0.18,4,35,14.984
58,3,18.124,0.18,4,35,14.988
58,3,18.347,0.18,4,35,14.988
58,3,18.571,0.18,4,35,14.988
58,3,18.797,0.18,4,35,14.988
58,3,19.061,0.18,4,35,14.988
58,3,19.288,0.18,4,35,14.988
58,3,19.602,0.18,4,35,14.988
58,3,19.855,0.18,4,35,14.988
58,3,20.136,0.18,4,35,14.988
58,3,20.362,0.18,4,35,14.992
58,3,20.591,0.18,4,35,14.988
58,3,20.833,0.18,4,35,14.992
58,3,21.062,0.18,4,35,14.984
58,3,21.295,0.18,4,35,14.992
58,3,21.521,0.18,4,35,14.988
58,3,21.756,0.18,4,35,14.992
58,3,21.978,0.18,4,35,14.992
58,3,22.211,0.18,4,35,14.992
58,3,22.459,0.18,4,35,14.988
58,3,22.688,0.18,4,35,14.988
58,3,22.985,0.18,4,35,14.992
58,3,23.206,0.18,4,35,14.984
58,3,23.433,0.18,4,35,14.988
58,3,23.660,0.18,4,35,14.992
58,3,23.895,0.18,4,35,14.988
58,3,24.159,0.18,4,35,14.988
58,3,24.391,0.18,4,35,14.984
58,3,24.626,0.18,4,35,14.988
58,3,24.854,0.18,4,35,14.984
58,3,25.084,0.18,4,35,14.988
58,3,25.313,0.18,4,35,14.988
58,3,25.541,0.18,4,35,14.984
58,3,25.767,0.18,4,35,14.984
58,3,25.999,0.18,4,35,14.984
58,3,26.224,0.18,4,35,14.984
58,3,26.456,0.18,4,35,14.984
58,3,26.687,0.18,4,35,14.988
58,3,26.924,0.18,4,35,14.984
58,3,27.147,0.18,4,35,14.988
58,3,27.388,0.18,4,35,14.984
58,3,27.619,0.18,4,35,14.988
58,3,27.852,0.18,4,35,14.988
58,3,28.105,0.18,4,35,14.988
58,3,28.359,0.18,4,35,14.984
58,3,28.605,0.18,4,35,14.988
58,3,28.836,0.18,4,35,14.972
58,3,29.063,0.18,4,35,14.988
58,3,29.293,0.18,4,35,14.988
58,3,29.534,0.18,4,35,14.988
58,3,29.756,0.18,4,35,14.984
58,3,29.979,0.18,4,35,14.984
58,4,0.028,-11.60,5,-50,14.748
58,4,0.269,19.86,5,-56,14.892
58,4,0.536,-40.43,5,-53,15.016
58,4,0.759,50.80,5,56,14.896
58,4,0.996,-46.23,5,56,14.764
58,4,1.254,-27.95,5,-57,14.888
58,4,1.482,78.93,5,54,14.768
58,4,1.712,-109.51,5,20,15.012
58,4,1.938,-30.94,5,-56,14.912
58,4,2.165,130.96,5,53,14.768
58,4,2.401,-58.53,5,56,14.772
58,4,2.630,-136.58,5,-57,14.852
58,4,2.856,80.68,5,57,14.860
58,4,3.077,142.56,4,-23,15.012
58,4,3.346,-108.11,4,-22,15.016
58,4,3.571,-110.39,4,-52,14.940
58,4,3.859,94.22,4,-34,15.008
58,4,4.163,-85.61,4,-53,14.912
58,4,4.386,71.54,4,-40,15.012
58,4,4.612,-29.36,4,-20,14.980
58,4,4.848,-29.00,4,-44,14.996
58,4,5.126,-6.86,4,-18,15.016
58,4,5.396,20.04,4,-42,15.008
58,4,5.624,-13.71,4,-20,15.008
58,4,5.870,19.51,4,-41,15.008
58,4,6.106,-24.96,4,-19,15.012
58,4,6.332,20.04,4,-40,15.008
58,4,6.575,-28.48,4,-46,14.988
58,4,6.801,23.73,4,-17,15.012
58,4,7.048,-19.51,4,-45,14.988
58,4,7.273,6.86,4,-18,15.016
58,4,7.500,-1.41,4,-42,15.008
58,4,7.740,-11.78,4,-44,14.996
58,4,8.062,-2.99,4,-43,14.996
58,4,8.302,3.16,4,-18,15.016
58,4,8.528,-2.99,4,-42,14.996
58,4,8.788,-2.81,4,-42,15.000
58,4,9.028,-1.58,4,-42,15.004
58,4,9.296,-1.93,4,-42,15.004
58,4,9.528,-1.76,4,-42,15.000
58,4,9.755,-1.58,4,-42,15.004
58,4,9.976,-1.93,4,-42,15.004
58,4,10.226,-1.76,4,-42,14.988
58,4,10.453,-1.76,4,-42,15.000
58,4,10.676,-1.76,4,-42,14.996
58,4,10.899,-1.76,4,-42,15.000
58,4,11.134,-1.76,4,-42,15.000
58,4,11.363,-1.76,4,-42,15.000
58,4,11.594,-1.76,4,-42,15.004
58,4,11.852,-1.76,4,-42,15.000
58,4,12.083,-1.76,4,-42,15.000
58,4,12.304,-1.76,4,-42,15.004
58,4,12.539,-1.76,4,-42,15.004
58,4,12.775,-1.76,4,-42,15.000
58,4,13.088,-1.76,4,-42,15.000
58,4,13.328,-1.76,4,-42,15.000
58,4,13.552,-1.76,4,-42,15.000
58,4,13.794,-1.76,4,-42,15.004
58,4,14.029,-1.76,4,-42,15.000
58,4,14.268,-1.76,4,-42,15.000
58,4,14.509,-1.76,4,-42,15.000
58,4,14.744,-1.76,4,-42,15.000
58,4,14.973,-1.76,4,-42,15.000
58,4,15.205,-1.76,4,-42,15.004
58,4,15.428,-1.76,4,-42,15.004
58,4,15.651,-1.76,4,-42,15.000
58,4,15.888,-1.76,4,-42,15.000
58,4,16.123,-1.76,4,-42,15.004
58,4,16.344,-1.76,4,-42,15.000
58,4,16.570,-1.76,4,-42,15.004
58,4,16.798,-1.76,4,-42,15.000
58,4,17.032,-1.76,4,-42,15.000
58,4,17.263,-1.76,4,-42,15.004
58,4,17.543,-1.76,4,-42,15.000
58,4,17.774,-1.76,4,-42,15.000
58,4,18.098,-1.76,4,-42,15.000
58,4,18.325,-1.76,4,-42,15.000
58,4,18.607,-1.76,4,-42,15.000
58,4,18.840,-1.76,4,-42,15.000
58,4,19.068,-1.76,4,-42,15.000
58,4,19.297,-1.76,4,-42,15.000
58,4,19.533,-1.76,4,-42,15.004
58,4,19.783,-1.76,4,-42,15.000
58,4,20.058,-1.76,4,-42,15.000
58,4,20.293,-1.76,4,-42,15.000
58,4,20.526,-1.76,4,-42,15.000
58,4,20.755,-1.76,4,-42,15.004
58,4,20.990,-1.76,4,-42,14.996
58,4,21.295,-1.76,4,-42,14.992
58,4,21.532,-1.76,4,-42,15.000
58,4,21.759,-1.76,4,-42,15.000
58,4,21.994,-1.76,4,-42,15.000
58,4,22.230,-1.76,4,-42,15.000
58,4,22.457,-1.76,4,-42,15.000
58,4,22.709,-1.76,4,-42,14.996
58,4,22.936,-1.76,4,-42,15.000
58,4,23.161,-1.76,4,-42,15.000
58,4,23.388,-1.76,4,-42,15.000
58,4,23.623,-1.76,4,-42,15.004
58,4,23.846,-1.76,4,-42,14.980
58,4,24.071,-1.76,4,-42,14.996
58,4,24.324,-1.76,4,-42,14.996
58,4,24.556,-1.76,4,-42,15.000
58,4,24.788,-1.76,4,-42,15.000
58,4,25.016,-1.76,4,-42,15.000
58,4,25.255,-1.76,4,-42,15.000
58,4,25.566,-1.76,4,-42,14.996
58,4,25.792,-1.76,4,-42,15.000
58,4,26.017,-1.76,4,-42,15.000
58,4,26.308,-1.76,4,-42,14.996
58,4,26.539,-1.76,4,-42,15.000
58,4,26.784,-1.76,4,-42,15.000
58,4,27.033,-1.76,4,-42,15.000
58,4,27.269,-1.76,4,-42,15.000
58,4,27.499,-1.76,4,-42,15.000
58,4,27.728,-1.76,4,-42,15.000
58,4,27.953,-1.76,4,-42,15.000
58,4,28.226,-1.76,4,-42,15.000
58,4,28.464,-1.76,4,-42,14.996
58,4,28.688,-1.76,4,-42,14.996
58,4,28.919,-1.76,4,-42,14.996
58,4,29.152,-1.76,4,-42,14.996
58,4,29.387,-1.76,4,-42,14.992
58,4,29.635,-1.76,4,-42,14.996
58,4,29.878,-1.76,4,-42,14.996
58,5,0.030,9.49,5,-57,14.876
58,5,0.280,-45.53,5,-57,14.752
58,5,0.504,62.40,5,57,14.872
58,5,0.729,-53.26,5,2,15.016
58,5,0.981,0.00,5,-55,14.928
58,5,1.220,57.83,5,57,14.748
58,5,1.449,-116.89,5,-1,15.008
58,5,1.680,58.89,5,-57,14.888
58,5,1.904,110.57,5,-15,14.736
58,5,2.223,-142.91,5,-47,14.980
58,5,2.483,-44.82,5,-50,14.968
58,5,2.709,144.84,5,57,14.724
58,5,2.967,8.26,5,57,14.804
58,5,3.190,-142.38,5,-47,14.976
58,5,3.424,-1.05,5,-50,14.988
58,5,3.650,140.10,5,57,14.716
58,5,3.876,-40.25,5,-14,15.012
58,5,4.099,-146.95,5,-51,14.940
58,5,4.333,14.24,5,-57,14.924
58,5,4.564,145.37,5,26,14.792
58,5,4.822,22.50,5,-29,14.804
58,5,5.065,-118.12,5,-40,15.004
58,5,5.291,90.35,5,-42,15.000
58,5,5.520,79.10,5,-41,14.992
58,5,5.743,-106.17,5,-36,15.012
58,5,6.013,80.33,5,-21,14.940
58,5,6.240,32.87,5,24,14.772
58,5,6.536,-101.60,5,-52,14.932
58,5,6.775,113.38,5,56,14.888
58,5,7.020,-52.73,5,-54,15.012
58,5,7.244,-118.83,5,-47,14.972
58,5,7.540,131.13,5,-54,14.912
58,5,7.786,6.86,5,-1,15.016
58,5,8.020,-110.92,5,-50,14.956
58,5,8.259,99.84,5,-57,14.880
58,5,8.490,62.93,5,56,14.768
58,5,8.721,-140.45,5,-50,14.944
58,5,8.949,-89.12,5,-45,14.988
58,5,9.203,141.85,5,56,14.888
58,5,9.436,59.06,5,57,14.756
58,5,9.686,-129.73,5,-48,14.972
58,5,9.919,38.67,5,-56,14.916
58,5,10.165,120.59,5,57,14.724
58,5,10.395,-110.39,5,-38,15.012
58,5,10.624,-184.75,4,22,15.008
58,5,10.870,-350.33,4,21,15.016
58,5,11.094,-62.93,5,-49,14.964
58,5,11.325,110.04,5,-57,14.912
58,5,11.639,227.81,4,-24,15.012
58,5,11.879,5.45,4,65,14.616
58,5,12.122,-52.91,4,42,14.952
58,5,12.360,211.64,4,32,14.992
58,5,12.598,132.89,4,40,14.936
58,5,12.829,-50.80,4,39,14.952
58,5,13.062,124.98,4,49,14.804
58,5,13.293,159.26,4,45,14.880
58,5,13.521,39.90,4,15,15.012
58,5,13.748,101.78,4,50,14.816
58,5,13.980,52.73,4,40,14.960
58,5,14.223,108.81,4,36,14.976
58,5,14.461,91.76,4,36,14.968
58,5,14.720,81.21,4,38,14.956
58,5,14.946,79.28,4,36,14.976
58,5,15.220,86.66,4,35,14.984
58,5,15.453,86.31,4,34,14.980
58,5,15.675,86.13,4,34,14.984
58,5,15.940,86.13,4,34,14.988
58,5,16.166,85.96,4,34,14.968
58,5,16.399,85.96,4,34,14.984
58,5,16.637,85.96,4,34,14.984
58,5,16.878,85.96,4,34,14.988
58,5,17.108,85.96,4,34,14.984
58,5,17.338,85.78,4,34,14.984
58,5,17.580,85.78,4,34,14.988
58,5,17.815,85.78,4,34,14.980
58,5,18.043,85.78,4,34,14.988
58,5,18.269,85.78,4,34,14.988
58,5,18.511,85.78,4,34,14.984
58,5,18.770,85.78,4,34,14.984
58,5,19.034,85.78,4,34,14.984
58,5,19.271,85.78,4,34,14.988
58,5,19.517,85.78,4,34,14.988
58,5,19.747,85.78,4,34,14.988
58,5,19.988,85.61,4,34,14.988
58,5,20.215,85.61,4,34,14.988
58,5,20.553,85.61,4,34,14.988
58,5,20.797,85.61,4,34,14.988
58,5,21.035,85.61,4,34,14.988
58,5,21.259,85.61,4,34,14.992
58,5,21.495,85.61,4,34,14.988
58,5,21.730,85.61,4,34,14.988
58,5,21.987,85.61,4,34,14.988
58,5,22.215,85.61,4,34,14.988
58,5,22.446,85.61,4,34,14.988
58,5,22.676,85.43,4,34,14.984
58,5,22.907,85.43,4,34,14.984
58,5,23.154,85.43,4,34,14.984
58,5,23.381,85.43,4,34,14.988
58,5,23.606,85.43,4,34,14.988
58,5,23.844,85.43,4,34,14.988
58,5,24.131,85.43,4,34,14.988
58,5,24.353,85.43,4,34,14.984
58,5,24.577,85.43,4,34,14.984
58,5,24.808,85.43,4,34,14.988
58,5,25.059,85.43,4,34,14.988
58,5,25.290,85.43,4,34,14.968
58,5,25.522,85.43,4,34,14.988
58,5,25.759,85.43,4,34,14.984
58,5,25.987,85.43,4,34,14.988
58,5,26.215,85.43,4,34,14.988
58,5,26.485,85.43,4,34,14.984
58,5,26.721,85.43,4,34,14.980
58,5,26.949,85.43,4,34,14.988
58,5,27.202,85.43,4,34,14.984
58,5,27.444,85.43,4,34,14.984
58,5,27.680,85.43,4,34,14.984
58,5,27.925,85.43,4,34,14.988
58,5,28.238,85.43,4,34,14.984
58,5,28.470,85.43,4,34,14.984
58,5,28.700,85.43,4,34,14.988
58,5,28.945,85.43,4,34,14.988
58,5,29.169,85.43,4,34,14.984
58,5,29.403,85.25,4,34,14.988
58,5,29.627,85.25,4,34,14.984
58,5,29.851,85.25,4,34,14.984
58,6,0.025,7.91,5,57,14.872
58,6,0.357,-40.43,5,-57,14.860
58,6,0.590,64.86,5,57,14.740
58,6,0.840,-86.13,5,2,15.012
58,6,1.071,70.49,5,-57,14.864
58,6,1.308,43.77,5,57,14.740
58,6,1.538,-124.45,5,29,14.892
58,6,1.759,69.78,5,-57,14.872
58,6,1.995,115.66,5,57,14.704
58,6,2.226,-115.84,5,14,15.008
58,6,2.450,-198.46,4,23,15.008
58,6,2.693,-397.79,4,22,15.008
58,6,2.925,55.72,5,53,15.012
58,6,3.166,31.82,5,44,14.904
58,6,3.393,32.87,5,46,14.864
58,6,3.631,71.72,5,55,14.788
58,6,3.857,28.48,5,-54,14.924
58,6,4.088,128.50,5,54,14.748
58,6,4.329,-44.65,5,57,14.732
58,6,4.636,155.92,5,12,15.004
58,6,4.857,61.17,4,-23,15.008
58,6,5.091,-30.06,4,-68,14.684
58,6,5.331,163.83,4,-49,14.964
58,6,5.556,40.25,4,-19,15.008
58,6,5.794,-49.75,4,-42,14.996
58,6,6.028,127.44,4,-38,15.004
58,6,6.252,19.34,4,0,15.016
58,6,6.476,89.82,4,-56,14.872
58,6,6.716,72.77,4,-51,14.920
58,6,6.942,4.04,4,-46,14.980
58,6,7.166,64.51,4,-38,15.004
58,6,7.396,46.05,4,-46,14.980
58,6,7.620,66.44,4,-47,14.964
58,6,7.911,70.31,4,-44,14.988
58,6,8.141,35.68,4,-19,15.004
58,6,8.369,66.80,4,-41,15.000
58,6,8.639,49.40,4,-19,15.012
58,6,8.871,58.18,4,-44,14.988
58,6,9.097,54.49,4,-43,14.988
58,6,9.356,50.98,4,-42,14.996
58,6,9.587,56.25,4,-43,14.992
58,6,9.829,54.14,4,-43,14.992
58,6,10.059,53.97,4,-43,14.996
58,6,10.287,54.67,4,-43,14.996
58,6,10.512,53.97,4,-43,14.996
58,6,10.739,54.49,4,-43,14.996
58,6,10.971,54.32,4,-43,14.992
58,6,11.196,54.14,4,-43,14.992
58,6,11.425,54.49,4,-43,14.992
58,6,11.651,54.14,4,-43,14.996
58,6,11.882,54.32,4,-43,14.992
58,6,12.109,54.32,4,-43,14.992
58,6,12.333,54.14,4,-43,14.996
58,6,12.624,54.32,4,-43,14.988
58,6,12.845,54.32,4,-43,14.992
58,6,13.082,54.32,4,-43,14.992
58,6,13.314,54.32,4,-43,14.992
58,6,13.644,54.32,4,-43,14.992
58,6,13.899,54.32,4,-43,14.988
58,6,14.143,54.32,4,-43,14.992
58,6,14.366,54.32,4,-43,14.992
58,6,14.594,54.32,4,-43,14.992
58,6,14.823,54.32,4,-43,14.992
58,6,15.053,54.32,4,-43,14.992
58,6,15.283,54.32,4,-43,14.992
58,6,15.508,54.32,4,-43,14.992
58,6,15.735,54.32,4,-43,14.992
58,6,15.961,54.32,4,-43,14.992
58,6,16.193,54.32,4,-43,14.992
58,6,16.421,54.32,4,-43,14.988
58,6,16.709,54.32,4,-43,14.988
58,6,16.941,54.32,4,-43,14.988
58,6,17.166,54.32,4,-43,14.992
58,6,17.430,54.32,4,-43,14.992
58,6,17.657,54.32,4,-43,14.988
58,6,17.887,54.32,4,-43,14.988
58,6,18.115,54.32,4,-43,14.988
58,6,18.468,54.32,4,-43,14.988
58,6,18.715,54.32,4,-43,14.988
58,6,18.946,54.32,4,-43,14.988
58,6,19.169,54.32,4,-43,14.992
58,6,19.410,54.32,4,-43,14.984
58,6,19.632,54.32,4,-43,14.988
58,6,19.867,54.32,4,-43,14.988
58,6,20.099,54.32,4,-43,14.988
58,6,20.340,54.32,4,-43,14.988
58,6,20.573,54.32,4,-43,14.992
58,6,20.803,54.32,4,-43,14.988
58,6,21.039,54.32,4,-43,14.988
58,6,21.329,54.32,4,-43,14.976
58,6,21.559,54.32,4,-43,14.984
58,6,21.784,54.32,4,-43,14.996
58,6,22.006,54.32,4,-43,14.992
58,6,22.237,54.32,4,-43,14.992
58,6,22.489,54.32,4,-43,14.992
58,6,22.720,54.32,4,-43,14.992
58,6,22.965,54.32,4,-43,14.992
58,6,23.190,54.32,4,-43,14.992
58,6,23.417,54.32,4,-43,14.996
58,6,23.642,54.32,4,-43,14.992
58,6,23.866,54.32,4,-43,14.996
58,6,24.092,54.32,4,-43,14.992
58,6,24.316,54.32,4,-43,14.992
58,6,24.548,54.32,4,-43,14.992
58,6,24.784,54.32,4,-43,14.988
58,6,25.011,54.32,4,-43,14.992
58,6,25.258,54.32,4,-43,14.996
58,6,25.490,54.32,4,-43,14.972
58,6,25.729,54.32,4,-43,14.996
58,6,25.963,54.32,4,-43,14.992
58,6,26.252,54.32,4,-43,14.992
58,6,26.478,54.32,4,-43,14.996
58,6,26.715,54.32,4,-43,14.992
58,6,26.952,54.32,4,-43,14.996
58,6,27.174,54.32,4,-43,14.992
58,6,27.403,54.32,4,-43,14.996
58,6,27.633,54.32,4,-43,14.996
58,6,27.856,54.32,4,-43,14.996
58,6,28.078,54.32,4,-43,14.996
58,6,28.302,54.32,4,-43,14.996
58,6,28.530,54.32,4,-43,14.996
58,6,28.759,54.32,4,-43,14.996
58,6,28.990,54.32,4,-43,14.996
58,6,29.216,54.32,4,-43,14.992
58,6,29.518,54.32,4,-43,14.992
58,6,29.742,54.32,4,-43,14.996
58,6,29.992,54.32,4,-43,14.996
58,7,0.029,-1.05,5,-58,14.728
58,7,0.253,-18.46,5,-55,14.888
58,7,0.488,44.47,5,57,14.732
58,7,0.716,-45.88,5,-52,14.936
58,7,0.947,67.68,5,-57,14.920
58,7,1.177,-88.77,5,55,14.748
58,7,1.464,81.74,5,-57,14.864
58,7,1.715,44.12,5,57,14.756
58,7,1.949,-107.93,5,-50,14.944
58,7,2.176,90.53,5,-57,14.872
58,7,2.403,71.19,5,-57,14.740
58,7,2.636,-135.35,5,-52,15.008
58,7,2.857,-74.53,5,-50,14.952
58,7,3.089,140.10,5,-57,14.876
58,7,3.399,-17.40,5,32,14.892
58,7,3.631,-132.89,5,-45,14.980
58,7,3.864,67.15,5,-52,14.944
58,7,4.104,117.95,5,46,14.904
58,7,4.332,-110.57,5,-50,14.952
58,7,4.554,-52.03,5,-55,14.908
58,7,4.785,122.87,5,55,15.008
58,7,5.017,-32.52,5,13,15.012
58,7,5.242,-110.39,5,-42,14.996
58,7,5.467,102.13,5,-48,14.964
58,7,5.758,-15.64,5,-47,14.956
58,7,5.980,-94.39,5,-53,14.928
58,7,6.206,66.97,5,23,14.916
58,7,6.453,-58.89,5,-44,14.984
58,7,6.685,52.38,5,-40,15.000
58,7,6.951,-31.29,5,-31,15.008
58,7,7.180,22.15,5,-37,15.008
58,7,7.480,-32.87,5,-40,15.004
58,7,7.718,29.71,5,-52,14.944
58,7,7.946,-16.70,5,53,14.764
58,7,8.177,-36.56,5,-56,14.896
58,7,8.403,75.94,5,56,14.744
58,7,8.632,-98.61,5,-14,15.000
58,7,8.862,29.00,5,-55,14.920
58,7,9.099,96.15,5,57,14.724
58,7,9.325,-100.37,5,-48,14.968
58,7,9.553,9.14,5,-55,14.940
58,7,9.776,107.93,5,57,14.720
58,7,10.009,-104.24,5,-19,15.008
58,7,10.237,-123.05,5,-50,14.940
58,7,10.463,106.70,5,57,14.868
58,7,10.777,84.38,5,57,14.748
58,7,11.016,-125.33,5,-45,14.964
58,7,11.249,-7.03,5,-42,15.008
58,7,11.603,59.06,5,-50,14.944
58,7,11.838,-111.97,5,-52,14.948
58,7,12.061,61.17,5,-46,15.000
58,7,12.286,-32.52,5,-50,14.920
58,7,12.514,-4.92,5,-39,15.012
58,7,12.738,60.82,5,-37,15.008
58,7,12.966,-54.32,5,-30,15.012
58,7,13.200,61.35,5,-40,15.004
58,7,13.436,-47.81,5,-39,15.008
58,7,13.666,41.31,5,-41,14.932
58,7,13.904,-39.90,5,-21,15.012
58,7,14.131,13.54,5,57,14.900
58,7,14.367,29.88,5,57,14.760
58,7,14.645,-81.74,5,-51,14.932
58,7,14.872,111.27,5,-56,14.884
58,7,15.094,-20.92,5,-52,15.008
58,7,15.335,-84.02,5,-49,14.960
58,7,15.572,111.80,5,57,14.868
58,7,15.845,-68.73,5,-54,14.804
58,7,16.080,-133.94,5,-50,14.932
58,7,16.346,113.03,5,-57,14.868
58,7,16.577,116.19,5,-57,14.732
58,7,16.812,-115.84,5,-49,14.956
58,7,17.045,-141.15,4,19,15.012
58,7,17.271,76.64,4,22,15.012
58,7,17.496,127.09,4,63,14.644
58,7,17.718,-83.50,4,41,14.948
58,7,17.940,-114.96,4,31,15.000
58,7,18.168,92.64,4,45,14.884
58,7,18.393,66.97,4,43,14.916
58,7,18.670,-100.37,4,31,15.004
58,7,18.897,89.82,4,41,14.916
58,7,19.153,-25.66,4,32,15.008
58,7,19.397,1.23,4,19,15.012
58,7,19.634,4.75,4,52,14.804
58,7,19.898,-41.31,4,17,15.012
58,7,20.135,67.15,4,39,14.960
58,7,20.365,4.57,4,37,14.964
58,7,20.603,-4.75,4,19,15.012
58,7,20.836,-5.45,4,20,15.008
58,7,21.057,-4.22,4,19,15.012
58,7,21.288,-3.16,4,17,15.012
58,7,21.517,2.99,4,36,14.980
58,7,21.744,4.75,4,34,14.992
58,7,21.981,4.39,4,34,14.988
58,7,22.217,4.39,4,34,14.992
58,7,22.452,4.39,4,34,14.988
58,7,22.682,4.39,4,34,14.988
58,7,22.920,4.39,4,34,14.992
58,7,23.161,4.39,4,34,14.992
58,7,23.395,4.39,4,34,14.992
58,7,23.617,4.39,4,34,14.992
58,7,23.840,4.39,4,34,14.992
58,7,24.092,4.39,4,34,14.992
58,7,24.317,4.39,4,34,14.992
58,7,24.537,4.39,4,34,14.992
58,7,24.771,4.39,4,34,14.992
58,7,25.003,4.39,4,34,14.992
58,7,25.256,4.39,4,34,14.992
58,7,25.504,4.39,4,34,14.996
58,7,25.750,4.39,4,34,14.996
58,7,25.977,4.39,4,34,14.988
58,7,26.217,4.39,4,34,14.988
58,7,26.443,4.39,4,34,14.992
58,7,26.674,4.39,4,34,14.988
58,7,26.957,4.39,4,34,14.988
58,7,27.184,4.39,4,34,14.988
58,7,27.405,4.39,4,34,14.992
58,7,27.649,4.39,4,34,14.992
58,7,27.878,4.39,4,34,14.988
58,7,28.110,4.39,4,34,14.988
58,7,28.341,4.39,4,34,14.980
58,7,28.573,4.39,4,34,14.988
58,7,28.811,4.22,4,34,14.980
58,7,29.036,4.22,4,34,14.976
58,7,29.261,4.22,4,34,14.984
58,7,29.488,4.22,4,34,14.984
58,7,29.729,4.22,4,34,14.984
58,7,29.959,4.04,4,34,14.988
58,8,0.050,-17.40,5,-36,14.744
58,8,0.351,48.87,5,-57,15.012
58,8,0.613,-51.50,5,-52,14.932
58,8,0.849,74.36,5,57,14.732
58,8,1.070,-79.98,5,57,14.724
58,8,1.325,18.81,5,-57,14.892
58,8,1.582,84.90,5,56,14.740
58,8,1.828,-131.13,5,17,15.012
58,8,2.066,-53.26,5,-52,14.940
58,8,2.300,144.67,5,57,14.884
58,8,2.526,34.63,5,56,14.772
58,8,2.748,-153.98,4,23,15.012
58,8,2.994,-30.23,4,22,15.012
58,8,3.230,115.31,4,67,14.572
58,8,3.456,-95.27,4,62,14.668
58,8,3.683,-188.61,4,58,14.728
58,8,3.933,-18.63,5,-48,14.968
58,8,4.160,-78.75,5,-57,14.888
58,8,4.410,63.46,5,36,14.976
58,8,4.636,-79.81,5,43,14.912
58,8,4.861,40.43,5,43,14.916
58,8,5.165,-52.73,5,-55,14.968
58,8,5.478,78.75,5,-57,14.880
58,8,5.707,2.11,5,56,14.772
58,8,5.937,-111.44,5,-57,14.856
58,8,6.190,113.91,5,-42,14.996
58,8,6.420,95.45,5,54,14.772
58,8,6.645,-135.18,5,5,15.012
58,8,6.891,-165.59,4,21,15.004
58,8,7.117,-95.98,4,59,14.696
58,8,7.350,132.36,4,-43,14.980
58,8,7.571,89.30,4,65,14.632
58,8,7.800,-38.85,4,60,14.716
58,8,8.029,36.39,4,-43,15.004
58,8,8.258,-46.93,4,58,14.752
58,8,8.489,36.74,4,-43,15.004
58,8,8.740,-49.57,4,58,14.720
58,8,8.967,28.48,4,-43,15.008
58,8,9.204,-27.07,4,61,14.728
58,8,9.445,13.01,4,-42,15.008
58,8,9.797,-46.93,4,-13,15.020
58,8,10.029,59.41,4,61,14.720
58,8,10.273,-68.73,4,65,14.648
58,8,10.511,47.11,4,-63,14.804
58,8,10.736,79.81,4,-50,14.960
58,8,10.961,-108.98,4,-46,14.988
58,8,11.195,16.00,4,-39,15.004
58,8,11.424,20.39,4,22,15.016
58,8,11.661,-49.22,4,-39,14.996
58,8,11.895,69.96,4,61,14.692
58,8,12.124,-20.74,4,58,14.724
58,8,12.349,-26.72,4,-13,15.016
58,8,12.602,32.87,4,62,14.700
58,8,12.831,-15.12,4,-1,15.020
58,8,13.058,-4.57,4,62,14.696
58,8,13.306,27.60,4,66,15.004
58,8,13.532,-43.59,4,-1,15.020
58,8,13.793,44.47,4,69,14.580
58,8,14.024,-66.27,4,59,14.692
58,8,14.249,69.78,4,-42,15.000
58,8,14.480,-0.70,4,-17,15.020
58,8,14.738,-0.88,4,-43,14.984
58,8,14.974,-5.10,4,-43,15.000
58,8,15.201,1.05,4,66,14.656
58,8,15.425,2.81,4,60,14.708
58,8,15.669,10.72,4,58,14.732
58,8,15.903,-0.35,4,-13,15.020
58,8,16.145,0.53,4,62,14.676
58,8,16.441,3.69,4,58,14.732
58,8,16.670,5.98,4,58,14.720
58,8,16.903,-0.88,4,-10,14.996
58,8,17.135,-2.64,4,-6,15.020
58,8,17.371,3.87,4,58,14.732
58,8,17.650,-1.58,4,0,15.012
58,8,17.887,-1.58,4,-6,15.016
58,8,18.126,-1.93,4,0,15.020
58,8,18.367,8.44,4,58,14.724
58,8,18.684,-1.93,4,-3,15.020
58,8,18.911,0.00,4,-2,15.016
58,8,19.144,6.33,4,58,14.724
58,8,19.368,-0.35,4,0,14.732
58,8,19.604,-0.35,4,-3,15.012
58,8,19.830,-1.41,4,0,15.016
58,8,20.051,6.68,4,58,14.724
58,8,20.280,-0.53,4,0,15.016
58,8,20.523,-1.58,4,0,15.012
58,8,20.752,6.33,4,58,14.724
58,8,20.973,-1.23,4,0,15.020
58,8,21.223,1.05,4,59,14.700
58,8,21.445,1.76,4,58,14.728
58,8,21.676,3.34,4,58,14.724
58,8,21.903,-1.58,4,0,15.020
58,8,22.127,0.35,4,58,14.732
58,8,22.381,5.27,4,58,14.728
58,8,22.622,0.00,4,58,14.728
58,8,22.850,-1.05,4,0,15.016
58,8,23.077,4.92,4,58,14.728
58,8,23.306,-0.70,4,0,15.020
58,8,23.532,-2.81,4,0,15.020
58,8,23.777,5.10,4,58,14.724
58,8,24.029,-0.70,4,0,15.024
58,8,24.263,0.18,4,58,14.732
58,8,24.487,4.92,4,58,14.724
58,8,24.743,-0.88,4,0,15.016
58,8,25.033,0.53,4,58,14.732
58,8,25.264,4.92,4,58,14.728
58,8,25.498,0.00,4,58,14.732
58,8,25.724,0.18,4,58,14.776
58,8,25.957,4.57,4,58,14.728
58,8,26.207,-0.35,4,0,15.016
58,8,26.440,-0.35,4,0,14.732
58,8,26.677,4.22,4,58,14.724
58,8,26.921,-0.53,4,0,14.996
58,8,27.155,0.53,4,58,14.724
58,8,27.407,3.16,4,58,14.724
58,8,27.655,0.00,4,58,14.748
58,8,27.907,2.46,4,58,14.724
58,8,28.135,1.23,4,58,14.720
58,8,28.373,-0.70,4,0,15.020
58,8,28.622,3.69,4,58,14.728
58,8,28.865,-0.35,4,0,15.016
58,8,29.112,1.41,4,58,14.724
58,8,29.366,1.76,4,58,14.720
58,8,29.608,-0.18,4,58,14.732
58,8,29.844,3.16,4,58,14.728
58,9,0.025,-16.00,5,57,14.760
58,9,0.258,33.22,5,-56,14.896
58,9,0.493,-10.90,5,44,14.896
58,9,0.724,28.48,5,2,15.020
58,9,0.953,-57.30,5,53,14.796
58,9,1.209,46.93,5,47,14.832
58,9,1.443,-52.91,5,-55,14.944
58,9,1.684,68.73,5,31,15.000
58,9,1.929,-72.25,5,54,14.792
58,9,2.160,18.81,5,6,15.020
58,9,2.412,53.97,5,55,14.808
58,9,2.658,-113.56,5,-55,15.004
58,9,2.881,70.31,5,0,15.020
58,9,3.190,34.45,5,50,14.852
58,9,3.421,-136.41,5,-57,14.856
58,9,3.646,58.89,5,-57,14.900
58,9,3.871,135.35,5,14,14.780
58,9,4.102,-83.14,5,57,14.760
58,9,4.354,-132.36,4,23,15.016
58,9,4.577,66.27,4,24,15.012
58,9,4.807,81.74,4,8,15.016
58,9,5.037,-119.00,4,42,14.928
58,9,5.280,15.64,4,-51,14.972
58,9,5.508,108.46,4,-38,15.012
58,9,5.744,-102.66,4,-44,14.992
58,9,6.051,55.37,4,-34,15.012
58,9,6.275,14.94,4,-18,15.012
58,9,6.506,-47.28,4,-54,14.924
58,9,6.739,70.14,4,-41,15.004
58,9,6.966,-69.78,4,-48,14.972
58,9,7.195,44.82,4,-35,15.016
58,9,7.421,-41.13,4,-19,15.012
58,9,7.663,32.87,4,-39,15.008
58,9,7.896,-33.93,4,-20,15.016
58,9,8.145,33.22,4,-17,15.016
58,9,8.378,-33.93,4,-45,14.996
58,9,8.609,24.43,4,-16,15.012
58,9,8.836,-22.50,4,-44,15.000
58,9,9.070,10.37,4,-17,15.016
58,9,9.309,2.64,4,-41,15.016
58,9,9.546,-12.30,4,-43,15.000
58,9,9.769,7.38,4,-17,15.012
58,9,10.019,-4.92,4,-42,15.004
58,9,10.275,-4.92,4,-42,15.004
58,9,10.555,-2.11,4,-42,15.004
58,9,10.783,-1.23,4,-41,15.008
58,9,11.030,-2.11,4,-41,15.012
58,9,11.273,-1.23,4,-41,15.008
58,9,11.513,-1.93,4,-41,15.004
58,9,11.741,-1.58,4,-41,15.008
58,9,11.974,-1.58,4,-41,15.012
58,9,12.200,-1.93,4,-41,15.008
58,9,12.423,-1.41,4,-41,15.012
58,9,12.651,-1.76,4,-41,15.004
58,9,12.910,-1.58,4,-41,15.000
58,9,13.139,-1.58,4,-41,15.012
58,9,13.370,-1.76,4,-41,15.008
58,9,13.602,-1.58,4,-41,15.008
58,9,13.842,-1.76,4,-41,15.004
58,9,14.071,-1.58,4,-41,15.000
58,9,14.319,-1.58,4,-41,15.008
58,9,14.541,-1.58,4,-41,15.008
58,9,14.763,-1.58,4,-41,15.008
58,9,15.022,-1.58,4,-41,15.004
58,9,15.257,-1.58,4,-41,15.008
58,9,15.565,-1.58,4,-41,15.008
58,9,15.791,-1.58,4,-41,15.008
58,9,16.019,-1.58,4,-41,15.008
58,9,16.252,-1.58,4,-41,15.004
58,9,16.483,-1.58,4,-41,15.012
58,9,16.736,-1.58,4,-41,15.000
58,9,16.971,-1.58,4,-41,15.008
58,9,17.207,-1.58,4,-41,15.008
58,9,17.433,-1.58,4,-41,15.004
58,9,17.669,-1.58,4,-41,15.008
58,9,17.889,-1.58,4,-41,15.008
58,9,18.132,-1.58,4,-41,15.004
58,9,18.361,-1.58,4,-41,15.008
58,9,18.589,-1.58,4,-41,15.012
58,9,18.814,-1.58,4,-41,15.008
58,9,19.038,-1.58,4,-41,15.012
58,9,19.260,-1.58,4,-41,15.008
58,9,19.499,-1.58,4,-41,14.996
58,9,19.793,-1.58,4,-41,15.008
58,9,20.018,-1.58,4,-41,15.008
58,9,20.244,-1.58,4,-41,15.008
58,9,20.475,-1.58,4,-41,15.004
58,9,20.718,-1.58,4,-41,15.008
58,9,20.950,-1.58,4,-41,15.008
58,9,21.177,-1.58,4,-41,15.008
58,9,21.403,-1.58,4,-41,15.008
58,9,21.626,-1.58,4,-41,15.012
58,9,21.850,-1.58,4,-41,15.000
58,9,22.072,-1.58,4,-41,15.008
58,9,22.311,-1.58,4,-41,15.008
58,9,22.539,-1.58,4,-41,15.008
58,9,22.792,-1.58,4,-41,15.008
58,9,23.026,-1.58,4,-41,15.008
58,9,23.249,-1.58,4,-41,15.008
58,9,23.476,-1.58,4,-41,15.004
58,9,23.704,-1.58,4,-41,15.004
58,9,23.925,-1.58,4,-41,15.004
58,9,24.160,-1.58,4,-41,15.004
58,9,24.415,-1.58,4,-41,15.004
58,9,24.643,-1.58,4,-41,15.004
58,9,24.874,-1.58,4,-41,15.008
58,9,25.102,-1.58,4,-41,15.008
58,9,25.341,-1.58,4,-41,14.996
58,9,25.567,-1.58,4,-41,15.008
58,9,25.800,-1.58,4,-41,15.008
58,9,26.032,-1.58,4,-41,15.004
58,9,26.259,-1.58,4,-41,15.004
58,9,26.509,-1.58,4,-41,15.008
58,9,26.750,-1.58,4,-41,15.004
58,9,27.041,-1.58,4,-41,15.000
58,9,27.267,-1.58,4,-41,15.000
58,9,27.551,-1.58,4,-41,14.996
58,9,27.854,-1.58,4,-41,15.004
58,9,28.078,-1.58,4,-41,15.004
58,9,28.309,-1.58,4,-41,15.004
58,9,28.533,-1.58,4,-41,15.008
58,9,28.779,-1.58,4,-41,15.008
58,9,29.089,-1.58,4,-41,15.004
58,9,29.311,-1.58,4,-41,15.004
58,9,29.535,-1.58,4,-41,15.004
58,9,29.763,-1.58,4,-41,15.004
58,9,29.994,-1.58,4,-41,15.008
58,10,0.026,3.34,5,57,14.964
58,10,0.262,-31.99,5,-55,14.916
58,10,0.487,55.72,5,-56,14.900
58,10,0.715,-50.62,5,-51,14.992
58,10,0.942,59.59,5,-57,14.876
58,10,1.167,-53.61,5,-57,14.760
58,10,1.395,-44.47,5,-55,14.924
58,10,1.648,104.59,5,57,14.744
58,10,1.887,-98.44,5,-31,15.016
58,10,2.123,-48.87,5,-51,14.960
58,10,2.358,127.97,5,-41,14.984
58,10,2.607,-83.50,5,-54,15.008
58,10,2.839,-147.48,4,22,15.012
58,10,3.079,70.31,4,24,15.016
58,10,3.305,128.50,4,66,14.616
58,10,3.538,-89.47,4,42,14.940
58,10,3.760,-128.85,4,33,14.996
58,10,4.003,85.43,4,46,14.876
58,10,4.240,90.35,4,43,14.920
58,10,4.510,-48.34,4,17,14.928
58,10,4.732,53.79,4,61,14.688
58,10,4.975,-78.57,4,46,14.880
58,10,5.209,66.97,4,43,14.924
58,10,5.441,18.98,4,33,15.000
58,10,5.665,-16.88,4,16,15.012
58,10,5.894,1.93,4,49,14.848
58,10,6.139,3.87,4,20,15.016
58,10,6.383,-6.15,4,41,14.952
58,10,6.616,12.83,4,15,15.016
58,10,6.839,6.33,4,34,15.004
58,10,7.074,3.16,4,43,14.912
58,10,7.300,-0.53,4,20,15.016
58,10,7.548,0.70,4,21,15.016
58,10,7.777,-2.99,4,19,15.012
58,10,8.002,-3.52,4,16,15.016
58,10,8.245,10.72,4,35,14.988
58,10,8.508,4.57,4,35,14.984
58,10,8.749,-1.58,4,15,15.008
58,10,8.977,-0.88,4,16,15.016
58,10,9.204,0.35,4,37,14.976
58,10,9.429,0.70,4,36,14.984
58,10,9.664,3.52,4,35,14.992
58,10,9.888,0.70,4,35,14.992
58,10,10.146,1.05,4,35,14.988
58,10,10.379,1.58,4,35,14.988
58,10,10.607,0.88,4,35,14.992
58,10,10.837,1.58,4,35,14.988
58,10,11.066,1.05,4,35,14.992
58,10,11.293,1.23,4,35,14.988
58,10,11.608,1.23,4,35,14.988
58,10,11.870,1.41,4,35,14.988
58,10,12.093,1.41,4,35,14.988
58,10,12.328,1.23,4,35,14.988
58,10,25.128,0.88,0,0,15.020
58,10,25.414,0.88,0,0,15.020
58,10,25.710,0.88,0,0,15.020
58,10,26.014,0.88,0,0,15.020
58,10,26.324,0.70,0,0,15.020
58,10,26.628,0.70,0,0,15.024
58,10,26.940,0.70,0,0,15.016
58,10,27.248,0.88,0,0,15.020
58,10,27.551,0.88,0,0,15.024
58,10,27.861,0.88,0,0,15.020
58,10,28.164,0.88,0,0,15.020
58,10,28.482,0.88,0,0,15.020
58,10,28.808,0.88,0,0,15.020
58,10,29.104,0.88,0,0,15.024
58,10,29.398,0.88,0,0,15.020
58,10,29.713,0.88,0,0,15.024
58,10,30.007,0.88,0,0,15.024
62,1,0.099,-30.06,5,35,14.844
62,1,0.411,40.08,5,60,14.720
62,1,0.718,7.03,5,-61,14.868
62,1,1.018,-12.83,5,60,14.736
62,1,1.336,-31.11,5,61,14.840
62,1,1.633,107.23,5,58,14.732
62,1,1.959,-152.93,4,-34,15.016
62,1,2.255,-94.92,4,20,15.016
62,1,2.565,127.97,4,66,14.596
62,1,2.871,-136.58,4,63,14.672
62,1,3.176,-252.25,4,0,14.744
62,1,3.490,-93.69,5,-61,14.844
62,1,3.793,39.20,5,37,14.976
62,1,4.096,-36.91,5,48,14.852
62,1,4.409,17.58,5,61,14.744
62,1,4.720,65.39,5,-60,14.700
62,1,5.020,-68.91,5,-58,14.864
62,1,5.322,94.04,5,55,14.756
62,1,5.634,-121.29,5,61,14.816
62,1,5.945,127.09,5,-54,14.904
62,1,6.311,-56.43,5,61,14.720
62,1,6.657,-224.30,4,21,15.012
62,1,6.967,-12.83,5,-44,14.892
62,1,7.269,146.43,5,41,14.932
62,1,7.613,14.94,5,50,14.796
62,1,7.889,140.10,5,60,14.736
62,1,8.198,136.06,5,-58,14.868
62,1,8.493,18.28,5,-57,14.972
62,1,8.814,164.18,4,-22,15.016
62,1,9.116,-1.93,4,-20,15.016
62,1,9.456,119.00,4,-44,14.988
62,1,9.726,77.52,4,-51,14.948
62,1,10.033,49.22,4,-22,14.928
62,1,10.354,95.62,4,-44,14.988
62,1,10.666,97.56,4,-45,14.988
62,1,10.957,79.45,4,-45,14.984
62,1,11.288,79.28,4,-46,14.980
62,1,11.574,79.63,4,-46,14.984
62,1,11.881,79.98,4,-46,14.984
62,1,12.203,81.21,4,-46,14.984
62,1,12.504,79.98,4,-46,14.984
62,1,12.806,81.03,4,-46,14.984
62,1,13.100,79.98,4,-46,14.988
62,1,13.425,80.86,4,-46,14.988
62,1,13.723,80.33,4,-46,14.984
62,1,14.134,80.33,4,-46,14.984
62,1,14.439,80.68,4,-46,14.984
62,1,14.759,80.33,4,-46,14.984
62,1,15.054,80.68,4,-46,14.984
62,1,15.364,80.51,4,-46,14.980
62,1,15.694,80.51,4,-46,14.980
62,1,15.984,80.51,4,-46,14.980
62,1,16.295,80.51,4,-46,14.980
62,1,16.591,80.51,4,-45,14.980
62,1,16.899,80.51,4,-45,14.984
62,1,17.217,80.51,4,-45,14.984
62,1,17.514,80.51,4,-45,14.984
62,1,17.826,80.51,4,-45,14.984
62,1,18.123,80.51,4,-45,14.984
62,1,18.432,80.51,4,-45,14.984
62,1,18.745,80.51,4,-45,14.988
62,1,19.057,80.51,4,-45,14.980
62,1,19.356,80.51,4,-45,14.984
62,1,19.657,80.51,4,-45,14.984
62,1,19.970,80.51,4,-45,14.984
62,1,20.300,80.51,4,-45,14.984
62,1,20.529,80.51,4,-45,14.984
62,1,20.791,80.51,4,-45,14.984
62,1,21.119,80.51,4,-45,14.984
62,1,21.424,80.51,4,-45,14.988
62,1,21.726,80.51,4,-45,14.984
62,1,22.020,80.51,4,-45,14.984
62,1,22.334,80.51,4,-45,14.984
62,1,22.632,80.51,4,-45,14.980
62,1,22.934,80.51,4,-45,14.984
62,1,23.158,80.51,4,-45,14.984
62,1,23.389,80.51,4,-45,14.980
62,1,23.650,80.51,4,-45,14.984
62,1,23.884,80.51,4,-45,14.984
62,1,24.166,80.51,4,-45,14.988
62,1,24.404,80.51,4,-45,14.984
62,1,24.636,80.51,4,-45,14.988
62,1,24.884,80.51,4,-45,14.984
62,1,25.137,80.51,4,-45,14.984
62,1,25.386,80.51,4,-45,14.984
62,1,25.623,80.51,4,-45,14.984
62,1,25.858,80.51,4,-45,14.984
62,1,26.089,80.51,4,-45,14.984
62,1,26.318,80.51,4,-45,14.984
62,1,26.551,80.51,4,-45,14.984
62,1,26.787,80.51,4,-45,14.988
62,1,27.038,80.51,4,-45,14.984
62,1,27.260,80.51,4,-45,14.980
62,1,27.555,80.51,4,-45,14.988
62,1,27.831,80.51,4,-45,14.984
62,1,28.057,80.51,4,-45,14.988
62,1,28.387,80.51,4,-45,14.984
62,1,28.619,80.51,4,-45,14.984
62,1,28.883,80.51,4,-45,14.984
62,1,29.120,80.51,4,-45,14.976
62,1,29.341,80.51,4,-45,14.988
62,1,29.570,80.51,4,-45,14.984
62,1,29.796,80.51,4,-45,14.984
62,1,30.027,80.51,4,-45,14.984
62,2,0.082,-0.88,5,-53,14.692
62,2,0.336,-13.89,5,-57,14.872
62,2,0.569,40.96,5,60,14.708
62,2,0.806,-46.76,5,-56,14.892
62,2,1.039,76.99,5,-60,14.700
62,2,1.272,-99.67,5,28,15.004
62,2,1.502,-3.69,5,-58,14.896
62,2,1.724,124.98,5,61,14.644
62,2,1.957,-71.72,5,-29,15.012
62,2,2.184,-137.46,5,-54,14.908
62,2,2.426,72.95,5,-61,14.836
62,2,2.655,167.69,4,-24,15.008
62,2,2.880,241.00,4,-24,15.016
62,2,3.109,41.48,5,-61,14.796
62,2,3.371,-49.92,5,60,14.752
62,2,3.596,-184.04,4,18,15.012
62,2,3.823,9.49,4,21,15.008
62,2,4.112,-61.88,4,47,14.892
62,2,4.392,-143.97,4,31,15.008
62,2,4.614,36.03,4,38,14.972
62,2,4.908,-138.52,4,31,14.984
62,2,5.148,-29.88,4,19,14.996
62,2,5.383,-106.00,4,43,14.896
62,2,5.629,-66.80,4,42,14.892
62,2,5.870,-56.95,4,37,14.968
62,2,6.096,-82.97,4,34,14.968
62,2,6.338,-56.43,4,38,14.944
62,2,6.563,-87.89,4,37,14.948
62,2,6.802,-62.75,4,38,14.952
62,2,7.030,-74.00,4,35,14.960
62,2,7.260,-70.31,4,34,14.980
62,2,7.489,-65.39,4,35,14.964
62,2,7.738,-83.50,4,33,14.984
62,2,7.971,-59.94,4,35,14.968
62,2,8.197,-76.11,4,34,14.976
62,2,8.427,-69.08,4,34,14.980
62,2,8.656,-69.61,4,34,14.976
62,2,8.892,-72.07,4,34,14.972
62,2,9.177,-69.61,4,34,14.976
62,2,9.406,-70.84,4,34,14.980
62,2,9.651,-70.31,4,34,14.976
62,2,9.879,-70.31,4,34,14.980
62,2,10.114,-70.84,4,34,14.976
62,2,10.351,-70.14,4,34,14.976
62,2,10.582,-70.84,4,34,14.972
62,2,10.805,-70.31,4,34,14.980
62,2,11.036,-70.49,4,34,14.976
62,2,11.282,-70.66,4,34,14.976
62,2,11.513,-70.31,4,34,14.980
62,2,11.734,-70.66,4,34,14.976
62,2,11.959,-70.49,4,34,14.980
62,2,12.185,-70.49,4,34,14.976
62,2,12.435,-70.49,4,34,14.976
62,2,12.662,-70.49,4,34,14.976
62,2,12.896,-70.49,4,34,14.976
62,2,13.176,-70.49,4,34,14.972
62,2,13.400,-70.49,4,34,14.976
62,2,13.631,-70.49,4,34,14.976
62,2,13.878,-70.49,4,34,14.976
62,2,14.131,-70.49,4,34,14.976
62,2,14.377,-70.49,4,34,14.972
62,2,14.601,-70.49,4,34,14.976
62,2,14.826,-70.49,4,34,14.976
62,2,15.053,-70.49,4,34,14.980
62,2,15.281,-70.49,4,34,14.976
62,2,15.512,-70.49,4,34,14.976
62,2,15.737,-70.49,4,34,14.980
62,2,15.966,-70.49,4,34,14.980
62,2,16.189,-70.49,4,34,14.976
62,2,16.410,-70.49,4,34,14.976
62,2,16.695,-70.49,4,34,14.976
62,2,16.920,-70.49,4,34,14.980
62,2,17.157,-70.49,4,34,14.980
62,2,17.381,-70.49,4,34,14.976
62,2,17.683,-70.49,4,34,14.976
62,2,17.913,-70.49,4,34,14.976
62,2,18.243,-70.49,4,34,14.980
62,2,18.473,-70.49,4,34,14.980
62,2,18.699,-70.49,4,34,14.976
62,2,18.953,-70.49,4,34,14.976
62,2,19.195,-70.49,4,34,14.976
62,2,19.422,-70.49,4,34,14.976
62,2,19.656,-70.49,4,34,14.976
62,2,19.885,-70.49,4,34,14.980
62,2,20.128,-70.49,4,34,14.976
62,2,20.363,-70.49,4,34,14.980
62,2,20.591,-70.49,4,34,14.980
62,2,20.829,-70.49,4,34,14.976
62,2,21.092,-70.49,4,34,14.976
62,2,21.317,-70.49,4,34,14.980
62,2,21.600,-70.49,4,34,14.976
62,2,21.826,-70.49,4,34,14.976
62,2,22.068,-70.49,4,34,14.980
62,2,22.290,-70.49,4,34,14.976
62,2,22.525,-70.49,4,34,14.976
62,2,22.763,-70.49,4,34,14.972
62,2,22.993,-70.49,4,34,14.980
62,2,23.218,-70.49,4,34,14.980
62,2,23.444,-70.49,4,34,14.980
62,2,23.679,-70.49,4,34,14.976
62,2,23.921,-70.49,4,34,14.976
62,2,24.145,-70.49,4,34,14.976
62,2,24.372,-70.49,4,34,14.976
62,2,24.609,-70.49,4,34,14.972
62,2,24.862,-70.49,4,34,14.976
62,2,25.089,-70.49,4,34,14.980
62,2,25.324,-70.49,4,34,14.976
62,2,25.557,-70.49,4,34,14.976
62,2,25.805,-70.49,4,34,14.980
62,2,26.108,-70.49,4,34,14.976
62,2,26.364,-70.49,4,34,14.980
62,2,26.604,-70.49,4,34,14.980
62,2,26.825,-70.49,4,34,14.976
62,2,27.060,-70.49,4,34,14.976
62,2,27.287,-70.49,4,34,14.980
62,2,27.513,-70.49,4,34,14.976
62,2,27.778,-70.49,4,34,14.976
62,2,28.024,-70.49,4,34,14.980
62,2,28.279,-70.49,4,34,14.976
62,2,28.510,-70.49,4,34,14.976
62,2,28.739,-70.49,4,34,14.976
62,2,28.978,-70.49,4,34,14.980
62,2,29.214,-70.49,4,34,14.964
62,2,29.472,-70.49,4,34,14.980
62,2,29.709,-70.49,4,34,14.984
62,2,29.968,-70.49,4,34,14.980
62,3,0.027,-2.64,5,61,14.664
62,3,0.253,10.72,5,5,14.812
62,3,0.488,7.03,5,61,14.668
62,3,0.717,-77.69,5,-61,14.784
62,3,0.954,102.66,5,38,14.896
62,3,1.228,-95.45,5,61,14.652
62,3,1.459,-115.66,5,-60,14.800
62,3,1.701,114.08,5,53,14.748
62,3,1.933,138.16,4,-20,15.004
62,3,2.179,-95.10,4,-23,15.000
62,3,2.410,-107.23,4,-65,14.696
62,3,2.675,127.27,4,-43,14.992
62,3,2.905,25.31,4,-15,15.000
62,3,3.128,-134.82,4,-40,14.992
62,3,3.351,45.35,4,-33,15.000
62,3,3.581,41.31,4,-17,15.000
62,3,3.803,-79.81,4,-55,14.880
62,3,4.042,74.36,4,-40,14.992
62,3,4.262,-56.43,4,-47,14.964
62,3,4.500,-7.03,4,-38,14.996
62,3,4.730,8.79,4,-16,15.000
62,3,4.953,-27.25,4,-44,14.976
62,3,5.186,22.15,4,-17,15.000
62,3,5.430,-24.43,4,-45,14.980
62,3,5.681,6.68,4,-17,15.000
62,3,5.932,8.61,4,-39,15.000
62,3,6.170,-27.07,4,-18,15.004
62,3,6.432,17.23,4,-16,14.996
62,3,6.696,-12.83,4,-42,14.988
62,3,6.923,-6.33,4,-41,15.000
62,3,7.155,2.64,4,-17,15.004
62,3,7.424,-12.66,4,-41,14.996
62,3,7.651,-4.22,4,-40,14.996
62,3,7.896,-3.34,4,-40,14.992
62,3,8.138,-7.03,4,-40,14.992
62,3,8.370,-5.27,4,-40,14.996
62,3,8.603,-5.80,4,-40,14.992
62,3,8.833,-5.98,4,-40,14.996
62,3,9.077,-5.27,4,-40,14.992
62,3,9.311,-6.15,4,-40,14.996
62,3,9.559,-5.27,4,-40,14.992
62,3,9.782,-5.80,4,-40,14.992
62,3,10.015,-5.62,4,-40,14.996
62,3,10.241,-5.45,4,-40,14.996
62,3,10.467,-5.98,4,-40,14.992
62,3,10.745,-5.45,4,-40,14.996
62,3,10.965,-5.80,4,-40,14.988
62,3,11.196,-5.62,4,-40,14.992
62,3,11.430,-5.62,4,-40,14.992
62,3,11.661,-5.80,4,-40,14.988
62,3,11.894,-5.62,4,-40,14.992
62,3,12.121,-5.62,4,-40,14.992
62,3,12.361,-5.62,4,-40,14.992
62,3,12.585,-5.62,4,-40,14.996
62,3,12.817,-5.62,4,-40,14.996
62,3,13.051,-5.62,4,-40,14.992
62,3,13.282,-5.62,4,-40,14.992
62,3,13.505,-5.62,4,-40,14.992
62,3,13.734,-5.62,4,-40,14.996
62,3,13.959,-5.62,4,-40,14.992
62,3,14.218,-5.62,4,-40,14.992
62,3,14.449,-5.62,4,-40,14.996
62,3,14.715,-5.62,4,-40,14.996
62,3,14.957,-5.62,4,-40,14.992
62,3,15.182,-5.62,4,-40,14.992
62,3,15.408,-5.62,4,-40,14.992
62,3,15.681,-5.62,4,-40,14.996
62,3,15.922,-5.62,4,-40,14.996
62,3,16.151,-5.62,4,-40,14.992
62,3,16.376,-5.62,4,-40,14.992
62,3,16.629,-5.62,4,-40,14.992
62,3,16.867,-5.62,4,-40,14.992
62,3,17.119,-5.62,4,-40,14.996
62,3,17.354,-5.62,4,-40,14.996
62,3,17.586,-5.62,4,-40,14.996
62,3,17.816,-5.62,4,-40,14.996
62,3,18.038,-5.62,4,-40,14.996
62,3,18.267,-5.62,4,-40,14.988
62,3,18.528,-5.62,4,-40,14.996
62,3,18.761,-5.62,4,-40,14.992
62,3,19.021,-5.62,4,-40,14.992
62,3,19.250,-5.62,4,-40,14.996
62,3,19.476,-5.62,4,-40,14.996
62,3,19.713,-5.62,4,-40,14.992
62,3,19.975,-5.62,4,-40,14.996
62,3,20.198,-5.62,4,-40,14.996
62,3,20.429,-5.62,4,-40,14.992
62,3,20.669,-5.62,4,-40,14.992
62,3,20.897,-5.62,4,-40,14.996
62,3,21.133,-5.62,4,-40,14.996
62,3,21.362,-5.62,4,-40,14.992
62,3,21.592,-5.62,4,-40,14.992
62,3,21.818,-5.62,4,-40,14.992
62,3,22.053,-5.62,4,-40,14.984
62,3,22.294,-5.62,4,-40,14.992
62,3,22.519,-5.62,4,-40,14.992
62,3,22.753,-5.62,4,-40,14.996
62,3,22.975,-5.62,4,-40,14.984
62,3,23.217,-5.62,4,-40,14.992
62,3,23.445,-5.62,4,-40,14.996
62,3,23.679,-5.62,4,-40,14.992
62,3,23.920,-5.62,4,-40,14.992
62,3,24.155,-5.62,4,-40,14.996
62,3,24.378,-5.62,4,-40,14.992
62,3,24.617,-5.62,4,-40,14.996
62,3,24.843,-5.62,4,-40,14.996
62,3,25.076,-5.62,4,-40,14.996
62,3,25.300,-5.62,4,-40,14.992
62,3,25.530,-5.62,4,-40,14.992
62,3,25.766,-5.62,4,-40,14.996
62,3,25.996,-5.62,4,-40,14.996
62,3,26.216,-5.62,4,-40,14.996
62,3,26.442,-5.62,4,-40,14.992
62,3,26.672,-5.62,4,-40,14.992
62,3,26.927,-5.62,4,-40,14.992
62,3,27.147,-5.62,4,-40,14.996
62,3,27.374,-5.62,4,-40,14.992
62,3,27.595,-5.62,4,-40,14.996
62,3,27.815,-5.62,4,-40,14.992
62,3,28.063,-5.62,4,-40,14.996
62,3,28.298,-5.62,4,-40,14.992
62,3,28.534,-5.62,4,-40,14.992
62,3,28.777,-5.62,4,-40,14.996
62,3,29.003,-5.62,4,-40,14.992
62,3,29.235,-5.62,4,-40,14.992
62,3,29.461,-5.62,4,-40,14.988
62,3,29.687,-5.62,4,-40,14.996
62,3,29.917,-5.62,4,-40,14.996
62,4,0.036,-20.92,5,-22,14.652
62,4,0.268,45.35,5,-60,14.808
62,4,0.512,-43.07,5,-55,15.004
62,4,0.741,34.63,5,-61,14.816
62,4,1.006,-19.51,5,61,14.672
62,4,1.233,-95.62,5,-56,14.840
62,4,1.457,111.27,5,-61,14.788
62,4,1.687,66.44,5,61,14.660
62,4,1.915,-136.58,5,-54,14.904
62,4,2.142,-90.88,5,-55,14.884
62,4,2.370,136.06,5,0,14.840
62,4,2.613,233.09,4,-24,15.000
62,4,2.846,464.06,4,-23,15.000
62,4,3.115,-148.01,5,-50,14.904
62,4,3.337,-158.56,4,15,15.000
62,4,3.648,-34.98,4,40,14.940
62,4,3.913,-55.02,4,39,14.956
62,4,4.165,-55.20,4,39,14.964
62,4,4.439,-55.37,4,39,14.960
62,4,4.704,-55.37,4,39,14.960
62,4,4.930,-55.55,4,39,14.956
62,4,5.165,-55.72,4,39,14.960
62,4,5.394,-55.72,4,39,14.960
62,4,5.622,-55.90,4,39,14.960
62,4,5.844,-55.90,4,39,14.960
62,4,6.075,-55.90,4,39,14.960
62,4,6.300,-55.90,4,39,14.960
62,4,6.532,-55.90,4,39,14.960
62,4,6.759,-55.90,4,39,14.964
62,4,6.985,-56.07,4,39,14.960
62,4,7.215,-56.07,4,39,14.960
62,4,7.439,-56.07,4,39,14.956
62,4,7.662,-56.07,4,39,14.952
62,4,7.886,-56.07,4,39,14.960
62,4,8.112,-56.07,4,39,14.960
62,4,8.334,-56.07,4,39,14.964
62,4,8.557,-56.07,4,39,14.956
62,4,8.784,-56.25,4,39,14.956
62,4,9.051,-56.25,4,39,14.960
62,4,9.279,-56.25,4,39,14.960
62,4,9.519,-56.25,4,39,14.964
62,4,9.765,-56.25,4,39,14.964
62,4,9.998,-56.25,4,39,14.960
62,4,10.233,-56.25,4,39,14.960
62,4,10.460,-56.25,4,39,14.960
62,4,10.683,-56.43,4,39,14.960
62,4,10.912,-56.43,4,39,14.964
62,4,11.140,-56.43,4,39,14.960
62,4,11.368,-56.43,4,39,14.960
62,4,11.601,-56.43,4,39,14.964
62,4,11.835,-56.43,4,39,14.964
62,4,12.062,-56.43,4,39,14.960
62,4,12.306,-56.43,4,39,14.960
62,4,12.540,-56.43,4,39,14.960
62,4,12.859,-56.43,4,39,14.964
62,4,13.113,-56.43,4,39,14.964
62,4,13.341,-56.43,4,39,14.964
62,4,13.581,-56.43,4,39,14.964
62,4,13.817,-56.43,4,39,14.964
62,4,14.043,-56.43,4,38,14.968
62,4,14.291,-56.43,4,38,14.968
62,4,14.518,-56.43,4,38,14.968
62,4,14.750,-56.43,4,38,14.968
62,4,14.983,-56.43,4,38,14.968
62,4,15.206,-56.43,4,38,14.968
62,4,15.428,-56.43,4,38,14.968
62,4,15.660,-56.43,4,38,14.972
62,4,15.921,-56.43,4,38,14.968
62,4,16.145,-56.43,4,38,14.968
62,4,16.373,-56.43,4,38,14.968
62,4,16.603,-56.43,4,38,14.968
62,4,16.836,-56.43,4,38,14.968
62,4,17.066,-56.60,4,38,14.968
62,4,17.290,-56.60,4,38,14.968
62,4,17.556,-56.60,4,38,14.972
62,4,17.777,-56.60,4,38,14.972
62,4,18.063,-56.60,4,38,14.972
62,4,18.293,-56.60,4,38,14.972
62,4,18.519,-56.60,4,38,14.956
62,4,18.755,-56.60,4,38,14.968
62,4,18.997,-56.60,4,38,14.972
62,4,19.222,-56.60,4,38,14.968
62,4,19.465,-56.60,4,38,14.972
62,4,19.728,-56.60,4,38,14.964
62,4,19.957,-56.60,4,38,14.972
62,4,20.179,-56.60,4,38,14.972
62,4,20.410,-56.60,4,38,14.960
62,4,20.637,-56.60,4,38,14.968
62,4,20.891,-56.60,4,38,14.972
62,4,21.113,-56.60,4,38,14.968
62,4,21.343,-56.60,4,38,14.968
62,4,21.586,-56.60,4,38,14.972
62,4,21.837,-56.60,4,38,14.972
62,4,22.067,-56.60,4,38,14.968
62,4,22.332,-56.60,4,38,14.972
62,4,22.572,-56.60,4,38,14.972
62,4,22.818,-56.60,4,38,14.968
62,4,23.043,-56.60,4,38,14.968
62,4,23.289,-56.60,4,38,14.972
62,4,23.523,-56.60,4,38,14.968
62,4,23.756,-56.60,4,38,14.972
62,4,23.983,-56.60,4,38,14.972
62,4,24.227,-56.60,4,38,14.972
62,4,24.452,-56.60,4,38,14.968
62,4,24.674,-56.60,4,38,14.972
62,4,24.898,-56.60,4,38,14.976
62,4,25.123,-56.60,4,38,14.972
62,4,25.352,-56.60,4,38,14.972
62,4,25.644,-56.60,4,38,14.972
62,4,25.871,-56.60,4,38,14.968
62,4,26.137,-56.60,4,38,14.972
62,4,26.394,-56.60,4,38,14.972
62,4,26.618,-56.60,4,38,14.972
62,4,26.843,-56.78,4,38,14.968
62,4,27.076,-56.78,4,38,14.968
62,4,27.305,-56.78,4,38,14.968
62,4,27.533,-56.78,4,38,14.968
62,4,27.770,-56.78,4,38,14.968
62,4,27.993,-56.78,4,38,14.972
62,4,28.220,-56.78,4,38,14.972
62,4,28.449,-56.78,4,38,14.968
62,4,28.727,-56.78,4,38,14.968
62,4,28.954,-56.78,4,38,14.968
62,4,29.187,-56.78,4,38,14.968
62,4,29.424,-56.78,4,38,14.968
62,4,29.652,-56.78,4,38,14.964
62,4,29.949,-56.78,4,38,14.964
62,5,0.032,0.53,5,-61,14.824
62,5,0.272,-102.31,5,-60,14.692
62,5,0.494,18.11,5,56,15.016
62,5,0.737,-108.81,5,-46,14.724
62,5,0.965,-85.96,5,-61,14.828
62,5,1.255,52.38,5,58,14.728
62,5,1.482,-135.18,5,-61,14.672
62,5,1.781,33.93,5,49,14.828
62,5,2.008,-109.86,5,58,14.748
62,5,2.233,-106.88,4,24,15.016
62,5,2.463,46.93,4,24,15.008
62,5,2.788,-103.01,4,-45,14.992
62,5,3.008,30.41,4,-66,14.744
62,5,3.245,-76.47,4,-59,14.848
62,5,3.483,-92.64,4,-42,15.012
62,5,3.719,-70.84,4,-33,15.012
62,5,3.945,-36.74,4,-36,15.012
62,5,4.207,-66.80,4,-46,14.980
62,5,4.445,-18.98,4,-42,15.008
62,5,4.679,-70.84,4,-45,14.992
62,5,4.900,-32.52,4,-38,15.012
62,5,5.156,-55.37,4,-38,15.016
62,5,5.383,-51.33,4,-39,15.012
62,5,5.615,-40.43,4,-40,15.004
62,5,5.857,-52.73,4,-41,15.008
62,5,6.081,-46.41,4,-39,15.012
62,5,6.331,-49.57,4,-39,15.012
62,5,6.571,-47.81,4,-40,15.004
62,5,6.883,-48.69,4,-40,15.008
62,5,7.113,-48.16,4,-40,15.008
62,5,7.344,-48.16,4,-40,15.004
62,5,7.589,-48.52,4,-40,15.004
62,5,7.842,-48.16,4,-40,15.008
62,5,8.093,-48.52,4,-40,15.004
62,5,8.317,-48.16,4,-40,15.008
62,5,8.540,-48.34,4,-40,15.004
62,5,8.764,-48.34,4,-40,15.008
62,5,8.998,-48.34,4,-40,15.004
62,5,9.231,-48.34,4,-40,15.004
62,5,9.456,-48.34,4,-40,15.008
62,5,9.700,-48.34,4,-40,15.008
62,5,9.965,-48.34,4,-40,15.008
62,5,10.237,-48.34,4,-40,15.004
62,5,10.463,-48.34,4,-40,15.004
62,5,10.692,-48.34,4,-40,15.004
62,5,10.955,-48.34,4,-40,15.004
62,5,11.184,-48.34,4,-40,15.004
62,5,11.419,-48.34,4,-40,15.004
62,5,11.647,-48.34,4,-40,15.004
62,5,11.872,-48.34,4,-40,15.004
62,5,12.096,-48.34,4,-39,15.004
62,5,12.336,-48.34,4,-39,15.008
62,5,12.577,-48.34,4,-39,15.008
62,5,12.819,-48.34,4,-39,15.012
62,5,13.049,-48.34,4,-39,15.012
62,5,13.282,-48.34,4,-39,15.008
62,5,13.527,-48.34,4,-39,15.012
62,5,13.751,-48.34,4,-39,15.012
62,5,13.995,-48.34,4,-39,15.008
62,5,14.263,-48.34,4,-39,15.012
62,5,14.507,-48.34,4,-39,15.004
62,5,14.730,-48.34,4,-39,15.008
62,5,14.966,-48.34,4,-39,15.012
62,5,15.214,-48.34,4,-39,15.008
62,5,15.437,-48.34,4,-39,15.012
62,5,15.674,-48.34,4,-39,15.012
62,5,15.899,-48.34,4,-39,15.008
62,5,16.125,-48.34,4,-39,15.012
62,5,16.355,-48.34,4,-39,15.004
62,5,16.598,-48.34,4,-39,15.012
62,5,16.836,-48.34,4,-39,15.012
62,5,17.068,-48.34,4,-39,15.004
62,5,17.308,-48.34,4,-39,15.008
62,5,17.547,-48.34,4,-39,15.012
62,5,17.788,-48.34,4,-39,15.004
62,5,18.018,-48.34,4,-39,15.016
62,5,18.248,-48.34,4,-39,15.012
62,5,18.473,-48.34,4,-39,15.012
62,5,18.709,-48.34,4,-39,15.004
62,5,18.959,-48.34,4,-39,15.012
62,5,19.185,-48.34,4,-39,15.008
62,5,19.412,-48.34,4,-39,15.008
62,5,19.644,-48.34,4,-39,15.012
62,5,19.883,-48.34,4,-39,15.008
62,5,20.107,-48.34,4,-39,15.008
62,5,20.330,-48.34,4,-39,15.008
62,5,20.555,-48.34,4,-39,15.008
62,5,20.784,-48.34,4,-39,15.008
62,5,21.006,-48.34,4,-39,15.012
62,5,21.235,-48.34,4,-39,15.008
62,5,21.465,-48.34,4,-39,15.008
62,5,21.692,-48.34,4,-39,15.008
62,5,21.922,-48.34,4,-39,15.008
62,5,22.152,-48.34,4,-39,15.012
62,5,22.382,-48.34,4,-39,15.008
62,5,22.634,-48.34,4,-39,15.008
62,5,22.877,-48.34,4,-39,15.012
62,5,23.122,-48.34,4,-39,15.008
62,5,23.354,-48.34,4,-39,15.008
62,5,23.602,-48.34,4,-39,15.008
62,5,23.834,-48.34,4,-39,15.012
62,5,24.071,-48.34,4,-39,15.012
62,5,24.301,-48.34,4,-39,15.012
62,5,24.534,-48.34,4,-39,15.012
62,5,24.761,-48.34,4,-39,15.012
62,5,25.030,-48.34,4,-39,15.008
62,5,25.260,-48.34,4,-39,15.012
62,5,25.485,-48.34,4,-39,15.012
62,5,25.719,-48.34,4,-39,15.012
62,5,25.945,-48.34,4,-39,15.012
62,5,26.183,-48.34,4,-39,15.012
62,5,26.414,-48.34,4,-39,15.008
62,5,26.656,-48.34,4,-39,15.012
62,5,26.878,-48.34,4,-39,15.008
62,5,27.143,-48.34,4,-39,15.008
62,5,27.369,-48.34,4,-39,15.008
62,5,27.590,-48.34,4,-39,15.012
62,5,27.868,-48.34,4,-39,15.012
62,5,28.116,-48.34,4,-39,15.008
62,5,28.351,-48.34,4,-39,15.012
62,5,28.580,-48.34,4,-39,15.012
62,5,28.808,-48.34,4,-39,15.012
62,5,29.034,-48.34,4,-39,15.012
62,5,29.259,-48.34,4,-39,15.012
62,5,29.490,-48.34,4,-39,15.008
62,5,29.724,-48.34,4,-39,15.012
62,5,29.951,-48.34,4,-39,15.008
62,6,0.033,9.32,5,-61,14.824
62,6,0.302,-53.97,5,18,14.676
62,6,0.543,68.20,5,61,14.816
62,6,0.772,-45.70,5,21,15.012
62,6,1.004,-53.79,5,-55,14.900
62,6,1.246,112.32,5,61,14.672
62,6,1.478,-89.12,5,31,15.008
62,6,1.707,-138.16,5,-55,14.884
62,6,1.939,73.48,5,61,14.836
62,6,2.177,156.27,4,-23,15.020
62,6,2.406,95.98,4,-24,15.016
62,6,2.642,-137.81,4,65,14.648
62,6,2.896,52.38,4,43,15.016
62,6,3.127,86.31,4,36,14.984
62,6,3.374,-65.04,4,43,14.908
62,6,3.629,55.02,4,66,15.008
62,6,3.892,-85.61,4,54,14.796
62,6,4.127,55.02,4,45,14.916
62,6,4.366,42.19,4,34,14.992
62,6,4.600,-45.88,4,17,15.012
62,6,4.830,44.12,4,61,14.680
62,6,5.057,-70.66,4,50,14.828
62,6,5.301,63.10,4,46,14.876
62,6,5.531,37.97,4,36,14.964
62,6,5.772,37.44,4,37,14.968
62,6,6.004,37.44,4,37,14.964
62,6,6.249,37.27,4,37,14.964
62,6,6.478,37.27,4,37,14.968
62,6,6.705,37.27,4,37,14.964
62,6,6.938,37.27,4,37,14.964
62,6,7.172,37.27,4,37,14.964
62,6,7.403,37.09,4,37,14.960
62,6,7.628,37.09,4,37,14.964
62,6,7.856,37.09,4,37,14.960
62,6,8.094,37.09,4,37,14.960
62,6,8.328,36.91,4,37,14.960
62,6,8.629,36.91,4,37,14.960
62,6,8.855,36.91,4,37,14.964
62,6,9.093,36.91,4,37,14.964
62,6,9.320,36.91,4,37,14.960
62,6,9.557,36.91,4,37,14.960
62,6,9.817,36.91,4,37,14.940
62,6,10.044,36.74,4,37,14.964
62,6,10.272,36.74,4,37,14.968
62,6,10.523,36.74,4,37,14.968
62,6,10.772,36.74,4,37,14.964
62,6,11.006,36.74,4,37,14.964
62,6,11.254,36.74,4,37,14.964
62,6,11.497,36.74,4,37,14.964
62,6,11.722,36.74,4,37,14.960
62,6,12.001,36.56,4,37,14.960
62,6,12.222,36.56,4,37,14.960
62,6,12.445,36.56,4,37,14.960
62,6,12.721,36.56,4,37,14.960
62,6,12.961,36.56,4,37,14.960
62,6,13.190,36.56,4,37,14.964
62,6,13.420,36.56,4,37,14.964
62,6,13.643,36.56,4,37,14.960
62,6,13.875,36.56,4,37,14.960
62,6,14.106,36.56,4,37,14.960
62,6,14.333,36.56,4,37,14.960
62,6,14.558,36.56,4,37,14.960
62,6,14.780,36.56,4,37,14.964
62,6,15.005,36.39,4,37,14.956
62,6,15.284,36.39,4,37,14.960
62,6,15.511,36.39,4,37,14.956
62,6,15.761,36.39,4,37,14.960
62,6,16.005,36.39,4,37,14.956
62,6,16.228,36.39,4,37,14.956
62,6,16.454,36.39,4,37,14.956
62,6,16.699,36.39,4,37,14.956
62,6,16.925,36.21,4,37,14.960
62,6,17.150,36.21,4,37,14.964
62,6,17.396,36.21,4,37,14.960
62,6,17.621,36.21,4,37,14.964
62,6,17.852,36.21,4,37,14.964
62,6,18.073,36.21,4,37,14.960
62,6,18.295,36.21,4,37,14.964
62,6,18.548,36.21,4,37,14.964
62,6,18.773,36.21,4,37,14.960
62,6,18.998,36.21,4,37,14.964
62,6,19.231,36.21,4,37,14.964
62,6,19.452,36.21,4,37,14.960
62,6,19.681,36.21,4,37,14.960
62,6,19.906,36.21,4,37,14.964
62,6,20.129,36.21,4,37,14.964
62,6,20.358,36.21,4,37,14.960
62,6,20.600,36.21,4,37,14.964
62,6,20.826,36.21,4,37,14.964
62,6,21.152,36.21,4,37,14.960
62,6,21.377,36.03,4,37,14.964
62,6,21.601,36.03,4,37,14.964
62,6,21.858,36.03,4,37,14.964
62,6,22.085,36.03,4,37,14.964
62,6,22.320,36.03,4,37,14.964
62,6,22.546,36.03,4,37,14.964
62,6,22.773,36.03,4,37,14.964
62,6,23.006,36.03,4,37,14.964
62,6,23.249,36.03,4,37,14.964
62,6,23.473,36.03,4,37,14.964
62,6,23.698,36.03,4,37,14.964
62,6,23.925,36.03,4,37,14.964
62,6,24.161,36.03,4,37,14.964
62,6,24.387,36.03,4,37,14.968
62,6,24.620,36.03,4,37,14.964
62,6,24.851,36.03,4,37,14.968
62,6,25.079,36.03,4,37,14.968
62,6,25.330,36.03,4,37,14.964
62,6,25.636,36.03,4,37,14.964
62,6,25.860,35.86,4,37,14.964
62,6,26.089,35.86,4,37,14.960
62,6,26.320,35.16,4,37,14.964
62,6,26.551,-25.14,4,14,15.004
62,6,26.781,20.74,4,42,14.916
62,6,27.002,-19.69,4,16,15.004
62,6,27.234,16.70,4,40,14.948
62,6,27.463,-3.52,4,15,15.004
62,6,27.684,5.62,4,37,14.972
62,6,27.912,12.66,4,16,15.008
62,6,28.140,-22.68,4,37,14.960
62,6,28.383,29.18,4,42,14.916
62,6,28.615,-28.83,4,14,15.004
62,6,28.901,12.83,4,37,14.968
62,6,29.133,8.79,4,16,15.004
62,6,29.361,-20.57,4,16,14.960
62,6,29.595,26.54,4,42,14.920
62,6,29.822,-27.42,4,15,15.008
62,7,0.025,3.34,5,58,14.792
62,7,0.254,-32.70,5,-58,14.836
62,7,0.502,57.13,5,-61,14.660
62,7,0.729,-68.03,5,-56,14.892
62,7,0.958,78.05,5,61,14.804
62,7,1.189,-30.06,5,60,14.708
62,7,1.416,-101.43,5,-61,14.784
62,7,1.643,116.89,5,-60,14.816
62,7,1.869,93.34,5,57,14.724
62,7,2.111,-145.72,5,33,14.972
62,7,2.345,-135.18,4,20,15.004
62,7,2.572,86.31,4,-53,14.920
62,7,2.824,72.95,4,64,14.644
62,7,3.070,-152.23,4,59,14.728
62,7,3.347,-281.07,4,0,15.012
62,7,3.570,-104.59,5,-60,14.692
62,7,3.814,45.53,5,41,14.904
62,7,4.049,-59.59,5,44,14.904
62,7,4.291,9.84,5,48,14.840
62,7,4.516,25.66,5,61,14.728
62,7,4.760,50.10,5,24,14.848
62,7,5.003,-47.81,5,3,15.008
62,7,5.232,6.50,5,-61,14.852
62,7,5.465,78.57,5,55,14.752
62,7,5.687,-116.19,5,61,14.688
62,7,5.929,26.02,5,-9,14.844
62,7,6.175,135.70,5,58,14.712
62,7,6.441,-105.12,5,60,14.712
62,7,6.665,-173.50,4,21,15.012
62,7,6.904,-334.51,4,22,15.008
62,7,7.156,-27.95,5,61,14.836
62,7,7.397,110.92,5,42,14.912
62,7,7.623,-39.02,5,48,14.844
62,7,7.860,73.48,5,51,14.804
62,7,8.090,69.26,5,61,14.740
62,7,8.323,90.35,5,-57,15.016
62,7,8.555,12.48,5,-55,14.900
62,7,8.797,105.82,5,-47,14.984
62,7,9.021,-34.45,5,59,14.704
62,7,9.252,63.81,5,17,15.012
62,7,9.512,63.46,5,61,14.740
62,7,9.739,-56.60,5,-51,14.940
62,7,9.971,139.40,5,61,14.816
62,7,10.202,93.52,4,-22,15.004
62,7,10.434,-74.00,4,-20,15.008
62,7,10.745,96.50,4,-42,14.992
62,7,10.971,3.87,4,10,15.008
62,7,11.207,109.86,4,-56,14.876
62,7,11.445,-7.38,4,-23,15.008
62,7,11.681,64.51,4,-39,14.988
62,7,11.903,16.52,4,-20,15.008
62,7,12.137,74.53,4,-47,14.972
62,7,12.370,22.68,4,-22,15.012
62,7,12.599,62.40,4,-45,14.984
62,7,12.823,26.72,4,-20,14.980
62,7,13.049,51.50,4,-46,14.984
62,7,13.291,41.13,4,-48,14.968
62,7,13.521,41.84,4,-20,15.008
62,7,13.759,47.81,4,-20,15.004
62,7,14.004,38.85,4,-20,15.012
62,7,14.232,47.28,4,-20,15.008
62,7,14.534,44.12,4,-21,15.008
62,7,14.759,44.82,4,-21,15.012
62,7,15.035,43.42,4,-21,15.000
62,7,15.260,44.82,4,-21,15.012
62,7,15.492,43.24,4,-21,15.012
62,7,15.715,44.30,4,-21,15.008
62,7,15.939,44.12,4,-21,15.016
62,7,16.169,43.42,4,-21,15.016
62,7,16.396,44.65,4,-21,15.012
62,7,16.629,43.42,4,-21,15.008
62,7,16.861,44.30,4,-21,15.016
62,7,17.081,44.12,4,-21,15.016
62,7,17.313,43.59,4,-21,15.008
62,7,17.553,44.47,4,-21,15.008
62,7,17.809,43.59,4,-21,15.012
62,7,18.039,44.30,4,-21,15.012
62,7,18.281,43.77,4,-21,15.008
62,7,18.524,43.95,4,-21,15.012
62,7,18.752,44.12,4,-21,15.012
62,7,19.061,43.95,4,-21,15.008
62,7,19.354,44.12,4,-21,15.016
62,7,19.752,44.12,4,-21,15.016
62,7,20.061,43.77,4,-21,15.008
62,7,20.362,44.12,4,-21,15.012
62,7,20.673,43.95,4,-21,15.012
62,7,20.991,43.95,4,-21,15.008
62,7,21.308,43.95,4,-21,15.008
62,7,21.541,43.95,4,-21,15.008
62,7,21.770,43.95,4,-21,15.008
62,7,21.999,43.95,4,-21,15.008
62,7,22.232,43.95,4,-21,15.008
62,7,22.465,43.95,4,-21,15.008
62,7,22.716,43.95,4,-21,15.012
62,7,22.947,43.95,4,-21,15.012
62,7,23.173,43.95,4,-21,15.012
62,7,23.395,43.95,4,-21,15.012
62,7,23.619,43.95,4,-21,15.016
62,7,23.884,43.95,4,-21,14.984
62,7,24.151,43.95,4,-21,15.012
62,7,24.381,43.95,4,-21,15.012
62,7,24.641,43.95,4,-21,15.012
62,7,24.865,43.95,4,-21,15.012
62,7,25.097,43.95,4,-21,15.008
62,7,25.334,43.95,4,-21,15.012
62,7,25.562,43.95,4,-21,15.008
62,7,25.812,43.95,4,-21,15.012
62,7,26.049,43.95,4,-21,15.008
62,7,26.309,43.95,4,-21,15.016
62,7,26.543,43.95,4,-21,15.016
62,7,26.828,43.95,4,-21,15.008
62,7,27.062,43.95,4,-21,15.012
62,7,27.317,43.95,4,-21,15.008
62,7,27.544,43.95,4,-21,15.012
62,7,27.839,43.95,4,-21,15.012
62,7,28.072,43.95,4,-21,15.012
62,7,28.303,43.95,4,-21,15.004
62,7,28.533,43.95,4,-21,15.012
62,7,28.773,43.95,4,-21,15.012
62,7,28.999,43.95,4,-21,15.012
62,7,29.227,43.95,4,-21,15.012
62,7,29.451,43.95,4,-21,15.012
62,7,29.680,43.95,4,-21,15.012
62,7,29.945,43.95,4,-21,15.012
62,8,0.089,-28.65,5,38,14.920
62,8,0.341,56.78,5,-60,14.816
62,8,0.565,-60.65,5,-29,15.008
62,8,0.785,65.22,5,61,14.824
62,8,1.011,-24.61,5,61,14.716
62,8,1.235,-94.57,5,-56,14.868
62,8,1.465,114.96,5,-61,14.812
62,8,1.706,59.94,5,61,14.696
62,8,1.937,-135.70,5,-53,14.916
62,8,2.160,-31.29,5,-57,14.900
62,8,2.412,144.49,5,59,14.664
62,8,2.643,79.45,5,61,14.700
62,8,2.870,-120.06,5,-43,14.988
62,8,3.100,27.60,5,-40,15.012
62,8,3.359,102.66,5,-38,15.008
62,8,3.599,-88.24,5,-31,15.008
62,8,3.825,49.04,5,-45,14.996
62,8,4.060,46.05,5,-52,14.932
62,8,4.283,-73.65,5,-58,14.868
62,8,4.603,-59.59,5,60,14.688
62,8,4.830,21.45,5,-55,14.896
62,8,5.061,68.03,5,-55,15.000
62,8,5.292,-69.26,5,-53,14.924
62,8,5.514,73.30,5,-48,14.924
62,8,5.743,-55.72,5,-61,14.704
62,8,5.967,-83.67,5,-53,14.904
62,8,6.197,124.98,5,-58,14.836
62,8,6.433,10.72,5,6,15.008
62,8,6.660,-98.79,5,-53,14.904
62,8,6.891,100.72,5,-61,14.808
62,8,7.155,8.09,5,-61,14.736
62,8,7.386,-139.22,5,-52,14.912
62,8,7.609,23.91,5,-54,14.940
62,8,7.838,139.92,5,26,15.004
62,8,8.086,-81.21,5,-52,14.916
62,8,8.328,-97.38,5,-56,14.872
62,8,8.556,124.10,5,-40,14.992
62,8,8.786,127.97,5,15,14.696
62,8,9.024,-86.84,5,-48,14.944
62,8,9.261,-65.04,5,-36,15.000
62,8,9.502,131.48,5,-39,15.004
62,8,9.747,-56.07,5,-33,15.004
62,8,9.980,-73.48,5,-37,14.996
62,8,10.215,111.27,5,-54,14.912
62,8,10.446,-60.47,5,-33,15.008
62,8,10.670,-65.04,5,-61,14.816
62,8,10.919,37.44,5,-33,14.708
62,8,11.173,-49.04,5,-42,14.992
62,8,11.406,74.18,5,-40,15.000
62,8,11.655,-54.67,5,-30,15.004
62,8,11.886,53.26,5,-40,15.004
62,8,12.125,-33.93,5,-40,15.000
62,8,12.353,29.18,5,-54,14.920
62,8,12.611,-37.62,5,1,15.008
62,8,12.881,39.55,5,61,14.832
62,8,13.125,-3.34,5,-30,14.724
62,8,13.354,-94.57,5,-54,14.884
62,8,13.600,111.80,5,-60,14.816
62,8,13.822,27.07,5,59,14.740
62,8,14.050,-114.43,5,-50,14.948
62,8,14.289,90.35,5,-61,14.812
62,8,14.523,81.91,5,61,14.676
62,8,14.754,-144.14,5,-13,15.008
62,8,14.982,-182.64,4,20,15.008
62,8,15.207,-326.25,4,19,15.008
62,8,15.457,-121.47,5,-44,14.992
62,8,15.684,65.74,5,-57,14.888
62,8,15.911,140.80,4,-24,15.012
62,8,16.162,-94.75,4,-24,15.004
62,8,16.384,-61.70,4,-68,14.688
62,8,16.700,45.18,4,66,14.652
62,8,16.972,-54.67,4,44,14.908
62,8,17.209,105.64,4,33,14.992
62,8,17.444,-20.39,4,32,15.000
62,8,17.667,-4.22,4,19,15.008
62,8,17.899,46.41,4,57,14.740
62,8,18.135,-56.78,4,41,14.944
62,8,18.360,88.94,4,40,14.940
62,8,18.593,13.54,4,35,14.968
62,8,18.829,11.78,4,43,14.888
62,8,19.064,4.39,4,41,14.928
62,8,19.291,24.61,4,36,14.968
62,8,19.517,22.68,4,32,14.992
62,8,19.757,12.83,4,33,14.988
62,8,19.983,17.75,4,36,14.964
62,8,20.225,13.36,4,36,14.972
62,8,20.484,17.58,4,35,14.976
62,8,20.759,18.11,4,34,14.980
62,8,20.988,15.29,4,35,14.972
62,8,21.218,16.88,4,35,14.980
62,8,21.458,16.70,4,34,14.980
62,8,21.689,16.00,4,34,14.980
62,8,21.933,19.34,4,33,14.976
62,8,22.167,24.08,4,36,14.960
62,8,22.398,9.32,4,35,14.968
62,8,22.628,19.34,4,37,14.948
62,8,22.855,14.59,4,34,14.968
62,8,23.083,18.63,4,34,14.972
62,8,23.303,15.47,4,34,14.968
62,8,23.549,17.05,4,34,14.964
62,8,23.778,16.70,4,34,14.964
62,8,24.014,17.05,4,34,14.964
62,8,24.268,16.88,4,34,14.972
62,8,24.506,16.70,4,34,14.968
62,8,24.733,17.05,4,34,14.976
62,8,24.975,16.70,4,34,14.972
62,8,25.197,16.88,4,34,14.976
62,8,25.424,17.05,4,34,14.976
62,8,25.666,16.88,4,34,14.976
62,8,25.914,17.05,4,34,14.972
62,8,26.134,16.88,4,34,14.976
62,8,26.363,16.88,4,34,14.972
62,8,26.603,16.88,4,34,14.968
62,8,26.839,16.88,4,34,14.968
62,8,27.062,17.05,4,34,14.968
62,8,27.311,16.88,4,34,14.972
62,8,27.540,16.88,4,34,14.972
62,8,27.788,16.88,4,34,14.972
62,8,28.054,16.88,4,34,14.972
62,8,28.292,16.88,4,34,14.972
62,8,28.540,16.88,4,34,14.972
62,8,28.770,16.88,4,34,14.972
62,8,28.998,16.88,4,34,14.976
62,8,29.227,16.88,4,34,14.972
62,8,29.454,16.88,4,34,14.972
62,8,29.691,16.88,4,34,14.972
62,8,29.936,16.88,4,34,14.968
