t,servo_deg,pend_deg,pend_raw_deg,pwm,mode,v_bus,i_ma,p_mw
0.036,0.0,0.0,0.0,-35,5,14.696,6.6,98.0
0.137,-8.79,-8.61,-8.61,54,5,14.484,54.9,796.0
0.224,-31.82,-24.61,-24.61,51,5,14.504,50.6,734.0
0.3,-51.15,-24.26,-24.26,-46,5,14.652,13.7,200.0
0.378,-55.2,5.45,5.45,-45,5,14.672,10.8,158.0
0.458,-54.32,37.27,37.27,-45,5,14.668,10.1,148.0
0.545,-60.65,38.15,38.15,43,5,14.604,25.9,376.0
0.619,-84.02,0.88,0.88,36,5,14.664,10.2,150.0
0.701,-105.29,-34.1,-34.1,31,5,14.64,14.0,206.0
0.774,-103.89,-26.89,-26.89,-31,5,14.692,5.4,78.0
0.85,-84.9,12.48,12.48,-36,5,14.684,4.0,58.0
0.943,-70.84,41.31,41.31,-40,5,14.688,6.2,92.0
1.019,-72.6,29.18,29.18,40,5,14.628,18.4,268.0
1.098,-91.23,-14.77,-14.77,34,5,14.68,7.6,112.0
1.174,-98.09,-38.85,-38.85,32,5,14.664,8.4,114.0
1.262,-87.54,-21.97,-21.97,-35,5,14.696,4.8,72.0
1.338,-60.47,24.43,24.43,-43,5,14.684,5.8,86.0
1.427,-47.46,42.54,42.54,-22,5,14.684,6.7,98.0
1.505,-52.03,16.88,16.88,46,5,14.568,34.2,498.0
1.582,-74.88,-33.75,-33.75,39,5,14.636,15.9,232.0
1.654,-82.09,-52.21,-52.21,37,5,14.656,14.1,206.0
1.742,-76.82,-28.83,-28.83,-39,5,14.68,6.1,88.0
1.813,-53.09,25.84,25.84,-45,5,14.672,8.8,128.0
1.889,-43.24,55.2,55.2,-48,5,14.652,13.6,200.0
1.965,-42.89,47.81,47.81,48,5,14.532,41.6,602.0
2.041,-66.62,-3.69,-3.69,42,5,14.616,21.0,308.0
2.117,-89.82,-52.91,-52.91,35,5,14.672,9.6,140.0
2.202,-94.75,-58.89,-58.89,-33,5,14.688,4.9,72.0
2.282,-82.62,-16.35,-16.35,-37,5,14.696,4.5,66.0
2.373,-56.78,49.4,49.4,-44,5,14.688,8.5,96.0
2.453,-52.73,65.57,65.57,46,5,14.676,13.3,194.0
2.528,-61.52,34.98,34.98,44,5,14.58,30.1,440.0
2.605,-94.75,-30.94,-30.94,33,5,14.68,6.8,98.0
2.695,-105.82,-63.81,-63.81,30,5,14.696,7.5,112.0
2.775,-100.72,-43.95,-43.95,-32,5,14.7,3.5,52.0
2.848,-72.95,16.7,16.7,-40,5,14.664,-17.3,252.0
2.94,-55.55,64.16,64.16,-45,5,14.672,8.6,124.0
3.026,-54.14,56.95,56.95,45,5,14.564,32.8,478.0
3.103,-78.05,-2.29,-2.29,38,5,14.652,13.4,196.0
3.204,-101.43,-62.93,-62.93,32,5,14.676,8.0,118.0
3.281,-100.37,-58.71,-58.71,-32,5,14.684,6.6,98.0
3.395,-64.86,24.08,24.08,-42,5,14.692,4.9,72.0
3.467,-51.33,62.93,62.93,-46,5,14.652,12.4,180.0
3.546,-47.99,63.63,63.63,47,5,14.536,39.3,570.0
3.644,-69.08,6.5,6.5,41,5,14.628,17.4,256.0
3.719,-97.38,-58.18,-58.18,33,5,14.692,7.6,112.0
3.821,-100.19,-64.16,-64.16,-32,5,14.7,7.2,104.0
3.944,-67.68,20.21,20.21,-41,5,14.696,4.9,72.0
4.047,-51.5,71.89,71.89,-46,5,14.664,10.2,150.0
4.136,-53.26,55.2,55.2,46,5,14.552,34.9,508.0
4.214,-85.96,-16.0,-16.0,36,5,14.672,9.5,140.0
4.318,-105.64,-70.14,-70.14,30,5,14.68,7.8,114.0
4.413,-103.53,-56.78,-56.78,-31,5,14.692,5.1,76.0
4.486,-73.48,15.12,15.12,-39,5,14.648,-17.5,256.0
4.566,-56.43,64.16,64.16,-44,5,14.676,8.8,128.0
4.641,-52.91,71.54,71.54,46,5,14.572,36.1,528.0
4.73,-66.62,23.73,23.73,43,5,14.604,22.4,328.0
4.806,-98.61,-43.24,-43.24,32,5,14.676,7.7,112.0
4.883,-105.64,-72.07,-72.07,30,5,14.684,5.1,76.0
4.987,-98.26,-42.01,-42.01,-32,5,14.692,4.5,66.0
5.078,-61.35,40.96,40.96,-43,5,14.684,8.0,118.0
5.186,-50.8,74.0,74.0,46,5,14.644,15.1,220.0
5.269,-56.07,44.12,44.12,45,5,14.576,30.2,440.0
5.351,-92.46,-32.52,-32.52,34,5,14.68,8.7,128.0
5.456,-104.59,-74.18,-74.18,31,5,14.68,6.5,76.0
5.525,-101.6,-56.07,-56.07,-31,5,14.688,3.8,56.0
5.625,-66.8,26.89,26.89,-41,5,14.68,8.8,128.0
5.756,-51.5,75.59,75.59,46,5,14.648,13.0,190.0
5.829,-56.95,46.76,46.76,45,5,14.568,33.1,482.0
5.903,-90.7,-23.38,-23.38,35,5,14.676,6.5,96.0
5.987,-106.17,-69.61,-69.61,30,5,14.684,5.0,72.0
6.089,-104.59,-57.66,-57.66,-31,5,14.688,4.1,58.0
6.188,-69.08,26.89,26.89,-41,5,14.688,6.1,68.0
6.276,-55.55,73.12,73.12,-45,5,14.668,9.4,138.0
6.352,-53.97,68.38,68.38,45,5,14.564,33.3,484.0
6.434,-72.6,14.59,14.59,42,5,14.508,8.4,122.0
6.512,-103.71,-54.67,-54.67,31,5,14.688,4.5,66.0
6.607,-107.58,-73.48,-73.48,-30,5,14.684,4.3,62.0
6.682,-100.72,-43.77,-43.77,-32,5,14.688,6.4,96.0
6.762,-65.57,34.1,34.1,-42,5,14.684,5.4,78.0
6.838,-55.02,71.02,71.02,-45,5,14.672,8.4,124.0
6.914,-52.38,70.31,70.31,46,5,14.552,36.7,534.0
7.003,-73.48,10.2,10.2,40,5,14.648,15.0,220.0
7.109,-105.64,-68.03,-68.03,30,5,14.684,5.3,78.0
7.211,-105.12,-62.75,-62.75,-31,5,14.692,5.2,76.0
7.289,-84.55,-7.03,-7.03,-36,5,14.696,5.3,78.0
7.366,-58.53,56.78,56.78,-44,5,14.672,8.3,122.0
7.442,-53.44,76.11,76.11,-20,5,14.684,4.8,72.0
7.524,-57.3,49.57,49.57,45,5,14.572,31.6,462.0
7.623,-98.44,-39.38,-39.38,32,5,14.684,7.0,102.0
7.708,-107.75,-73.83,-73.83,30,5,14.688,6.1,88.0
7.809,-101.78,-46.23,-46.23,-31,5,14.696,5.1,76.0
7.88,-72.07,20.74,20.74,-40,5,14.688,4.3,62.0
7.957,-56.95,68.03,68.03,-44,5,14.672,8.5,124.0
8.042,-53.97,71.19,71.19,45,5,14.564,33.3,484.0
8.116,-64.16,33.75,33.75,42,5,14.608,24.9,364.0
8.201,-100.37,-42.01,-42.01,32,5,14.68,6.4,96.0
8.28,-108.28,-73.65,-73.65,30,5,14.628,-13.3,194.0
8.353,-105.47,-58.01,-58.01,-31,5,14.692,2.8,42.0
8.44,-74.88,14.77,14.77,-39,5,14.692,4.5,66.0
8.516,-57.3,65.22,65.22,-44,5,14.68,9.1,134.0
8.597,-53.61,73.3,73.3,45,5,14.564,32.3,472.0
8.698,-71.19,17.05,17.05,40,5,14.628,17.4,256.0
8.783,-104.41,-58.18,-58.18,31,5,14.68,6.6,98.0
8.859,-107.58,-73.65,-73.65,-30,5,14.688,3.7,56.0
8.935,-102.48,-49.92,-49.92,-31,5,14.696,2.9,42.0
9.018,-69.43,25.31,25.31,-41,5,14.688,7.0,102.0
9.117,-54.67,73.12,73.12,-45,5,14.664,9.5,140.0
9.192,-54.32,63.28,63.28,45,5,14.564,33.0,482.0
9.267,-75.94,7.73,7.73,39,5,14.64,15.9,232.0
9.351,-105.29,-59.59,-59.59,31,5,14.692,8.3,122.0
9.425,-108.11,-72.95,-72.95,-30,5,14.684,7.9,114.0
9.498,-103.01,-48.52,-48.52,-31,5,14.688,3.7,56.0
9.576,-72.95,19.69,19.69,-40,5,14.688,4.9,72.0
9.67,-56.43,72.25,72.25,-45,5,14.68,7.6,112.0
9.746,-55.37,66.44,66.44,45,5,14.576,30.3,442.0
9.82,-72.6,17.05,17.05,40,5,14.636,16.4,240.0
9.916,-106.52,-59.24,-59.24,30,5,14.684,4.9,72.0
10.008,-108.63,-68.91,-68.91,-30,5,14.696,4.1,58.0
10.094,-93.34,-20.92,-20.92,-34,5,14.696,4.9,72.0
10.171,-63.1,46.93,46.93,-42,5,14.696,7.0,102.0
10.258,-55.72,74.0,74.0,-45,5,14.676,9.6,140.0
10.328,-57.83,55.37,55.37,44,5,14.576,29.0,422.0
10.4,-83.85,-4.04,-4.04,37,5,14.664,11.6,170.0
10.474,-106.35,-59.06,-59.06,30,5,14.684,5.9,86.0
10.547,-108.81,-71.72,-71.72,-30,5,14.696,4.5,66.0
10.644,-97.73,-31.82,-31.82,-33,5,14.684,5.1,76.0
10.729,-62.23,48.34,48.34,-42,5,14.68,6.5,72.0
10.806,-55.9,72.6,72.6,-45,5,14.672,11.0,160.0
10.887,-55.9,58.89,58.89,45,5,14.58,32.5,476.0
10.977,-89.82,-19.86,-19.86,35,5,14.68,6.3,92.0
11.077,-106.0,-71.02,-71.02,30,5,14.684,5.4,78.0
11.162,-102.66,-55.2,-55.2,-31,5,14.688,4.8,72.0
11.231,-79.98,0.18,0.18,-36,5,14.68,4.0,58.0
11.316,-56.43,60.29,60.29,-44,5,14.676,8.6,128.0
11.396,-52.21,72.25,72.25,46,5,14.564,34.1,494.0
11.502,-68.03,20.74,20.74,41,5,14.62,21.2,312.0
11.598,-104.24,-59.06,-59.06,31,5,14.688,6.3,92.0
11.691,-107.05,-67.5,-67.5,-30,5,14.696,5.9,56.0
11.77,-93.69,-22.85,-22.85,-33,5,14.684,6.0,88.0
11.846,-63.28,47.99,47.99,-42,5,14.68,7.2,104.0
11.937,-56.78,73.83,73.83,-19,5,14.668,-8.7,128.0
12.029,-63.81,41.66,41.66,43,5,14.6,23.4,340.0
12.121,-101.95,-38.85,-38.85,32,5,14.684,6.7,98.0
12.195,-110.22,-70.14,-70.14,29,5,14.7,5.7,86.0
12.277,-107.75,-58.71,-58.71,-30,5,14.692,-13.8,200.0
12.375,-71.89,24.96,24.96,-40,5,14.624,13.7,200.0
12.46,-58.01,68.56,68.56,-44,5,14.672,9.4,138.0
12.558,-58.18,55.02,55.02,44,5,14.58,29.8,412.0
12.629,-82.62,-1.93,-1.93,38,5,14.652,14.0,206.0
12.714,-106.0,-58.53,-58.53,30,5,14.696,8.2,122.0
12.801,-107.75,-65.92,-65.92,-30,5,14.692,4.4,66.0
12.907,-82.44,0.88,0.88,-37,5,14.696,5.7,86.0
12.987,-59.59,58.71,58.71,-44,5,14.68,7.2,104.0
13.065,-55.37,70.31,70.31,45,5,14.576,32.9,478.0
13.144,-64.16,36.56,36.56,42,5,14.6,24.7,360.0
13.232,-100.72,-39.73,-39.73,32,5,14.688,7.9,114.0
13.32,-109.16,-70.14,-70.14,-7,5,14.684,5.9,86.0
13.404,-104.24,-48.52,-48.52,-31,5,14.684,3.8,56.0
13.486,-72.07,24.08,24.08,-40,5,14.684,5.6,82.0
13.586,-57.3,71.02,71.02,-44,5,14.676,8.9,132.0
13.666,-59.41,53.44,53.44,44,5,14.584,29.0,422.0
13.752,-89.3,-12.66,-12.66,35,5,14.684,6.9,102.0
13.853,-109.16,-68.38,-68.38,30,5,14.684,6.6,98.0
13.93,-106.7,-57.13,-57.13,-30,5,14.688,3.6,52.0
14.007,-84.55,-2.11,-2.11,-36,5,14.688,4.8,72.0
14.084,-61.0,55.55,55.55,-43,5,14.68,7.5,112.0
14.162,-56.43,69.61,69.61,45,5,14.564,32.6,476.0
14.238,-63.81,38.85,38.85,42,5,14.6,24.7,360.0
14.312,-95.8,-26.54,-26.54,33,5,14.672,7.9,96.0
14.389,-108.81,-66.09,-66.09,30,5,14.684,5.0,72.0
14.477,-107.23,-58.01,-58.01,-30,5,14.688,4.6,68.0
14.561,-79.45,9.14,9.14,-38,5,14.696,5.6,82.0
14.67,-59.24,65.22,65.22,-44,5,14.684,9.6,140.0
14.758,-58.36,59.94,59.94,44,5,14.584,28.4,412.0
14.827,-83.14,-0.35,-0.35,38,5,14.656,10.1,148.0
14.903,-106.88,-56.07,-56.07,30,5,14.684,5.5,82.0
14.982,-109.16,-66.62,-66.62,-30,5,14.692,5.0,72.0
15.055,-101.07,-37.27,-37.27,-32,5,14.688,5.4,78.0
15.144,-67.5,36.03,36.03,-41,5,14.66,10.0,148.0
15.215,-58.36,67.32,67.32,-44,5,14.676,7.9,114.0
15.287,-58.18,60.29,60.29,44,5,14.576,27.6,404.0
15.393,-88.77,-10.37,-10.37,35,5,14.68,8.6,128.0
15.492,-109.69,-66.27,-66.27,30,5,14.684,6.4,96.0
15.576,-106.35,-52.03,-52.03,-30,5,14.692,5.9,86.0
15.647,-81.03,7.03,7.03,-37,5,14.688,-2.1,30.0
15.737,-60.65,61.88,61.88,-43,5,14.652,10.6,154.0
15.818,-58.36,63.46,63.46,44,5,14.584,29.7,432.0
15.905,-74.36,17.58,17.58,39,5,14.648,16.4,240.0
16.009,-108.28,-61.0,-61.0,30,5,14.7,6.5,96.0
16.081,-108.46,-61.88,-61.88,-30,5,14.692,3.8,56.0
16.164,-91.76,-15.64,-15.64,-34,5,14.624,14.1,206.0
16.233,-65.04,43.24,43.24,-41,5,14.684,4.9,72.0
16.309,-58.18,66.44,66.44,-44,5,14.676,8.3,122.0
16.405,-63.46,39.55,39.55,43,5,14.604,26.4,386.0
16.482,-95.62,-28.12,-28.12,33,5,14.676,7.5,112.0
16.576,-107.05,-65.74,-65.74,30,5,14.672,7.6,112.0
16.651,-103.36,-50.1,-50.1,-31,5,14.692,5.1,76.0
16.738,-72.95,18.63,18.63,-40,5,14.688,5.3,78.0
16.81,-58.36,59.94,59.94,-44,5,14.684,8.8,128.0
16.882,-55.55,64.69,64.69,45,5,14.544,34.8,508.0
16.97,-71.54,18.11,18.11,40,5,14.628,19.1,278.0
17.094,-107.05,-63.28,-63.28,30,5,14.68,5.7,86.0
17.172,-106.35,-58.53,-58.53,-30,5,14.696,4.3,62.0
17.246,-88.42,-10.02,-10.02,-35,5,14.692,4.5,66.0
17.328,-62.58,51.5,51.5,-42,5,14.688,5.2,76.0
17.429,-58.36,63.1,63.1,44,5,14.58,30.4,442.0
17.517,-76.64,13.54,13.54,39,5,14.648,13.5,196.0
17.606,-107.23,-54.67,-54.67,30,5,14.68,6.9,86.0
17.703,-108.46,-59.59,-59.59,-30,5,14.64,12.8,186.0
17.788,-90.7,-12.13,-12.13,-34,5,14.688,3.6,52.0
17.875,-62.05,55.37,55.37,-43,5,14.676,7.6,112.0
17.964,-58.36,62.58,62.58,44,5,14.58,28.4,412.0
18.077,-86.13,-5.62,-5.62,36,5,14.668,9.2,134.0
18.163,-107.58,-59.77,-59.77,30,5,14.688,4.8,72.0
18.238,-107.23,-59.24,-59.24,-30,5,14.7,4.6,68.0
18.316,-89.3,-11.43,-11.43,-35,5,14.68,6.3,92.0
18.387,-64.16,45.18,45.18,-42,5,14.68,7.3,108.0
18.463,-57.83,65.57,65.57,-44,5,14.672,8.3,122.0
18.561,-65.74,33.93,33.93,42,5,14.62,21.4,312.0
18.629,-96.86,-29.88,-29.88,34,5,14.672,9.1,108.0
18.706,-107.23,-62.05,-62.05,30,5,14.688,6.1,88.0
18.804,-102.83,-45.0,-45.0,-31,5,14.692,4.2,62.0
18.887,-72.77,22.32,22.32,-40,5,14.692,4.2,62.0
18.962,-59.59,61.17,61.17,-44,5,14.68,7.2,104.0
19.051,-58.89,56.07,56.07,44,5,14.58,28.5,416.0
19.154,-90.18,-14.06,-14.06,35,5,14.676,7.1,104.0
19.237,-107.93,-61.35,-61.35,30,5,14.564,19.4,286.0
19.311,-106.7,-55.9,-55.9,-30,5,14.692,5.3,78.0
19.405,-83.85,0.35,0.35,-36,5,14.688,5.2,76.0
19.489,-61.52,56.07,56.07,-43,5,14.68,8.5,124.0
19.578,-59.06,58.36,58.36,44,5,14.588,27.5,400.0
19.651,-77.52,11.25,11.25,38,5,14.648,14.0,206.0
19.739,-106.35,-52.91,-52.91,30,5,14.672,4.7,68.0
19.817,-108.63,-61.7,-61.7,-30,5,14.696,6.1,88.0
19.899,-98.79,-30.76,-30.76,-32,5,14.696,5.4,78.0
19.999,-63.1,51.15,51.15,-43,5,14.68,6.7,98.0
20.091,-58.71,61.52,61.52,44,5,14.588,29.5,430.0
20.189,-81.21,4.39,4.39,37,5,14.664,12.7,186.0
20.284,-107.4,-56.25,-56.25,30,5,14.684,6.1,88.0
20.373,-106.88,-53.97,-53.97,-30,5,14.692,5.2,76.0
20.461,-82.44,4.39,4.39,-37,5,14.688,-20.0,292.0
20.535,-63.1,52.03,52.03,-42,5,14.684,6.0,88.0
20.612,-59.24,62.4,62.4,44,5,14.58,29.4,430.0
20.714,-79.81,8.44,8.44,38,5,14.656,11.0,160.0
20.788,-105.47,-47.28,-47.28,31,5,14.688,3.4,50.0
20.868,-109.16,-61.35,-61.35,-30,5,14.692,4.7,68.0
20.982,-88.24,-6.5,-6.5,-35,5,14.676,-18.9,276.0
21.083,-61.17,59.59,59.59,-43,5,14.676,9.2,134.0
21.178,-61.7,50.45,50.45,43,5,14.592,28.3,412.0
21.263,-92.11,-15.64,-15.64,34,5,14.672,6.8,98.0
21.334,-107.4,-55.02,-55.02,30,5,14.684,5.6,82.0
21.435,-106.35,-51.33,-51.33,-30,5,14.688,4.6,68.0
21.508,-83.85,1.41,1.41,-36,5,14.688,5.2,76.0
21.593,-62.05,54.67,54.67,-43,5,14.624,16.4,240.0
21.694,-60.82,52.91,52.91,43,5,14.552,5.4,78.0
21.768,-83.85,0.53,0.53,37,5,14.664,11.0,160.0
21.847,-106.7,-50.98,-50.98,30,5,14.684,6.8,98.0
21.92,-108.63,-58.53,-58.53,-30,5,14.688,6.9,66.0
22.0,-98.61,-27.95,-27.95,-32,5,14.688,4.7,68.0
22.096,-65.04,47.81,47.81,-42,5,14.68,7.5,112.0
22.187,-60.29,59.59,59.59,43,5,14.588,26.5,386.0
22.265,-72.77,23.2,23.2,40,5,14.636,18.1,266.0
22.354,-105.29,-45.88,-45.88,31,5,14.68,7.5,112.0
22.429,-108.81,-59.24,-59.24,-7,5,14.688,5.7,86.0
22.534,-94.04,-18.46,-18.46,-33,5,14.692,6.2,92.0
22.634,-62.58,53.79,53.79,-42,5,14.68,5.3,78.0
22.714,-59.94,57.48,57.48,44,5,14.572,29.5,432.0
22.785,-73.48,20.04,20.04,40,5,14.632,16.3,240.0
22.868,-102.13,-38.5,-38.5,31,5,14.68,6.2,92.0
22.943,-108.46,-59.06,-59.06,-7,5,14.684,6.4,96.0
23.07,-95.1,-21.09,-21.09,-33,5,14.684,5.5,82.0
23.146,-63.1,51.85,51.85,-43,5,14.672,8.2,92.0
23.226,-59.94,58.53,58.53,44,5,14.58,30.7,448.0
23.302,-73.83,20.39,20.39,40,5,14.644,16.3,240.0
23.38,-103.01,-39.38,-39.38,31,5,14.684,5.7,86.0
23.458,-108.98,-58.89,-58.89,-7,5,14.696,5.1,76.0
23.53,-102.66,-37.44,-37.44,-31,5,14.696,5.7,86.0
23.646,-66.09,45.35,45.35,-42,5,14.68,5.8,86.0
23.724,-61.0,59.94,59.94,37,5,14.648,13.7,200.0
23.802,-68.91,32.87,32.87,41,5,14.616,16.4,240.0
23.878,-99.32,-28.65,-28.65,32,5,14.684,5.1,76.0
23.954,-109.16,-57.66,-57.66,30,5,14.676,6.7,98.0
24.032,-105.47,-45.35,-45.35,-30,5,14.688,6.5,96.0
24.13,-73.12,26.02,26.02,-39,5,14.688,6.7,98.0
24.224,-61.52,58.71,58.71,-43,5,14.676,7.8,114.0
24.304,-65.57,38.67,38.67,42,5,14.608,21.5,314.0
24.375,-92.64,-17.93,-17.93,34,5,14.672,7.3,108.0
24.451,-106.35,-55.02,-55.02,30,5,14.688,5.5,82.0
24.527,-105.12,-51.15,-51.15,-31,5,14.684,6.3,92.0
24.599,-87.72,-8.79,-8.79,-35,5,14.684,5.6,72.0
24.698,-61.52,51.5,51.5,-43,5,14.676,7.1,104.0
24.776,-58.53,56.6,56.6,44,5,14.564,32.6,476.0
24.863,-80.51,4.22,4.22,37,5,14.66,12.4,180.0
24.936,-104.06,-45.88,-45.88,31,5,14.684,5.8,86.0
25.018,-107.93,-57.3,-57.3,-30,5,14.7,3.5,52.0
25.094,-96.5,-23.03,-23.03,-33,5,14.688,7.7,114.0
25.171,-69.43,36.21,36.21,-41,5,14.684,5.9,86.0
25.246,-62.05,59.24,59.24,-43,5,14.652,12.3,180.0
25.32,-65.57,44.65,44.65,42,5,14.612,24.5,358.0
25.399,-92.99,-12.83,-12.83,34,5,14.672,7.1,108.0
25.489,-109.69,-55.02,-55.02,30,5,14.66,11.4,168.0
25.563,-106.7,-46.05,-46.05,-30,5,14.688,5.1,76.0
25.64,-86.48,-0.18,-0.18,-34,5,14.688,6.7,98.0
25.723,-64.16,52.56,52.56,-42,5,14.676,7.3,108.0
25.797,-61.88,54.67,54.67,43,5,14.584,28.3,412.0
25.903,-87.36,-4.39,-4.39,36,5,14.664,9.3,138.0
25.976,-107.05,-50.98,-50.98,30,5,14.68,6.2,92.0
26.063,-106.52,-49.92,-49.92,-30,5,14.692,4.4,66.0
26.134,-88.77,-7.21,-7.21,-34,5,14.7,6.0,88.0
26.21,-65.57,44.65,44.65,-42,5,14.672,8.9,132.0
26.285,-60.65,57.13,57.13,43,5,14.596,25.7,374.0
26.374,-70.84,26.02,26.02,40,5,14.628,17.6,258.0
26.452,-101.6,-37.09,-37.09,32,5,14.684,8.1,118.0
26.538,-107.58,-55.72,-55.72,-7,5,14.696,2.3,32.0
26.628,-94.22,-19.16,-19.16,-33,5,14.692,3.4,50.0
26.707,-67.5,39.02,39.02,-41,5,14.68,7.0,102.0
26.795,-61.0,56.78,56.78,43,5,14.592,27.1,396.0
26.889,-76.99,14.59,14.59,39,5,14.648,15.4,226.0
26.967,-104.06,-40.78,-40.78,31,5,14.68,7.6,112.0
27.043,-108.63,-55.55,-55.55,30,5,14.7,5.5,82.0
27.14,-98.61,-25.84,-25.84,-32,5,14.684,4.9,72.0
27.216,-69.43,37.44,37.44,-41,5,14.688,5.3,78.0
27.295,-62.75,57.13,57.13,36,5,14.676,6.7,98.0
27.376,-70.66,31.29,31.29,40,5,14.62,20.1,294.0
27.465,-103.18,-36.03,-36.03,31,5,14.684,5.6,82.0
27.542,-108.98,-54.84,-54.84,30,5,14.676,8.4,124.0
27.634,-96.5,-21.45,-21.45,-32,5,14.684,6.5,96.0
27.719,-70.14,34.1,34.1,-40,5,14.688,7.1,104.0
27.793,-62.05,56.07,56.07,37,5,14.672,7.1,104.0
27.875,-69.08,31.64,31.64,41,5,14.628,21.7,318.0
27.959,-99.84,-31.46,-31.46,32,5,14.684,5.5,82.0
28.035,-107.58,-54.32,-54.32,30,5,14.692,6.8,98.0
28.113,-102.13,-37.79,-37.79,-31,5,14.688,5.2,76.0
28.212,-70.49,31.29,31.29,-40,5,14.696,5.4,78.0
28.295,-61.88,55.55,55.55,-43,5,14.684,7.7,112.0
28.378,-69.08,31.46,31.46,41,5,14.628,20.2,294.0
28.482,-104.06,-41.66,-41.66,31,5,14.684,6.8,62.0
28.555,-108.11,-53.97,-53.97,-30,5,14.676,8.4,124.0
28.627,-99.49,-29.0,-29.0,-32,5,14.696,5.7,86.0
28.712,-73.3,26.72,26.72,-40,5,14.68,6.4,96.0
28.805,-62.58,55.72,55.72,-43,5,14.676,8.3,122.0
28.894,-72.77,24.26,24.26,40,5,14.644,17.1,250.0
28.97,-101.6,-34.98,-34.98,32,5,14.68,6.6,98.0
29.045,-107.58,-54.32,-54.32,30,5,14.688,4.7,68.0
29.139,-96.33,-23.55,-23.55,-32,5,14.688,4.0,58.0
29.216,-70.14,31.11,31.11,-40,5,14.68,5.2,76.0
29.316,-60.82,55.02,55.02,43,5,14.68,13.8,204.0
29.393,-69.96,26.54,26.54,41,5,14.624,19.2,282.0
29.477,-100.19,-35.16,-35.16,32,5,14.68,5.0,72.0
29.551,-106.7,-54.67,-54.67,31,5,14.688,6.5,96.0
29.628,-99.32,-32.17,-32.17,-32,5,14.7,1.3,20.0
29.713,-70.84,29.18,29.18,-40,5,14.7,1.7,26.0
29.789,-61.7,55.37,55.37,-43,5,14.676,0.2,4.0
29.868,-64.16,43.24,43.24,42,5,14.604,22.6,330.0
29.961,-97.56,-26.02,-26.02,33,5,14.688,5.3,78.0
30.057,-107.75,-54.49,-54.49,31,5,14.676,7.5,112.0
30.136,-99.14,-28.65,-28.65,-32,5,14.688,5.1,76.0
30.212,-73.48,25.49,25.49,-39,5,14.688,4.7,68.0
30.299,-62.93,55.02,55.02,-43,5,14.68,7.7,112.0
30.377,-67.32,37.62,37.62,41,5,14.608,22.0,322.0
30.46,-97.21,-23.38,-23.38,33,5,14.684,6.6,98.0
30.555,-108.28,-53.97,-53.97,30,5,14.672,5.9,86.0
30.673,-93.34,-15.29,-15.29,-34,5,14.692,5.7,86.0
30.754,-65.92,45.53,45.53,-42,5,14.68,6.5,96.0
30.837,-62.23,52.73,52.73,43,5,14.592,26.5,386.0
30.93,-77.17,14.59,14.59,38,5,14.636,16.9,250.0
31.03,-107.05,-51.15,-51.15,30,5,14.68,5.2,76.0
31.11,-104.59,-43.24,-43.24,-31,5,14.684,4.3,62.0
31.194,-79.1,12.66,12.66,-38,5,14.672,6.9,102.0
31.272,-64.34,49.75,49.75,-42,5,14.684,5.0,72.0
31.397,-71.19,26.89,26.89,40,5,14.632,17.2,252.0
31.485,-100.9,-33.57,-33.57,32,5,14.684,4.9,72.0
31.591,-107.05,-51.33,-51.33,-30,5,14.688,4.7,68.0
31.675,-91.23,-11.78,-11.78,-34,5,14.688,4.6,68.0
31.753,-65.74,45.18,45.18,-42,5,14.688,5.6,82.0
31.85,-62.75,49.75,49.75,43,5,14.568,30.0,440.0
31.922,-80.51,7.73,7.73,38,5,14.648,13.1,176.0
32.008,-103.89,-42.01,-42.01,31,5,14.684,6.1,88.0
32.1,-105.64,-47.81,-47.81,-30,5,14.688,5.6,82.0
32.184,-84.02,1.93,1.93,-36,5,14.688,5.0,72.0
32.259,-65.39,45.53,45.53,-42,5,14.684,6.5,96.0
32.346,-62.23,50.27,50.27,43,5,14.58,30.0,440.0
32.441,-87.72,-6.5,-6.5,37,5,14.664,9.6,140.0
32.536,-107.05,-52.56,-52.56,30,5,14.684,7.0,102.0
32.616,-103.89,-41.48,-41.48,-31,5,14.692,3.9,56.0
32.714,-75.76,20.04,20.04,-39,5,14.688,5.4,78.0
32.798,-62.75,54.84,54.84,-43,5,14.68,8.4,124.0
32.89,-69.43,31.82,31.82,41,5,14.62,19.3,282.0
32.968,-96.68,-23.03,-23.03,33,5,14.68,7.1,104.0
33.041,-107.75,-52.73,-52.73,30,5,14.672,6.5,96.0
33.123,-103.01,-38.5,-38.5,-31,5,14.692,3.6,52.0
33.208,-75.41,20.92,20.92,-39,5,14.688,4.8,72.0
33.284,-63.28,52.73,52.73,-42,5,14.68,7.1,104.0
33.362,-63.63,46.93,46.93,42,5,14.592,27.3,400.0
33.452,-91.93,-14.06,-14.06,34,5,14.68,8.0,118.0
33.556,-107.58,-53.09,-53.09,30,5,14.668,0.6,10.0
33.642,-98.79,-27.95,-27.95,-31,5,14.692,2.3,32.0
33.723,-73.83,24.08,24.08,-39,5,14.688,4.8,72.0
33.796,-62.93,53.97,53.97,-43,5,14.672,8.0,118.0
33.883,-67.68,35.68,35.68,41,5,14.608,22.6,330.0
33.975,-99.67,-30.76,-30.76,32,5,14.684,6.7,98.0
34.053,-107.4,-53.44,-53.44,30,5,14.676,7.3,108.0
34.151,-96.5,-23.38,-23.38,-33,5,14.688,4.6,68.0
34.235,-70.49,31.46,31.46,-40,5,14.692,5.4,78.0
34.323,-61.7,54.32,54.32,43,5,14.688,4.6,68.0
34.399,-71.37,25.84,25.84,40,5,14.62,20.6,302.0
34.488,-102.48,-38.15,-38.15,31,5,14.684,6.1,88.0
34.562,-107.4,-53.26,-53.26,-30,5,14.684,6.5,96.0
34.641,-99.14,-29.0,-29.0,-32,5,14.688,4.0,58.0
34.717,-72.6,27.07,27.07,-40,5,14.684,5.6,82.0
34.794,-62.93,54.14,54.14,-43,5,14.68,8.3,122.0
34.891,-70.14,30.06,30.06,40,5,14.624,19.0,278.0
34.97,-98.79,-27.95,-27.95,32,5,14.68,5.6,82.0
35.05,-107.75,-53.26,-53.26,30,5,14.68,5.8,86.0
35.127,-102.13,-36.03,-36.03,-31,5,14.688,4.6,68.0
35.214,-72.95,26.19,26.19,-40,5,14.664,9.7,140.0
35.295,-62.75,54.14,54.14,-43,5,14.676,6.8,98.0
35.393,-70.31,29.0,29.0,41,5,14.624,20.0,292.0
35.483,-102.31,-36.91,-36.91,31,5,14.68,6.2,92.0
35.564,-107.58,-52.73,-52.73,-30,5,14.688,4.3,62.0
35.674,-88.24,-5.27,-5.27,-35,5,14.704,4.2,62.0
35.743,-67.15,42.01,42.01,-41,5,14.684,6.2,92.0
35.826,-62.58,53.44,53.44,43,5,14.492,39.5,574.0
35.902,-74.53,20.92,20.92,39,5,14.632,19.3,230.0
35.996,-104.41,-41.84,-41.84,31,5,14.684,5.7,86.0
36.093,-106.52,-48.34,-48.34,-30,5,14.688,5.7,86.0
36.181,-83.32,4.57,4.57,-37,5,14.696,6.8,66.0
36.288,-63.63,52.03,52.03,-42,5,14.684,6.6,98.0
36.368,-66.27,39.2,39.2,42,5,14.62,22.5,328.0
36.441,-91.06,-12.66,-12.66,36,5,14.648,11.4,168.0
36.526,-106.52,-50.8,-50.8,30,5,14.684,6.5,96.0
36.6,-104.41,-44.12,-44.12,-31,5,14.692,3.6,52.0
36.679,-83.85,2.64,2.64,-36,5,14.696,5.4,78.0
36.756,-65.04,46.76,46.76,-42,5,14.672,7.7,112.0
36.839,-62.23,51.5,51.5,43,5,14.596,29.2,426.0
36.928,-86.31,-3.69,-3.69,36,5,14.672,8.5,124.0
37.011,-106.0,-48.52,-48.52,30,5,14.688,5.5,82.0
37.112,-102.83,-38.67,-38.67,-31,5,14.692,5.1,76.0
37.21,-73.48,24.61,24.61,-39,5,14.688,4.5,66.0
37.307,-62.4,54.32,54.32,-43,5,14.684,5.1,76.0
37.393,-72.95,23.03,23.03,40,5,14.628,17.0,250.0
37.495,-104.94,-43.77,-43.77,31,5,14.684,5.8,86.0
37.567,-107.23,-51.33,-51.33,-30,5,14.652,10.4,154.0
37.646,-96.33,-22.15,-22.15,-32,5,14.692,5.6,82.0
37.726,-68.56,37.79,37.79,-41,5,14.688,5.5,82.0
37.802,-62.58,54.14,54.14,43,5,14.688,7.5,112.0
37.878,-69.61,31.46,31.46,41,5,14.612,21.2,312.0
37.987,-101.95,-34.8,-34.8,32,5,14.684,5.6,82.0
38.059,-107.75,-51.85,-51.85,-30,5,14.688,5.2,76.0
38.134,-97.21,-23.38,-23.38,-32,5,14.688,6.0,88.0
38.207,-72.07,29.36,29.36,-40,5,14.692,5.8,52.0
38.284,-63.46,53.09,53.09,-42,5,14.684,6.6,98.0
38.362,-66.44,39.73,39.73,42,5,14.608,22.8,334.0
38.45,-95.8,-21.45,-21.45,35,5,14.676,6.8,98.0
38.558,-107.58,-52.73,-52.73,30,5,14.684,4.9,72.0
38.633,-96.68,-22.68,-22.68,-33,5,14.688,5.4,78.0
38.745,-65.39,47.11,47.11,-41,5,14.692,3.6,52.0
38.837,-64.16,46.93,46.93,42,5,14.6,23.3,340.0
38.912,-82.62,4.57,4.57,37,5,14.648,14.2,210.0
38.985,-104.77,-42.54,-42.54,31,5,14.684,7.1,104.0
39.066,-107.05,-49.75,-49.75,-30,5,14.688,5.3,78.0
39.173,-85.25,1.05,1.05,-36,5,14.696,3.4,50.0
39.289,-62.93,53.61,53.61,36,5,14.68,9.2,134.0
39.385,-74.53,21.09,21.09,39,5,14.496,9.8,140.0
39.467,-102.66,-36.56,-36.56,31,5,14.68,6.3,92.0
39.553,-107.75,-51.68,-51.68,30,5,14.684,4.0,58.0
39.68,-77.52,17.4,17.4,-38,5,14.692,4.2,62.0
39.767,-64.16,52.21,52.21,-42,5,14.676,8.7,128.0
39.89,-78.05,14.77,14.77,38,5,14.652,14.5,212.0
39.984,-106.0,-44.3,-44.3,30,5,14.684,5.6,82.0
40.093,-103.18,-37.09,-37.09,-31,5,14.688,5.7,46.0
40.18,-77.17,18.46,18.46,-38,5,14.696,5.3,78.0
40.276,-63.81,52.38,52.38,-42,5,14.68,8.8,128.0
40.38,-71.89,27.07,27.07,40,5,14.64,17.1,250.0
40.498,-107.05,-49.57,-49.57,30,5,14.684,6.1,88.0
40.594,-101.25,-33.05,-33.05,-32,5,14.692,5.0,72.0
40.693,-71.89,29.53,29.53,-40,5,14.688,5.6,82.0
40.776,-63.28,52.56,52.56,36,5,14.676,6.8,98.0
40.873,-76.11,17.58,17.58,39,5,14.652,15.8,232.0
40.946,-101.78,-34.45,-34.45,32,5,14.66,-17.3,252.0
41.029,-107.23,-50.62,-50.62,-30,5,14.688,5.2,76.0
41.129,-87.89,-4.39,-4.39,-35,5,14.568,-4.0,58.0
41.206,-66.97,42.19,42.19,-41,5,14.68,7.3,10.0
41.315,-64.69,45.35,45.35,42,5,14.604,24.1,350.0
41.409,-92.28,-13.36,-13.36,34,5,14.676,11.5,170.0
41.491,-107.23,-49.57,-49.57,30,5,14.692,5.2,76.0
41.564,-103.71,-38.67,-38.67,-31,5,14.684,6.0,88.0
41.654,-77.52,17.75,17.75,-38,5,14.68,5.8,86.0
41.741,-64.34,51.68,51.68,-42,5,14.684,5.8,86.0
41.833,-71.37,29.71,29.71,40,5,14.632,17.5,256.0
41.91,-98.09,-23.55,-23.55,33,5,14.688,6.1,88.0
41.987,-108.11,-49.75,-49.75,30,5,14.684,5.4,78.0
42.072,-101.95,-32.34,-32.34,-31,5,14.688,5.3,78.0
42.161,-72.6,30.06,30.06,-40,5,14.688,5.2,76.0
42.241,-64.34,51.5,51.5,-42,5,14.684,9.1,134.0
42.321,-69.43,32.87,32.87,41,5,14.624,21.2,312.0
42.397,-95.8,-21.62,-21.62,33,5,14.672,6.0,88.0
42.482,-106.35,-50.27,-50.27,30,5,14.684,4.8,72.0
42.556,-100.37,-33.75,-33.75,-32,5,14.696,5.8,86.0
42.628,-77.17,14.59,14.59,-38,5,14.684,6.4,96.0
42.72,-62.4,50.98,50.98,-43,5,14.68,6.7,98.0
42.798,-64.69,38.85,38.85,42,5,14.6,22.4,328.0
42.873,-88.77,-11.25,-11.25,35,5,14.668,8.4,124.0
42.951,-104.77,-49.4,-49.4,31,5,14.684,6.3,92.0
43.025,-103.36,-43.77,-43.77,-31,5,14.692,5.7,86.0
43.107,-84.02,0.53,0.53,-36,5,14.684,6.0,88.0
43.181,-65.04,45.88,45.88,-42,5,14.68,6.9,102.0
43.261,-62.75,49.57,49.57,43,5,14.572,30.2,440.0
43.349,-79.45,9.67,9.67,38,5,14.652,13.8,204.0
43.421,-104.59,-43.24,-43.24,31,5,14.684,6.1,88.0
43.498,-106.52,-49.4,-49.4,-30,5,14.684,5.0,72.0
43.579,-93.16,-15.29,-15.29,-34,5,14.692,4.7,68.0
43.655,-68.38,38.67,38.67,-41,5,14.7,6.1,88.0
43.745,-63.1,50.98,50.98,43,5,14.592,26.9,394.0
43.842,-84.73,1.23,1.23,37,5,14.672,12.4,184.0
43.934,-106.88,-47.99,-47.99,30,5,14.684,5.4,78.0
44.013,-105.82,-44.65,-44.65,-30,5,14.688,6.3,92.0
44.086,-86.48,-0.7,-0.7,-36,5,14.692,3.9,56.0
44.162,-66.8,43.95,43.95,-41,5,14.688,5.1,76.0
44.241,-63.63,50.1,50.1,42,5,14.608,23.8,348.0
44.319,-76.47,17.4,17.4,39,5,14.64,16.4,240.0
44.391,-102.66,-36.21,-36.21,31,5,14.68,8.3,82.0
44.491,-106.52,-48.34,-48.34,-30,5,14.688,4.8,72.0
44.58,-85.96,-0.88,-0.88,-36,5,14.696,2.0,30.0
44.667,-65.39,46.23,46.23,-42,5,14.684,6.3,92.0
44.758,-64.51,44.12,44.12,42,5,14.62,24.3,354.0
44.831,-85.61,-1.76,-1.76,36,5,14.664,11.1,164.0
44.905,-104.77,-43.77,-43.77,31,5,14.688,5.4,78.0
44.983,-105.82,-47.28,-47.28,-30,5,14.692,4.1,58.0
45.059,-91.23,-11.6,-11.6,-34,5,14.692,5.3,78.0
45.138,-67.5,40.43,40.43,-41,5,14.688,5.8,86.0
45.229,-63.1,50.98,50.98,43,5,14.596,24.6,360.0
45.316,-79.63,10.72,10.72,38,5,14.652,12.8,186.0
45.415,-106.7,-47.46,-47.46,30,5,14.684,6.1,88.0
45.5,-104.24,-39.55,-39.55,-31,5,14.708,5.0,72.0
45.59,-81.03,10.55,10.55,-37,5,14.704,4.2,62.0
45.674,-64.86,50.8,50.8,-42,5,14.68,7.7,114.0
45.759,-67.85,38.15,38.15,41,5,14.62,21.0,308.0
45.836,-95.8,-19.16,-19.16,33,5,14.68,7.4,108.0
45.918,-107.75,-49.75,-49.75,30,5,14.684,5.5,82.0
46.01,-102.66,-35.33,-35.33,-31,5,14.7,4.8,72.0
46.101,-72.25,29.53,29.53,-40,5,14.688,5.6,82.0
46.179,-63.98,51.5,51.5,-42,5,14.676,7.2,104.0
46.267,-71.54,27.95,27.95,40,5,14.632,17.3,252.0
46.364,-103.18,-37.27,-37.27,31,5,14.684,5.9,86.0
46.452,-106.52,-47.11,-47.11,-30,5,14.692,4.5,66.0
46.546,-85.08,2.11,2.11,-35,5,14.692,4.5,66.0
46.62,-67.15,43.24,43.24,-41,5,14.688,4.9,72.0
46.701,-63.81,50.27,50.27,42,5,14.604,24.3,354.0
46.8,-87.36,-3.16,-3.16,36,5,14.668,9.2,134.0
46.878,-106.52,-45.88,-45.88,30,5,14.684,6.6,98.0
46.955,-105.64,-43.42,-43.42,-30,5,14.68,6.0,88.0
47.032,-87.19,-1.76,-1.76,-35,5,14.688,4.7,68.0
47.137,-66.97,43.77,43.77,-41,5,14.684,8.0,118.0
47.233,-70.14,32.52,32.52,40,5,14.62,19.5,286.0
47.319,-97.03,-21.09,-21.09,33,5,14.68,6.8,98.0
47.397,-108.11,-49.4,-49.4,30,5,14.692,1.6,22.0
47.482,-101.78,-31.29,-31.29,-31,5,14.688,3.4,50.0
47.573,-71.19,33.93,33.93,-40,5,14.692,5.2,76.0
47.657,-64.69,50.45,50.45,42,5,14.684,5.8,86.0
47.738,-73.12,25.31,25.31,40,5,14.64,18.4,268.0
47.821,-101.95,-34.8,-34.8,32,5,14.68,7.8,86.0
47.899,-106.52,-49.22,-49.22,-7,5,14.704,4.5,66.0
47.978,-95.45,-21.27,-21.27,-33,5,14.696,4.1,58.0
48.047,-72.07,26.54,26.54,-39,5,14.688,4.5,66.0
48.12,-63.1,49.92,49.92,-43,5,14.672,8.4,124.0
48.211,-68.03,30.76,30.76,41,5,14.62,20.5,298.0
48.288,-94.92,-24.08,-24.08,33,5,14.676,8.2,122.0
48.364,-104.59,-49.75,-49.75,31,5,14.68,6.5,96.0
48.44,-101.07,-38.5,-38.5,-32,5,14.692,3.8,56.0
48.516,-77.52,12.66,12.66,-38,5,14.688,5.7,86.0
48.603,-62.93,49.75,49.75,-43,5,14.672,8.2,122.0
48.684,-64.16,43.07,43.07,42,5,14.612,21.4,312.0
48.759,-90.53,-11.43,-11.43,35,5,14.668,9.5,140.0
48.838,-106.35,-47.11,-47.11,30,5,14.668,7.3,108.0
48.913,-105.64,-43.77,-43.77,-30,5,14.692,4.7,68.0
48.992,-86.13,1.41,1.41,-36,5,14.692,3.7,56.0
49.078,-66.8,47.64,47.64,-41,5,14.684,6.6,98.0
49.174,-67.85,41.48,41.48,41,5,14.62,20.5,298.0
49.249,-91.58,-8.26,-8.26,35,5,14.668,10.4,154.0
49.324,-107.58,-45.53,-45.53,30,5,14.684,5.7,86.0
49.437,-101.6,-30.41,-30.41,-31,5,14.688,4.5,66.0
49.511,-75.59,23.2,23.2,-39,5,14.688,4.2,62.0
49.596,-64.86,50.45,50.45,-42,5,14.68,5.7,86.0
49.696,-72.25,26.54,26.54,40,5,14.64,17.8,262.0
49.785,-102.31,-35.86,-35.86,31,5,14.684,6.2,92.0
49.858,-106.7,-49.22,-49.22,30,5,14.632,12.6,184.0
49.929,-97.38,-24.61,-24.61,-33,5,14.692,3.6,52.0
50.025,-68.91,36.56,36.56,-41,5,14.684,6.6,98.0
50.106,-63.46,50.27,50.27,42,5,14.624,23.4,340.0
50.195,-78.22,13.36,13.36,38,5,14.652,14.0,206.0
50.284,-103.71,-39.02,-39.02,31,5,14.68,5.7,86.0
50.361,-106.35,-46.58,-46.58,-30,5,14.692,4.5,66.0
50.446,-89.82,-7.21,-7.21,-34,5,14.688,6.2,92.0
50.529,-67.68,42.01,42.01,-41,5,14.684,7.0,102.0
50.617,-65.04,46.41,46.41,42,5,14.604,23.6,344.0
50.703,-87.01,-2.11,-2.11,36,5,14.672,9.0,132.0
50.776,-105.64,-43.24,-43.24,30,5,14.612,16.8,246.0
50.849,-106.52,-45.7,-45.7,-30,5,14.692,4.6,68.0
50.925,-91.93,-11.25,-11.25,-34,5,14.7,6.8,102.0
51.01,-68.38,40.08,40.08,-41,5,14.692,5.9,86.0
51.104,-64.51,48.16,48.16,42,5,14.604,24.1,350.0
51.179,-82.09,7.21,7.21,37,5,14.652,13.6,200.0
51.254,-104.06,-38.67,-38.67,31,5,14.68,5.3,78.0
51.346,-105.64,-43.42,-43.42,-30,5,14.696,5.9,86.0
51.426,-87.36,-1.93,-1.93,-35,5,14.7,4.6,68.0
51.504,-67.85,41.48,41.48,-41,5,14.676,6.7,98.0
51.59,-65.57,44.82,44.82,42,5,14.604,23.0,338.0
51.675,-85.43,0.88,0.88,36,5,14.664,11.1,164.0
51.769,-107.05,-47.28,-47.28,30,5,14.684,5.8,86.0
51.848,-103.36,-36.74,-36.74,-31,5,14.7,6.8,10.0
51.927,-82.44,7.73,7.73,-37,5,14.684,3.5,52.0
52.005,-66.27,46.05,46.05,-42,5,14.68,7.6,112.0
52.115,-70.49,30.06,30.06,40,5,14.608,21.8,318.0
52.204,-100.37,-32.17,-32.17,32,5,14.684,7.3,108.0
52.284,-106.0,-48.87,-48.87,30,5,14.684,6.1,88.0
52.366,-96.33,-23.73,-23.73,-33,5,14.692,7.4,108.0
52.441,-70.66,29.88,29.88,-40,5,14.688,6.0,88.0
52.526,-62.75,50.1,50.1,-18,5,14.68,6.3,92.0
52.612,-72.77,21.8,21.8,40,5,14.636,18.6,272.0
52.691,-99.49,-31.82,-31.82,32,5,14.68,6.6,98.0
52.783,-106.0,-48.52,-48.52,-30,5,14.684,5.4,78.0
52.865,-92.81,-14.77,-14.77,-34,5,14.696,4.6,68.0
52.967,-66.27,45.53,45.53,-42,5,14.684,6.9,102.0
53.038,-64.69,47.81,47.81,42,5,14.604,23.2,338.0
53.115,-80.16,11.25,11.25,38,5,14.66,12.4,180.0
53.209,-106.35,-44.12,-44.12,30,5,14.68,6.7,98.0
53.303,-104.59,-39.2,-39.2,-31,5,14.692,3.5,52.0
53.386,-82.44,8.79,8.79,-37,5,14.696,6.9,102.0
53.468,-66.27,47.81,47.81,-42,5,14.692,6.1,88.0
53.551,-67.32,40.78,40.78,42,5,14.604,23.5,344.0
53.643,-96.86,-20.92,-20.92,33,5,14.632,13.0,190.0
53.725,-107.4,-48.69,-48.69,30,5,14.696,5.7,86.0
53.814,-99.84,-28.12,-28.12,-32,5,14.688,4.9,72.0
53.92,-69.26,37.27,37.27,-41,5,14.572,-3.0,42.0
54.003,-64.16,49.75,49.75,42,5,14.692,5.2,76.0
54.089,-75.59,18.63,18.63,39,5,14.656,13.8,204.0
54.173,-103.89,-40.78,-40.78,31,5,14.68,7.0,102.0
54.242,-105.82,-47.28,-47.28,-30,5,14.692,5.0,72.0
54.319,-93.34,-16.17,-16.17,-34,5,14.688,6.4,96.0
54.407,-68.2,37.97,37.97,-41,5,14.68,6.9,102.0
54.497,-63.63,47.28,47.28,42,5,14.604,24.6,360.0
54.573,-78.05,12.48,12.48,38,5,14.64,15.7,230.0
54.648,-102.66,-37.97,-37.97,31,5,14.68,7.5,112.0
54.724,-106.35,-48.34,-48.34,-30,5,14.676,4.6,68.0
54.802,-95.1,-19.34,-19.34,-33,5,14.696,5.1,76.0
54.88,-71.02,31.99,31.99,-40,5,14.684,5.3,78.0
54.955,-64.16,50.45,50.45,-42,5,14.68,7.4,108.0
55.031,-70.31,30.41,30.41,40,5,14.62,20.6,302.0
55.111,-97.73,-25.84,-25.84,33,5,14.68,5.9,86.0
55.19,-106.35,-49.22,-49.22,30,5,14.684,5.6,82.0
55.263,-101.43,-35.33,-35.33,-31,5,14.692,3.9,56.0
55.354,-76.47,17.23,17.23,-39,5,14.688,4.9,72.0
55.446,-62.93,50.45,50.45,-18,5,14.68,8.7,128.0
55.542,-72.6,20.74,20.74,40,5,14.652,14.0,206.0
55.646,-103.18,-45.88,-45.88,31,5,14.688,4.2,62.0
55.726,-102.66,-44.47,-44.47,-31,5,14.688,4.9,72.0
55.801,-85.78,-4.92,-4.92,-36,5,14.684,5.3,78.0
55.877,-65.57,40.25,40.25,-42,5,14.684,8.5,124.0
55.954,-61.35,50.27,50.27,43,5,14.588,29.5,430.0
56.03,-74.18,17.93,17.93,39,5,14.644,15.4,226.0
56.124,-102.31,-38.67,-38.67,31,5,14.676,7.5,112.0
56.198,-106.52,-49.04,-49.04,-30,5,14.684,5.8,68.0
56.275,-94.04,-15.64,-15.64,-33,5,14.688,6.0,88.0
56.346,-71.54,33.22,33.22,-40,5,14.688,7.4,108.0
56.438,-65.04,51.5,51.5,42,5,14.62,23.5,344.0
56.51,-74.18,26.37,26.37,39,5,14.628,16.8,246.0
56.583,-100.9,-26.89,-26.89,32,5,14.684,7.7,114.0
56.659,-109.16,-49.75,-49.75,30,5,14.692,6.7,98.0
56.732,-103.89,-34.8,-34.8,-31,5,14.692,3.4,50.0
56.811,-80.33,14.24,14.24,-37,5,14.688,5.5,82.0
56.886,-66.27,48.34,48.34,-42,5,14.684,7.9,114.0
56.973,-67.15,40.6,40.6,41,5,14.624,21.0,308.0
57.055,-94.22,-16.52,-16.52,34,5,14.684,9.6,140.0
57.135,-106.7,-48.16,-48.16,30,5,14.676,3.3,50.0
57.228,-100.02,-30.59,-30.59,-32,5,14.684,-5.3,176.0
57.311,-74.71,22.32,22.32,-39,5,14.688,4.2,62.0
57.386,-63.81,50.1,50.1,-42,5,14.68,7.4,108.0
57.468,-66.8,37.79,37.79,42,5,14.612,25.0,364.0
57.545,-92.28,-14.06,-14.06,34,5,14.652,10.9,140.0
57.616,-106.35,-47.81,-47.81,30,5,14.68,6.2,92.0
57.697,-103.53,-38.85,-38.85,-31,5,14.684,5.4,78.0
57.77,-83.14,6.33,6.33,-36,5,14.704,4.8,72.0
57.849,-66.97,45.0,45.0,-41,5,14.672,6.9,102.0
57.944,-66.8,42.01,42.01,41,5,14.604,23.3,340.0
58.028,-92.28,-11.07,-11.07,34,5,14.672,8.3,122.0
58.103,-107.58,-47.11,-47.11,30,5,14.688,5.0,72.0
58.181,-105.12,-39.9,-39.9,-31,5,14.696,4.4,66.0
58.262,-83.32,7.21,7.21,-35,5,14.68,7.8,114.0
58.364,-65.57,49.4,49.4,-42,5,14.664,11.1,164.0
58.438,-68.2,38.32,38.32,41,5,14.62,20.8,304.0
58.515,-93.16,-13.36,-13.36,34,5,14.676,6.7,98.0
58.591,-106.88,-46.93,-46.93,30,5,14.692,5.6,82.0
58.672,-104.06,-38.85,-38.85,-31,5,14.692,4.5,66.0
58.745,-82.44,7.73,7.73,-37,5,14.688,5.3,56.0
58.838,-65.22,48.34,48.34,-42,5,14.68,7.2,104.0
58.921,-66.27,41.31,41.31,42,5,14.604,23.9,350.0
59.042,-102.48,-36.39,-36.39,31,5,14.684,6.1,88.0
59.138,-105.47,-45.18,-45.18,-30,5,14.688,4.8,72.0
59.228,-83.14,5.27,5.27,-37,5,14.688,5.8,50.0
59.306,-66.27,45.18,45.18,-42,5,14.692,6.5,96.0
59.388,-64.51,46.23,46.23,42,5,14.584,27.1,396.0
59.459,-82.27,4.75,4.75,38,5,14.648,12.2,180.0
59.541,-103.53,-41.66,-41.66,31,5,14.68,6.5,96.0
59.63,-104.24,-43.59,-43.59,-31,5,14.696,5.1,76.0
59.719,-85.61,-1.23,-1.23,-36,5,14.7,6.8,102.0
59.797,-65.22,45.53,45.53,-42,5,14.672,6.2,92.0
59.873,-64.16,45.18,45.18,42,5,14.604,23.7,348.0
59.956,-84.9,0.0,0.0,36,5,14.668,10.8,158.0
