t,th,al,pwm,mode
0.0427,-0.7,-0.7,63,7
0.0843,-7.56,-7.73,56,7
0.1562,-29.53,-26.02,95,7
0.2032,-48.16,-36.21,4,7
0.2522,-59.24,-33.75,-70,7
0.301,-54.84,-7.03,-146,7
0.3439,-30.94,37.62,-162,7
0.4179,-2.64,91.58,-13,7
0.469,16.0,116.19,89,7
0.5559,29.0,117.25,47,7
0.6103,31.82,96.68,-48,7
0.6685,29.0,53.97,-38,7
0.714,5.62,-10.55,64,7
0.7691,-12.48,-37.97,27,7
0.8161,-13.71,-70.66,112,7
0.8803,-23.38,-88.42,95,7
0.9343,-41.84,-76.29,-18,7
0.9834,-55.9,-47.11,-118,7
1.0342,-48.87,7.91,-147,7
1.0917,-7.91,101.6,92,7
1.1367,-4.57,149.41,85,7
1.1847,-17.05,194.06,-18,7
1.2288,-31.29,229.75,-26,7
1.2789,-39.9,271.41,4,7
1.3293,-38.5,312.54,0,7
1.3754,-15.64,380.74,-40,7
1.4501,20.21,472.15,103,7
1.5176,6.5,531.56,-48,7
1.5715,-5.1,550.9,-118,7
1.6204,1.23,544.04,-40,7
1.6623,8.96,528.05,121,7
1.7051,10.9,507.48,-5,7
1.7473,10.2,476.54,-54,7
1.7982,-0.35,421.17,-72,7
1.8393,-17.05,366.86,100,7
1.8845,-22.85,323.09,97,7
1.9467,-24.08,293.56,128,7
1.999,-33.22,279.32,-4,7
2.0417,-43.59,287.58,1,7
2.0888,-52.21,309.02,-77,7
2.1393,-50.27,349.98,-145,7
2.1844,-12.66,424.69,-69,7
2.2368,9.32,494.65,125,7
2.2898,3.16,544.39,-8,7
2.3333,-12.48,587.28,18,7
2.4084,-25.66,658.12,50,7
2.4571,-13.89,720.7,-7,7
2.5135,23.03,812.81,94,7
2.566,20.39,862.03,77,7
2.6174,4.75,893.32,-40,7
2.6678,-8.44,908.79,-115,7
2.7138,-3.69,901.41,-5,7
2.7665,3.16,883.48,32,7
2.8344,4.39,829.69,-61,7
2.882,-12.13,768.87,-84,7
2.9254,-17.75,722.28,132,7
2.9837,-13.71,684.32,126,7
3.0437,-14.06,670.78,152,7
3.0867,-25.66,674.3,113,7
3.1279,-37.09,693.63,-128,7
3.1687,-36.74,726.33,-160,7
3.2337,-1.41,800.86,-63,7
3.2794,16.0,873.28,89,7
3.3271,7.21,910.72,37,7
3.3716,-7.38,939.73,43,7
3.4257,-22.68,964.34,-82,7
3.4744,-34.63,997.38,48,7
3.5177,-39.55,1030.08,-9,7
3.5887,-27.6,1093.71,-131,7
3.6352,25.14,1196.19,136,7
3.6836,28.12,1244.53,104,7
3.7395,4.92,1300.43,60,7
3.7872,-23.03,1340.16,-75,7
3.8692,-34.45,1396.76,-69,7
3.928,4.04,1501.35,10,7
3.9728,16.35,1547.58,65,7
4.0252,6.15,1595.21,-22,7
4.0671,-10.02,1626.15,-70,7
4.113,-17.58,1648.83,-47,7
4.1682,-21.97,1684.34,87,7
4.2099,-24.96,1717.21,111,7
4.2807,-6.5,1808.96,-9,7
4.3282,8.96,1844.3,-113,7
4.3875,5.45,1844.3,-124,7
4.4452,6.15,1844.3,-101,7
4.5065,24.43,1840.25,61,7
4.5782,36.21,1822.32,104,7
4.6327,32.52,1799.3,126,7
4.6786,12.48,1757.64,139,7
4.726,-31.99,1719.14,-131,7
4.8045,-76.82,1662.01,-81,7
4.8497,-75.41,1662.19,-111,7
4.9011,-59.59,1683.28,37,7
4.9441,-39.2,1712.81,152,7
4.9953,-38.15,1722.31,49,7
5.0501,-45.35,1722.66,-40,7
5.1029,-51.15,1721.95,18,7
5.1649,-56.25,1720.37,25,7
5.2086,-58.53,1719.32,30,7
5.2761,-59.41,1718.79,32,7
5.3204,-60.82,1716.68,33,7
5.3714,-61.17,1715.62,40,7
5.4148,-62.23,1713.69,32,7
5.5111,-64.16,1711.93,42,7
5.5547,-66.09,1711.41,17,7
5.5993,-66.27,1713.52,61,7
5.6501,-69.78,1713.16,12,7
5.7156,-70.49,1716.68,51,7
5.7595,-73.3,1718.61,16,7
5.8077,-73.65,1721.07,29,7
5.8597,-73.65,1722.66,28,7
5.9208,-73.65,1721.95,26,7
5.9724,-72.77,1719.84,33,7
6.0252,-72.25,1716.86,30,7
6.102,-72.42,1710.35,41,7
6.1689,-74.0,1706.48,37,7
6.2243,-75.41,1707.01,49,7
6.276,-78.22,1709.3,22,7
6.3197,-77.52,1715.62,48,7
6.3609,-77.69,1721.25,28,7
6.4052,-77.69,1725.82,27,7
6.4661,-77.87,1728.28,18,7
6.5143,-78.22,1726.7,12,7
6.5906,-78.22,1718.79,12,7
6.6469,-76.47,1713.16,54,7
6.6892,-77.52,1707.19,-23,7
6.7296,-77.69,1704.2,12,7
6.774,-75.59,1705.61,87,7
6.823,-78.93,1704.38,-48,7
6.8648,-78.05,1709.65,32,7
6.9158,-76.82,1717.38,39,7
6.9777,-77.17,1724.24,23,7
7.0223,-77.34,1727.58,22,7
7.0658,-77.69,1727.58,17,7
7.124,-78.4,1723.89,9,7
7.1835,-78.22,1716.86,24,7
7.2318,-76.82,1712.99,52,7
7.2745,-77.87,1707.19,13,7
7.3385,-77.52,1704.9,59,7
7.3877,-79.28,1703.85,-25,7
7.4312,-78.57,1709.12,35,7
7.4876,-78.57,1716.33,-12,7
7.5574,-78.75,1724.59,19,7
7.6167,-78.57,1727.93,20,7
7.6634,-79.1,1726.7,12,7
7.7115,-79.63,1723.01,6,7
7.7511,-79.63,1718.09,8,7
7.7986,-78.22,1714.22,39,7
7.8415,-77.34,1709.82,58,7
7.8887,-79.63,1704.02,-51,7
7.9596,-77.52,1706.13,64,7
8.0086,-79.63,1707.19,-43,7
8.0587,-78.22,1714.92,40,7
8.1044,-78.75,1720.19,5,7
8.1742,-80.33,1725.12,14,7
8.2284,-80.86,1726.17,12,7
8.2788,-81.03,1724.24,8,7
8.3235,-80.86,1720.55,9,7
8.3718,-79.81,1716.68,31,7
8.4228,-78.4,1712.46,58,7
8.492,-79.98,1705.43,9,7
8.5423,-78.22,1706.84,78,7
8.583,-80.68,1706.13,-56,7
8.6286,-79.1,1711.93,50,7
8.6861,-80.33,1715.98,-12,7
8.7355,-81.74,1720.9,5,7
8.7787,-81.56,1724.94,12,7
8.8327,-81.39,1726.7,12,7
8.8818,-81.56,1724.77,6,7
8.9246,-81.56,1721.43,6,7
8.9715,-80.68,1717.03,22,7
9.0327,-78.93,1712.81,58,7
9.0738,-81.03,1705.96,-92,7
9.117,-75.41,1709.82,105,7
9.1745,-77.52,1707.01,-23,7
9.2299,-76.64,1709.82,7,7
9.2744,-77.34,1713.34,1,7
9.3193,-79.63,1715.1,-2,7
9.3649,-78.22,1720.37,33,7
9.4237,-77.17,1724.77,33,7
9.4822,-77.17,1725.12,19,7
9.5296,-77.69,1721.95,14,7
9.5809,-77.52,1717.38,12,7
9.6362,-76.47,1713.52,42,7
9.7025,-77.52,1707.01,35,7
9.7503,-77.87,1705.78,60,7
9.7982,-80.16,1705.43,-22,7
9.8446,-79.1,1711.06,50,7
9.895,-79.63,1717.21,6,7
9.9394,-78.93,1723.36,28,7
10.0092,-78.75,1728.11,15,7
10.0519,-79.45,1726.88,12,7
10.1004,-80.33,1722.83,4,7
10.1798,-80.51,1715.62,12,7
10.2272,-78.93,1710.53,56,7
10.2999,-79.1,1706.13,37,7
10.3426,-78.93,1706.66,68,7
10.3892,-81.21,1706.84,-68,7
10.4378,-76.11,1717.38,69,7
10.4813,-78.93,1718.26,0,7
10.5279,-79.1,1722.31,12,7
10.5762,-76.82,1727.23,39,7
10.6362,-76.82,1726.7,16,7
10.6863,-77.69,1721.78,7,7
10.7304,-77.87,1716.15,13,7
10.7904,-76.64,1711.06,50,7
10.847,-78.22,1705.25,5,7
10.8929,-77.34,1705.78,69,7
10.9436,-79.81,1705.78,-4,7
10.9949,-77.52,1714.04,70,7
11.0508,-80.33,1717.73,3,7
11.0963,-80.86,1722.48,7,7
11.1413,-80.86,1726.0,13,7
11.1866,-81.03,1727.05,10,7
11.2424,-81.39,1724.77,6,7
11.2944,-81.56,1719.84,7,7
11.3469,-80.16,1714.92,25,7
11.4109,-79.81,1710.0,50,7
11.4717,-79.63,1705.78,44,7
11.5321,-79.98,1706.31,45,7
11.5968,-77.87,1715.1,65,7
11.6736,-80.68,1720.19,6,7
11.7165,-79.63,1724.59,13,7
11.7644,-79.1,1726.7,14,7
11.807,-79.28,1725.47,8,7
11.8572,-79.81,1721.6,7,7
11.9148,-79.45,1715.8,20,7
11.9763,-78.22,1711.41,45,7
12.0223,-78.93,1706.66,21,7
12.0797,-78.93,1705.61,69,7
12.1248,-79.81,1707.01,29,7
12.1727,-78.05,1713.16,67,7
12.2418,-81.03,1718.44,-4,7
12.2875,-80.51,1723.54,14,7
12.3394,-79.98,1726.88,15,7
12.3831,-80.33,1726.52,7,7
12.4326,-80.68,1723.54,4,7
12.4841,-80.86,1718.26,6,7
12.5407,-79.63,1713.87,35,7
12.5864,-79.45,1708.59,35,7
12.6697,-79.1,1706.13,68,7
12.7142,-81.03,1706.13,-22,7
12.7632,-79.98,1711.93,44,7
12.816,-80.16,1717.03,17,7
12.864,-79.63,1723.36,24,7
12.9072,-79.45,1726.88,17,7
12.964,-79.81,1726.7,17,7
13.0156,-80.86,1722.48,3,7
13.0643,-81.03,1717.21,6,7
13.1071,-79.81,1713.69,40,7
13.1517,-79.81,1709.82,44,7
13.196,-80.51,1706.13,22,7
13.2515,-79.81,1706.48,67,7
13.2976,-80.86,1708.24,24,7
13.3582,-79.45,1713.87,52,7
13.4132,-81.91,1718.61,0,7
13.4573,-81.91,1723.18,5,7
13.5044,-81.74,1725.82,6,7
13.5691,-81.74,1725.64,8,7
13.638,-81.91,1720.19,6,7
13.6967,-80.51,1715.1,30,7
13.7469,-79.63,1710.53,50,7
13.8072,-81.39,1705.25,5,7
13.861,-77.87,1708.77,89,7
13.9091,-80.86,1707.71,-96,7
13.9735,-74.53,1719.32,75,7
14.0536,-81.56,1717.56,-6,7
14.1026,-82.27,1719.32,0,7
14.1475,-81.74,1721.25,12,7
14.2049,-80.68,1722.48,18,7
14.2551,-79.81,1721.6,21,7
14.31,-78.57,1718.79,27,7
14.3523,-77.69,1715.27,37,7
14.4008,-78.22,1710.7,15,7
14.4568,-77.69,1708.42,57,7
14.5101,-80.33,1705.43,-7,7
14.5593,-79.81,1708.59,44,7
14.6228,-80.68,1712.81,5,7
14.6752,-80.33,1720.37,21,7
14.7267,-79.45,1726.0,25,7
14.7696,-79.45,1727.58,16,7
14.8143,-79.98,1725.47,7,7
14.8643,-80.86,1721.07,5,7
14.9125,-80.86,1715.27,1,7
14.9612,-79.45,1712.29,43,7
15.0198,-81.21,1705.43,-31,7
15.1095,-79.45,0.53,-43,5
15.1624,-76.47,7.21,-43,5
15.216,-70.31,18.46,-44,5
15.2665,-65.92,23.73,-45,5
15.3182,-62.93,23.03,-45,5
15.385,-61.52,17.23,-45,5
15.4284,-59.06,5.27,-45,5
15.4865,-52.91,-0.18,-38,5
15.5439,-43.77,0.88,-30,5
15.5941,-34.28,5.1,-48,5
15.6689,-19.86,13.71,-49,5
15.745,1.58,20.74,-49,5
15.7944,10.55,17.4,-49,5
15.8403,17.75,9.32,1,5
15.9162,20.39,-9.32,49,5
15.9738,16.17,-27.07,49,5
16.0172,13.01,-30.06,49,5
16.0822,7.91,-21.62,49,5
16.1278,4.04,-18.98,5,5
16.1726,3.16,-19.16,-49,5
16.2227,2.64,-18.98,-49,5
16.2629,0.35,-18.98,-49,5
16.3072,-3.69,-19.16,-49,5
16.3819,-12.83,-19.86,-33,5
16.4229,-23.91,-42.19,0,5
16.4759,-33.57,-64.16,14,5
16.5228,-35.16,-71.19,8,5
16.5692,-31.82,-67.32,-15,5
16.6308,-21.62,-50.1,-49,5
16.6867,-2.64,-20.04,-49,5
16.7493,7.91,-7.73,-49,5
16.7981,12.3,-12.13,-49,5
16.8512,12.13,-29.0,0,5
16.9297,3.52,-66.27,49,5
16.9787,-0.88,-66.09,49,5
17.02,-3.69,-66.27,49,5
17.0651,-5.98,-66.27,49,5
17.1154,-5.98,-66.09,-6,5
17.1638,0.18,-66.27,-49,5
17.2195,5.98,-54.84,-49,5
17.268,5.8,-39.02,-49,5
17.3173,3.34,-40.08,-49,5
17.3806,-6.33,-43.77,-4,5
17.4501,-24.79,-75.06,23,5
17.4954,-29.71,-92.64,29,5
17.5524,-29.0,-97.56,16,5
17.6129,-20.21,-82.44,-25,5
17.6655,0.0,-47.11,-49,5
17.7115,14.94,-21.45,-49,5
17.7705,23.2,-10.02,-47,5
17.8288,25.66,-18.81,8,5
17.8922,19.51,-42.89,49,5
17.9499,-2.99,-71.02,49,5
17.9985,-10.2,-73.48,49,5
18.0676,-16.35,-78.57,49,5
18.1109,-20.92,-61.0,-25,5
18.162,-14.06,-24.96,-49,5
18.2086,-0.35,17.4,-49,5
18.2692,4.22,25.14,-49,5
18.3198,3.69,25.31,-49,5
18.3668,2.46,25.14,-9,5
18.4201,-5.27,23.2,49,5
18.4627,-25.66,-20.74,34,5
18.5354,-42.36,-64.69,-9,5
18.5923,-44.3,-83.32,-47,5
18.6329,-41.13,-76.99,-47,5
18.6787,-33.93,-58.53,-48,5
18.7346,-7.21,-9.14,-49,5
18.7841,16.7,34.1,-49,5
18.8277,26.89,57.83,12,5
18.9058,31.11,60.12,48,5
18.9639,25.49,38.5,49,5
19.0099,-0.53,0.7,49,5
19.0526,-25.31,-39.73,18,5
19.1038,-36.03,-68.91,-48,5
19.1527,-40.25,-80.68,-48,5
19.2081,-41.48,-74.0,-47,5
19.2515,-37.97,-50.45,-48,5
19.3412,-2.64,30.06,-49,5
19.3868,12.66,74.88,49,5
19.4664,12.48,97.21,49,5
19.5213,7.03,86.84,49,5
19.5693,-6.15,86.31,49,5
19.6228,-37.27,39.55,-48,5
19.6769,-62.75,-5.45,-45,5
19.722,-71.19,-27.07,-44,5
19.7782,-73.12,-29.18,-44,5
19.82,-70.66,-14.06,-44,5
19.8643,-61.88,12.48,-45,5
19.9272,-31.29,75.41,-22,5
19.9791,-21.09,107.4,49,5
20.0349,-20.57,117.07,44,5
20.1027,-25.14,102.66,-32,5
