t,th_deg,al_deg,pwm,i_ma,mode
0.0283,-21.97,-359.65,0,3.1,4
0.0934,-21.45,-0.7,-49,15.2,5
0.155,-17.58,-2.99,-49,15.2,5
0.2144,-8.61,-4.22,-49,14.5,5
0.2702,4.04,-8.61,-38,14.5,5
0.3417,18.81,-28.65,49,3.8,5
0.4159,16.88,-26.37,49,44.1,5
0.4838,17.75,-25.49,49,44.1,5
0.5415,17.4,-24.43,49,44.0,5
0.6185,16.7,-21.27,-26,4.3,5
0.6789,13.18,-15.12,-49,4.3,5
0.7607,9.84,-12.13,-37,16.6,5
0.8186,7.56,-10.9,39,3.4,5
0.9046,-1.05,-4.39,49,42.7,5
0.9597,-13.71,2.46,49,42.7,5
1.0161,-16.17,2.11,7,17.0,5
1.0816,-6.68,0.0,-49,17.0,5
1.1389,2.29,-5.98,-49,14.1,5
1.204,0.53,-4.39,-49,16.3,5
1.2669,-2.81,-0.35,-49,16.3,5
1.3322,-7.56,2.11,15,12.6,5
1.3862,-14.41,8.79,49,42.6,5
1.4391,-20.21,16.0,49,42.6,5
1.5082,-19.16,14.77,9,13.6,5
1.5668,-17.58,13.36,-49,13.6,5
1.6372,-10.55,8.44,-49,15.0,5
1.7024,-8.61,8.44,-49,15.1,5
1.7673,-8.79,8.44,-49,15.1,5
1.8332,-12.83,8.61,0,15.9,5
1.9045,-18.81,15.82,49,31.2,5
1.9993,-19.51,16.7,36,14.3,5
2.061,-17.93,14.59,-49,14.3,5
2.1221,-13.54,10.72,-49,15.2,5
2.1807,-6.68,10.72,-49,15.2,5
2.2422,-7.03,10.55,-49,15.1,5
2.2971,-8.61,10.55,-49,15.1,5
2.3589,-13.36,11.25,32,15.1,5
2.4447,-21.27,22.15,49,41.8,5
2.5513,-18.46,18.81,-36,7.8,5
2.6334,-12.83,14.06,-49,14.9,5
2.6939,-8.61,14.06,-49,14.9,5
2.7519,-8.26,14.24,-49,14.9,5
2.8139,-11.78,14.06,-21,15.2,5
2.8702,-15.82,16.17,36,15.2,5
2.9338,-21.45,24.43,49,38.5,5
2.9961,-20.57,26.02,31,7.1,5
3.0565,-19.69,25.14,-49,7.1,5
3.1128,-17.58,23.73,-49,15.4,5
3.169,-17.05,23.55,-49,15.4,5
3.2523,-15.12,22.5,-49,15.2,5
3.3222,-11.25,22.5,-21,15.1,5
3.3757,-9.49,22.68,49,15.1,5
3.4296,-15.12,22.68,49,43.5,5
3.4859,-21.97,25.66,25,4.6,5
3.5463,-15.47,16.88,-31,4.6,5
3.6119,-5.27,16.88,-49,14.3,5
3.6719,7.91,7.21,-49,14.3,5
3.7365,11.43,1.93,-49,14.2,5
3.8081,10.02,4.75,26,3.6,5
3.8731,7.56,7.73,49,3.6,5
3.9341,5.98,10.2,49,44.2,5
4.0135,-2.99,20.21,49,42.7,5
4.0833,-9.32,20.57,-49,42.7,5
4.1512,-5.8,20.57,-49,15.9,5
4.2287,2.29,20.04,-49,14.7,5
4.2862,5.8,17.75,-14,4.1,5
4.3487,4.04,19.69,49,4.1,5
4.4161,-0.18,22.68,49,43.7,5
4.4869,-7.03,25.31,49,43.7,5
4.5483,-18.28,32.34,-28,42.4,5
4.6274,-14.94,32.87,-49,14.5,5
4.6834,-5.45,32.34,-49,14.5,5
4.7521,12.66,16.88,-44,13.7,5
4.817,19.69,10.55,49,5.0,5
4.8724,16.52,13.18,49,5.0,5
4.9555,9.84,17.58,49,43.5,5
5.022,-0.35,25.14,49,43.0,5
5.0834,-7.56,27.42,-49,43.0,5
5.1445,-5.62,27.6,-49,16.0,5
5.211,2.99,25.49,-49,14.1,5
5.2762,7.03,23.91,-22,14.1,5
5.332,8.09,23.38,49,3.7,5
5.4064,3.87,27.25,49,43.1,5
5.4705,-6.5,33.22,49,43.1,5
5.5353,-18.63,40.6,-14,41.6,5
5.6244,-15.64,40.43,-49,14.9,5
5.6815,-8.79,39.55,-49,14.9,5
5.7401,-2.29,39.02,-49,13.9,5
5.8153,9.49,24.61,24,3.1,5
5.8895,18.46,14.94,49,44.7,5
5.9522,17.4,17.05,49,44.7,5
6.0157,15.64,20.92,49,44.2,5
6.0691,11.25,25.14,12,44.2,5
6.1479,9.84,26.19,-49,4.0,5
6.2064,15.82,23.38,-49,14.6,5
6.2698,23.91,18.81,9,14.6,5
6.3336,30.76,15.47,48,44.7,5
6.4152,28.3,21.09,49,40.9,5
6.4732,20.92,29.88,49,40.9,5
6.5511,1.23,52.03,17,42.3,5
6.6189,-9.49,66.97,-49,16.3,5
6.6866,-5.45,66.27,-49,16.3,5
6.7645,-3.87,66.09,-49,15.5,5
6.844,6.68,97.56,49,5.1,5
6.8945,39.55,169.98,-24,3.7,4
6.9547,58.18,228.69,-23,3.7,4
7.0216,60.65,248.38,-22,3.4,4
7.073,60.29,230.27,-22,3.4,4
7.1312,50.62,188.44,-23,3.4,4
7.2096,17.05,111.44,-24,4.0,4
7.2868,14.77,107.05,62,4.0,4
7.3532,13.18,107.05,63,85.7,4
7.4117,16.0,116.72,62,83.9,4
7.5058,43.95,146.25,42,64.2,4
7.5616,37.97,127.44,43,64.2,4
7.6388,28.65,109.86,48,26.3,4
7.7024,30.06,109.51,47,38.1,4
7.7748,34.1,114.08,-68,38.1,4
7.839,43.24,126.21,42,74.0,4
7.8915,43.24,114.78,42,23.1,4
7.9458,40.6,93.69,43,23.1,4
8.0116,36.21,59.59,43,24.9,4
8.0662,32.52,10.55,44,24.9,4
8.1238,36.39,-32.34,43,29.0,4
8.1842,35.68,-51.33,-67,29.0,4
8.24,33.57,-56.43,-68,41.7,4
8.2979,39.2,-64.69,43,31.5,4
8.3515,44.47,-71.19,-66,31.5,4
8.4121,50.27,-78.22,-65,32.9,4
8.4778,55.2,-82.09,-65,32.9,4
8.5391,62.75,-85.43,-63,58.6,4
8.6053,70.31,-87.89,-62,50.8,4
8.6698,76.47,-85.96,-61,50.8,4
8.7311,85.25,-86.84,-59,43.7,4
8.7954,94.92,-88.77,-57,36.0,4
8.8548,101.25,-90.18,-55,36.0,4
8.913,106.35,-90.35,-54,26.5,4
8.9672,109.86,-89.82,-53,26.5,4
9.0272,113.03,-88.59,-53,23.5,4
9.1077,115.14,-85.25,-52,22.5,4
9.1948,114.26,-78.75,-52,22.5,4
9.2676,111.62,-71.89,-53,23.9,4
9.3346,109.86,-67.68,-53,24.3,4
9.4014,108.63,-62.58,-54,24.3,4
9.4727,108.28,-60.29,-54,27.2,4
9.5416,108.11,-61.88,-54,26.9,4
9.5974,108.11,-64.69,-54,26.9,4
9.6616,108.11,-68.91,-54,27.2,4
9.7223,108.28,-69.08,-54,26.9,4
9.7805,108.81,-70.66,-54,26.9,4
9.8408,109.16,-73.83,-53,26.3,4
9.8974,108.98,-76.64,-53,24.3,4
9.96,109.51,-77.34,-53,24.3,4
10.0253,110.39,-78.05,-53,24.2,4
10.0856,111.44,-78.93,-53,24.2,4
10.1478,112.32,-78.05,-53,24.4,4
10.2053,112.32,-76.64,-53,24.3,4
10.2596,112.32,-73.83,-53,24.3,4
10.3137,111.8,-71.02,-53,25.0,4
10.3745,110.74,-68.91,-53,25.0,4
10.4485,110.04,-66.09,-53,24.6,4
10.5025,109.69,-64.69,-53,24.5,4
10.5552,109.69,-64.69,-53,24.5,4
10.6161,109.51,-64.34,-53,24.6,4
10.6738,109.51,-64.16,-53,24.6,4
10.7369,109.51,-61.88,-53,24.6,4
10.8129,108.81,-58.71,-54,24.6,4
10.8672,108.28,-56.78,-54,24.6,4
10.9291,107.75,-55.02,-54,27.0,4
10.9842,107.4,-52.91,-54,27.0,4
11.0432,106.52,-49.75,-54,27.1,4
11.112,106.35,-50.98,-54,27.1,4
11.1656,106.0,-51.5,-54,27.1,4
11.2354,106.0,-52.21,-54,27.0,4
11.2906,106.0,-52.03,-54,27.0,4
11.3503,105.82,-52.03,-54,27.1,4
11.4229,105.82,-52.03,-54,26.9,4
11.4745,105.64,-52.38,-54,26.9,4
11.5277,105.64,-52.38,-54,27.2,4
11.6119,105.64,-52.21,-54,27.1,4
11.6732,105.64,-52.56,-54,27.1,4
11.7435,105.64,-53.26,-54,26.9,4
11.827,105.64,-54.32,-54,27.0,4
11.887,105.64,-55.2,-54,27.0,4
11.9644,105.82,-57.66,-54,27.1,4
12.0296,106.17,-60.29,-54,26.4,4
12.0993,107.05,-65.74,-54,26.4,4
12.1528,106.88,-65.04,-54,27.0,4
12.2239,107.4,-65.39,-54,26.9,4
12.2864,107.4,-64.69,-54,26.9,4
12.3865,107.4,-63.46,-54,26.8,4
12.4431,107.4,-61.52,-54,26.9,4
12.513,107.4,-60.29,-54,27.0,4
12.5871,107.4,-59.59,-54,27.0,4
12.6459,107.4,-59.06,-54,26.9,4
12.7222,107.4,-58.18,-54,26.6,4
12.7965,107.23,-57.83,-54,26.6,4
12.8635,107.23,-57.3,-54,26.8,4
12.9415,107.23,-57.13,-54,26.9,4
12.9961,107.23,-57.13,-54,26.9,4
13.0519,107.23,-57.48,-54,27.3,4
13.1157,107.23,-58.36,-54,27.0,4
13.1859,107.05,-58.71,-54,27.0,4
13.2497,107.05,-58.18,-54,26.9,4
13.3265,107.05,-57.83,-54,27.0,4
13.4036,107.05,-58.89,-54,27.0,4
13.4646,107.05,-58.71,-54,27.0,4
13.5215,107.05,-59.06,-54,26.9,4
13.6393,107.05,-58.89,-54,26.8,4
13.6935,107.05,-58.71,-54,26.8,4
13.7493,107.05,-58.89,-54,27.0,4
13.8087,107.23,-59.94,-54,27.0,4
13.8728,107.4,-62.05,-54,27.0,4
13.9498,107.4,-62.05,-54,27.1,4
14.0185,107.4,-61.7,-54,27.2,4
14.0765,107.58,-61.35,-54,27.2,4
14.1346,107.58,-61.52,-54,26.8,4
14.1901,107.58,-61.52,-54,26.8,4
14.2476,107.58,-61.52,-54,27.0,4
14.3081,107.4,-60.82,-54,27.0,4
14.3701,106.88,-59.59,-54,27.6,4
14.434,101.95,-54.84,-55,27.5,4
14.503,89.65,-33.75,-58,27.5,4
14.5601,86.48,-33.93,-58,39.4,4
14.6206,84.9,-35.33,-59,41.8,4
14.6816,85.61,-38.67,-59,41.8,4
14.7386,85.78,-42.72,-59,41.8,4
14.8102,87.36,-50.1,-58,41.8,4
14.8983,90.0,-57.66,-58,37.9,4
14.9583,79.98,-53.44,-60,39.6,4
15.0129,64.86,-42.89,-63,58.4,4
15.0956,56.07,-39.02,-64,58.4,4
15.17,51.68,-39.55,-65,60.4,4
15.2284,40.43,-35.51,-67,70.7,4
15.2896,31.82,-34.1,-68,70.7,4
15.3567,21.09,-32.34,-69,78.5,4
15.408,15.64,-32.17,-69,78.5,4
15.466,14.59,-36.03,-69,75.4,4
15.524,14.59,-40.43,-69,80.3,4
15.5797,6.15,-39.9,-69,80.3,4
15.635,-4.57,-37.79,-68,78.1,4
15.6922,-12.66,-35.33,-63,78.1,4
15.7535,-14.59,-36.21,-62,56.3,4
15.8111,-9.67,-41.13,-64,56.3,4
15.8754,-3.52,-48.52,-68,58.2,4
15.9327,-2.64,-51.85,-68,74.8,4
15.9997,-7.38,-49.92,-66,74.8,4
16.0589,-8.96,-48.52,-65,69.0,4
16.119,-8.26,-48.34,-65,63.5,4
16.1856,-8.79,-48.69,-65,63.5,4
16.2655,-12.83,-49.4,-63,61.0,4
16.339,-12.83,-52.56,-63,56.0,4
16.4116,-14.41,-51.68,-62,56.0,4
16.4775,-16.52,-51.68,-61,52.5,4
16.5408,-18.11,-51.15,-60,49.1,4
16.6109,-18.11,-51.33,-60,49.1,4
16.6802,-18.63,-52.56,-60,45.3,4
16.7612,-18.98,-52.73,-60,45.2,4
16.8461,-18.98,-53.79,-60,45.2,4
16.8999,-18.98,-55.72,-60,45.2,4
16.9576,-18.98,-57.66,-60,45.1,4
17.014,-18.98,-59.94,-60,45.1,4
17.0748,-18.63,-63.81,-60,45.0,4
17.1327,-18.46,-64.16,-60,45.1,4
17.1946,-18.28,-58.53,-60,45.1,4
17.2576,-17.93,-56.25,-61,45.1,4
17.3211,-17.05,-61.0,-61,48.3,4
17.3869,-15.12,-66.09,-62,48.3,4
17.449,-8.26,-73.12,69,83.8,4
17.5081,-1.05,-80.51,69,83.8,4
17.562,4.04,-86.66,68,73.0,4
17.6756,1.93,-105.47,68,95.8,4
17.7417,-7.56,-137.81,69,105.7,4
17.7945,-34.98,-196.0,68,105.7,4
17.8571,-47.64,-231.68,66,82.9,4
17.9288,-39.02,-251.72,67,96.0,4
17.9948,-36.74,-267.19,0,96.0,4
18.0521,-28.12,-263.14,0,3.6,4
18.1172,-5.45,-236.95,-66,3.6,4
18.1775,20.04,-206.72,-69,68.5,4
18.2442,48.87,-181.58,-66,66.0,4
18.3007,68.56,-180.0,8,66.0,4
18.3555,82.62,-196.88,4,4.5,4
18.4163,86.31,-238.53,-59,4.5,4
18.5031,91.58,-281.95,0,40.9,4
18.5728,101.78,-301.99,0,4.2,4
18.6545,108.98,-281.78,0,3.4,4
18.7492,113.2,-246.09,-53,3.4,4
18.8237,101.6,-200.57,-55,21.5,4
18.8939,84.9,-201.27,0,32.1,4
18.9762,72.42,-225.7,-61,3.5,4
19.0381,76.82,-242.75,-61,49.0,4
19.1043,93.87,-244.16,-57,49.0,4
19.1692,111.8,-241.88,-53,29.8,4
19.2372,114.78,-251.02,-52,29.8,4
19.2995,109.51,-264.02,0,23.6,4
19.3733,108.11,-258.22,0,3.9,4
19.4287,111.62,-240.65,-53,23.4,4
19.4888,110.57,-227.11,-53,23.4,4
19.557,103.89,-220.96,-55,28.1,4
19.6219,97.21,-223.42,-56,28.1,4
19.6805,97.21,-225.35,-56,33.2,4
19.7387,100.72,-228.52,-55,31.6,4
19.8028,102.13,-231.85,-55,31.6,4
19.8693,101.6,-227.99,-55,29.8,4
19.936,98.09,-226.93,-56,33.2,4
19.9953,93.87,-226.41,-57,33.2,4
20.0578,88.24,-225.7,-58,36.0,4
20.1369,74.88,-232.56,-60,47.2,4
20.1971,57.3,-247.15,35,47.2,4
20.259,40.6,-263.32,0,3.5,4
20.3264,30.06,-269.65,0,3.5,4
20.3821,23.2,-278.96,0,3.8,4
20.4513,16.17,-287.58,0,3.3,4
20.505,7.03,-302.17,0,3.3,4
20.6077,-7.03,-310.78,0,3.2,4
20.6744,-14.06,-310.61,0,3.8,4
20.7321,-20.57,-320.45,0,3.1,4
20.8081,-28.83,-331.7,0,3.1,4
20.889,-32.34,-343.48,0,3.4,4
20.9522,-33.75,-352.44,0,2.9,4
21.0413,-29.88,-5.1,-47,10.5,5
21.1029,-23.03,-15.64,-49,10.5,5
21.1685,-11.78,-24.43,-49,14.4,5
21.222,-2.99,-24.26,-49,14.4,5
21.2897,-4.22,-26.72,-39,16.7,5
21.359,-2.11,-27.77,49,4.5,5
21.4174,-3.69,-26.54,49,4.5,5
21.4761,-7.21,-20.21,49,46.5,5
21.531,-13.54,-10.55,0,46.5,5
21.602,-16.7,-4.04,-49,3.1,5
21.6611,-11.07,-4.04,-49,15.1,5
21.7223,-1.93,-4.04,-49,15.1,5
21.7764,13.01,-11.43,-5,14.2,5
21.8549,14.77,-11.25,49,43.1,5
21.9345,4.57,-3.87,49,43.1,5
22.0076,-20.39,14.59,12,42.6,5
22.0908,-21.8,19.69,-49,4.3,5
22.2067,-9.84,16.88,-49,13.9,5
22.2809,3.34,12.13,-28,15.2,5
22.3344,10.2,3.69,49,44.9,5
22.3925,10.72,-0.53,49,44.9,5
22.4527,3.52,3.87,49,43.3,5
22.5272,-14.94,17.05,0,43.3,5
22.6045,-19.86,22.68,-49,3.4,5
22.6715,-14.41,21.45,-49,14.9,5
22.7273,-11.25,17.75,-49,14.9,5
22.7821,-8.61,17.93,-49,15.2,5
22.841,-5.98,17.93,21,4.9,5
22.8963,-7.91,17.75,49,4.9,5
22.9531,-19.34,27.07,49,42.0,5
23.0164,-27.95,34.28,-22,42.0,5
23.069,-26.89,33.75,-49,12.3,5
23.1297,-25.66,33.4,-49,12.3,5
23.2044,-25.84,32.34,-49,16.4,5
23.265,-26.72,30.94,-49,16.3,5
23.3498,-29.0,27.95,-48,16.3,5
23.4207,-34.98,25.84,13,9.2,5
23.4842,-40.96,27.42,-18,3.9,5
23.5432,-43.77,27.42,-47,12.5,5
23.6147,-40.96,17.58,-47,12.5,5
23.6802,-30.94,4.22,-48,13.0,5
23.7406,-14.94,-6.86,-49,13.2,5
23.798,-1.58,-8.44,-20,13.2,5
23.8578,0.88,-8.96,49,37.8,5
23.9133,-4.57,-4.04,49,37.8,5
23.9902,-14.24,0.88,49,42.8,5
24.0781,-29.0,23.2,-48,5.1,5
24.1374,-29.18,27.6,-48,5.1,5
24.1983,-24.08,24.08,-49,13.2,5
24.2639,-17.4,15.64,-49,14.1,5
24.3279,-7.03,14.41,6,14.1,5
24.3917,0.18,10.2,50,7.3,5
24.4606,-0.7,10.37,49,43.3,5
24.5331,-9.14,14.41,14,43.3,5
24.6246,-13.18,18.46,-49,3.9,5
24.6837,-5.8,18.46,-49,14.5,5
24.7545,6.86,12.83,-49,13.8,5
24.8208,10.9,10.2,47,13.8,5
24.8816,5.45,14.77,49,43.2,5
24.9431,-4.04,22.5,49,43.2,5
25.0024,-19.16,34.1,22,44.7,5
25.0628,-30.94,46.41,-48,16.4,5
25.1375,-24.79,43.07,-49,16.4,5
25.2142,-14.94,40.25,-49,14.6,5
25.2697,-7.56,40.43,-49,14.2,5
25.3368,2.64,32.17,38,14.2,5
25.436,6.5,28.3,49,45.7,5
25.504,-2.29,33.4,49,43.6,5
25.5724,-13.89,38.5,-49,3.5,5
25.6414,-17.58,42.54,-49,3.5,5
25.7174,-11.6,40.96,-49,15.6,5
25.7759,-1.41,39.9,-49,14.4,5
25.8296,10.9,27.95,49,14.4,5
25.9011,13.54,27.42,49,46.0,5
25.9605,9.32,30.23,49,43.1,5
26.0183,0.35,36.56,49,43.1,5
26.0764,-8.96,42.54,-48,3.9,5
26.1477,-12.66,45.53,-49,3.9,5
26.2149,-7.73,45.18,-49,15.3,5
26.2774,4.57,37.09,-37,14.7,5
26.3331,12.3,33.22,49,14.7,5
26.3906,13.89,32.52,49,45.4,5
26.4482,10.2,35.33,49,43.5,5
26.5117,1.23,42.19,49,43.5,5
26.5704,-11.43,51.15,-49,3.1,5
26.6286,-18.28,59.94,-49,3.1,5
26.6881,-20.21,66.44,-49,15.7,5
26.7418,-17.4,65.04,-49,15.7,5
26.7998,-14.59,63.28,-49,15.4,5
26.8688,-15.12,63.98,23,3.4,5
26.9444,-22.85,69.43,49,3.4,5
27.0045,-24.96,69.96,0,37.3,5
27.0605,-24.96,69.08,-49,16.3,5
27.1231,-23.91,67.32,-49,16.3,5
27.1834,-22.85,65.22,-49,14.9,5
27.2471,-23.38,64.51,-49,14.9,5
27.3298,-24.79,62.58,-40,15.3,5
27.3958,-27.95,60.47,20,3.8,5
27.4694,-34.28,63.1,5,3.7,5
27.545,-35.68,64.51,-48,3.7,5
27.6312,-36.39,63.81,-48,13.9,5
27.6971,-35.16,61.52,-48,14.0,5
27.7599,-31.64,56.78,-48,12.8,5
27.8401,-27.95,54.32,-49,12.8,5
27.9049,-21.09,50.27,40,3.7,5
27.9895,-25.14,55.37,15,43.6,5
28.0494,-29.18,60.47,-48,43.6,5
28.1081,-24.61,57.3,-49,13.3,5
28.1668,-17.75,50.8,-49,14.5,5
28.2401,-3.87,48.16,-49,14.5,5
28.307,7.21,39.73,14,14.0,5
28.3687,4.04,41.84,49,43.2,5
28.4261,-4.57,47.46,49,43.2,5
28.4847,-18.28,53.97,43,42.3,5
28.5774,-25.14,66.27,-49,15.4,5
28.666,-15.29,59.41,-49,14.4,5
28.7193,-4.92,59.24,-49,14.4,5
28.7845,9.84,45.35,-9,14.1,5
28.8477,8.44,46.41,49,14.1,5
28.9274,-2.64,52.91,49,42.4,5
29.0021,-22.5,64.34,10,41.6,5
29.079,-27.95,76.11,-49,13.8,5
29.1575,-23.38,72.95,-49,13.8,5
29.2191,-17.4,67.32,-49,14.5,5
29.3004,-9.32,65.57,-49,14.5,5
29.3677,2.99,57.66,49,46.1,5
29.4289,5.1,54.14,49,46.1,5
29.4972,-0.7,57.13,49,43.4,5
29.5566,-10.37,62.23,-21,3.6,5
29.617,-13.54,63.98,-49,3.6,5
29.6798,-9.67,62.75,-49,14.3,5
29.7438,2.11,59.06,-49,14.3,5
29.8023,11.43,53.97,19,14.2,5
29.8585,14.06,52.03,49,46.8,5
29.9142,9.67,53.61,49,46.8,5
29.9918,1.58,57.48,49,42.5,5
