attempt,t,pend_deg,mode,pwm,v_bus
1,0.095,17.93,5,-59,0.000
1,0.394,-55.55,5,4,0.000
1,0.697,72.60,5,34,0.000
1,1.016,-82.97,5,-58,0.000
1,1.332,72.07,5,57,0.000
1,1.629,-73.30,5,-56,0.000
1,1.942,64.86,5,7,0.000
1,2.244,2.46,5,3,0.000
1,2.550,-33.75,5,-58,0.000
1,2.845,-18.11,5,59,0.000
1,3.173,67.50,5,21,0.000
1,3.480,-69.43,5,-54,0.000
1,3.770,83.14,5,59,0.000
1,4.085,-59.41,5,-55,0.000
1,4.384,37.44,5,59,0.000
1,4.697,35.86,5,43,0.000
1,5.029,-56.95,5,-57,0.000
1,5.334,53.44,5,59,0.000
1,5.641,-17.75,5,-57,0.000
1,5.918,28.83,5,9,0.000
1,6.191,-25.49,5,-57,0.000
1,6.443,-3.16,5,-46,0.000
1,6.738,53.09,5,59,0.000
1,7.051,-53.44,5,-56,0.000
1,7.354,39.38,5,59,0.000
1,7.669,18.63,5,-59,0.000
1,7.974,-35.51,5,-56,0.000
1,8.281,63.81,5,59,0.000
1,8.608,-34.28,5,-57,0.000
1,8.901,-4.92,5,18,0.000
1,9.199,51.68,5,36,0.000
1,9.513,-63.81,5,-55,0.000
1,9.836,67.15,5,59,0.000
1,10.139,-28.12,5,-57,0.000
1,10.425,-5.80,5,-41,0.000
1,10.740,56.95,5,59,0.000
1,11.048,-56.78,5,-56,0.000
1,11.360,46.93,5,59,0.000
1,11.671,15.64,5,-59,0.000
1,11.980,-45.18,5,-56,0.000
1,12.278,67.15,5,59,0.000
1,12.605,-38.32,5,-57,0.000
1,12.904,-0.18,5,10,0.000
1,13.201,47.64,5,35,0.000
1,13.517,-61.17,5,-55,0.000
1,13.807,69.96,5,59,0.000
1,14.122,-33.57,5,-57,0.000
1,14.426,-11.07,5,-49,0.000
1,14.732,57.30,5,59,0.000
1,15.065,-54.84,5,-56,0.000
1,15.350,48.87,5,59,0.000
1,15.651,-1.23,5,-59,0.000
1,15.985,-48.69,5,-56,0.000
1,16.264,66.27,5,59,0.000
1,16.588,-47.46,5,-56,0.000
1,16.883,24.26,5,59,0.000
1,17.231,57.30,5,59,0.000
1,17.500,-57.48,5,-56,0.000
1,17.803,68.38,5,59,0.000
1,18.116,-34.98,5,-57,0.000
1,18.422,-3.87,5,-18,0.000
1,18.723,54.32,5,59,0.000
1,19.071,-59.06,5,-56,0.000
1,19.367,43.77,5,59,0.000
1,19.650,-7.38,5,-58,0.000
1,19.946,-30.23,5,-57,0.000
1,20.276,65.74,5,59,0.000
1,20.586,-48.87,5,-56,0.000
1,20.870,37.09,5,59,0.000
1,21.185,30.41,5,-20,0.000
1,21.488,-53.26,5,-56,0.000
1,21.801,68.03,5,59,0.000
1,22.116,-33.40,5,-57,0.000
1,22.414,-1.58,5,-5,0.000
1,22.759,61.17,5,59,0.000
1,23.029,-59.77,5,-56,0.000
1,23.341,56.25,5,59,0.000
1,23.645,-8.09,5,-58,0.000
1,23.979,-44.30,5,-56,0.000
1,24.250,64.69,5,59,0.000
1,24.567,-55.55,5,-56,0.000
1,24.865,43.59,5,59,0.000
1,25.174,20.21,5,-54,0.000
1,25.536,-59.24,5,-56,0.000
1,25.801,68.20,5,59,0.000
1,26.108,-44.12,5,-56,0.000
1,26.400,11.07,5,32,0.000
1,26.718,48.34,5,48,0.000
1,27.022,-59.24,5,-56,0.000
1,27.338,57.30,5,59,0.000
1,27.646,-8.26,5,-58,0.000
1,27.968,-41.48,5,-57,0.000
1,28.271,67.68,5,59,0.000
1,28.558,-58.01,5,-56,0.000
1,28.858,46.76,5,59,0.000
1,29.198,33.75,5,-4,0.000
1,29.489,-52.56,5,-56,0.000
1,29.789,68.38,5,59,0.000
1,30.091,-46.58,5,-56,0.000
2,0.036,-12.48,5,-59,0.000
2,0.276,27.95,5,59,0.000
2,0.503,-59.06,5,-58,0.000
2,0.740,87.36,5,18,0.000
2,0.974,-73.65,5,-56,0.000
2,1.214,5.27,5,-59,0.000
2,1.443,84.20,5,59,0.000
2,1.669,-65.74,5,-53,0.000
2,1.938,64.69,5,59,0.000
2,2.163,-34.45,5,-57,0.000
2,2.415,4.57,5,59,0.000
2,2.656,4.22,5,-59,0.000
2,2.916,-13.18,5,53,0.000
2,3.142,-31.99,5,-56,0.000
2,3.374,87.54,5,59,0.000
2,3.596,-68.56,5,-54,0.000
2,3.859,70.31,5,59,0.000
2,4.106,-44.47,5,-55,0.000
2,4.333,51.15,5,59,0.000
2,4.584,-49.04,5,-57,0.000
2,4.847,61.17,5,59,0.000
2,5.081,-65.92,5,-56,0.000
2,5.322,79.63,5,59,0.000
2,5.573,-65.22,5,-55,0.000
2,5.803,63.46,5,59,0.000
2,6.049,-16.88,5,-57,0.000
2,6.285,37.62,5,42,0.000
2,6.513,-29.36,5,-57,0.000
2,6.733,26.37,5,-32,0.000
2,6.972,-22.32,5,-29,0.000
2,7.219,24.79,5,-59,0.000
2,7.472,-2.81,5,-7,0.000
2,7.710,-7.21,5,-58,0.000
2,7.932,53.79,5,59,0.000
2,8.157,-47.64,5,-55,0.000
2,8.397,59.59,5,59,0.000
2,8.622,-49.75,5,-56,0.000
2,8.840,60.12,5,59,0.000
2,9.072,-61.17,5,-56,0.000
2,9.294,67.50,5,59,0.000
2,9.546,-57.66,5,-55,0.000
2,9.775,52.21,5,31,0.000
2,10.021,-28.48,5,-56,0.000
2,10.245,19.34,5,-59,0.000
2,10.511,-14.77,5,-58,0.000
2,10.735,20.21,5,-52,0.000
2,10.979,-22.15,5,-48,0.000
2,11.223,23.03,5,-59,0.000
2,11.449,20.57,5,59,0.000
2,11.673,-36.21,5,-56,0.000
2,11.911,60.65,5,59,0.000
2,12.134,-53.97,5,-54,0.000
2,12.365,68.20,5,59,0.000
2,12.603,-52.91,5,-55,0.000
2,12.829,62.23,5,59,0.000
2,13.055,-58.01,5,-56,0.000
2,13.333,70.14,5,59,0.000
2,13.559,-61.35,5,-55,0.000
2,13.809,68.03,5,59,0.000
2,14.048,-38.67,5,-56,0.000
2,14.277,43.77,5,19,0.000
2,14.508,-23.03,5,-57,0.000
2,14.745,17.75,5,-59,0.000
2,14.970,-8.26,5,10,0.000
2,15.216,-8.44,5,-58,0.000
2,15.438,25.66,5,59,0.000
2,15.660,-41.66,5,-56,0.000
2,15.905,62.05,5,59,0.000
2,16.132,-54.32,5,-55,0.000
2,16.379,65.22,5,59,0.000
2,16.620,-53.26,5,-55,0.000
2,16.840,64.86,5,59,0.000
2,17.094,-58.71,5,-56,0.000
2,17.338,68.56,5,59,0.000
2,17.588,-62.93,5,-55,0.000
2,17.821,72.42,5,59,0.000
2,18.056,-51.15,5,-55,0.000
2,18.300,58.36,5,59,0.000
2,18.521,-33.75,5,-56,0.000
2,18.810,61.35,5,59,0.000
2,19.038,-51.68,5,-56,0.000
2,19.311,66.97,5,59,0.000
2,19.536,-54.67,5,-56,0.000
2,19.788,62.05,5,59,0.000
2,20.011,-30.23,5,-57,0.000
2,20.259,34.10,5,-16,0.000
2,20.504,-21.62,5,-57,0.000
2,20.728,15.12,5,-59,0.000
2,20.955,8.44,5,26,0.000
2,21.183,-22.15,5,-58,0.000
2,21.413,43.59,5,59,0.000
2,21.640,-50.45,5,-56,0.000
2,21.883,66.97,5,59,0.000
2,22.113,-58.71,5,-55,0.000
2,22.336,69.26,5,59,0.000
2,22.587,-53.79,5,-55,0.000
2,22.809,62.23,5,59,0.000
2,23.072,-56.78,5,-56,0.000
2,23.304,64.16,5,59,0.000
2,23.530,-52.73,5,-56,0.000
2,23.758,42.19,5,3,0.000
2,23.996,-17.05,5,-58,0.000
2,24.225,5.45,5,-59,0.000
2,24.476,5.27,5,-20,0.000
2,24.721,-1.23,5,-58,0.000
2,24.958,8.96,5,27,0.000
2,25.183,-18.98,5,-58,0.000
2,25.415,43.07,5,59,0.000
2,25.643,-49.57,5,-56,0.000
2,25.883,66.62,5,59,0.000
2,26.110,-60.12,5,-55,0.000
2,26.335,70.14,5,59,0.000
2,26.559,-49.04,5,-55,0.000
2,26.789,53.79,5,59,0.000
2,27.039,-47.64,5,-56,0.000
2,27.311,62.93,5,59,0.000
2,27.546,-57.66,5,-56,0.000
2,27.784,59.41,5,59,0.000
2,28.009,-29.36,5,-57,0.000
2,28.262,26.37,5,-49,0.000
2,28.499,-11.78,5,-58,0.000
2,28.732,14.06,5,-59,0.000
2,28.961,7.38,5,8,0.000
2,29.190,-16.17,5,-58,0.000
2,29.419,36.56,5,59,0.000
2,29.675,-28.12,5,-57,0.000
2,29.904,57.48,5,59,0.000
3,0.027,10.20,5,-59,0.000
3,0.274,-46.41,5,59,0.000
3,0.500,43.07,5,-59,0.000
3,0.749,-17.05,5,44,0.000
3,0.991,-53.44,5,-59,0.000
3,1.211,70.84,5,56,0.000
3,1.442,-88.94,5,-55,0.000
3,1.666,53.44,5,-10,0.000
3,1.914,58.01,5,-59,0.000
3,2.144,-64.16,5,-55,0.000
3,2.367,34.98,5,59,0.000
3,2.586,-11.43,5,-59,0.000
3,2.842,-39.90,5,21,0.000
3,3.088,55.37,5,-59,0.000
3,3.349,-53.09,5,-48,0.000
3,3.579,-2.46,5,-59,0.000
3,3.818,66.62,5,59,0.000
3,4.047,-70.14,5,-54,0.000
3,4.275,78.57,5,59,0.000
3,4.521,-44.82,5,-55,0.000
3,4.750,41.48,5,59,0.000
3,4.984,-45.18,5,-58,0.000
3,5.204,52.56,5,58,0.000
3,5.429,-67.85,5,-56,0.000
3,5.674,79.81,5,59,0.000
3,5.927,-54.84,5,-55,0.000
3,6.196,61.70,5,59,0.000
3,6.430,-15.64,5,-57,0.000
3,6.663,17.40,5,-20,0.000
3,6.908,-24.61,5,-58,0.000
3,7.133,30.59,5,-24,0.000
3,7.352,-26.54,5,-13,0.000
3,7.593,16.35,5,-59,0.000
3,7.822,27.42,5,59,0.000
3,8.051,-53.79,5,-55,0.000
3,8.289,77.87,5,59,0.000
3,8.515,-57.13,5,-54,0.000
3,8.764,62.05,5,59,0.000
3,9.013,-47.81,5,-56,0.000
3,9.255,52.91,5,59,0.000
3,9.477,-60.65,5,-56,0.000
3,9.725,72.95,5,59,0.000
3,9.972,-66.62,5,-55,0.000
3,10.195,68.03,5,59,0.000
3,10.427,-34.10,5,-56,0.000
3,10.701,53.97,5,59,0.000
3,10.939,-44.47,5,-56,0.000
3,11.181,53.79,5,59,0.000
3,11.428,-53.26,5,-56,0.000
3,11.677,63.98,5,59,0.000
3,11.906,-39.38,5,-56,0.000
3,12.135,20.39,5,-59,0.000
3,12.366,19.34,5,5,0.000
3,12.599,-24.26,5,-57,0.000
3,12.818,43.42,5,59,0.000
3,13.073,-27.95,5,-57,0.000
3,13.295,43.42,5,59,0.000
3,13.526,-50.62,5,-56,0.000
3,13.755,68.20,5,59,0.000
3,14.044,-55.37,5,-55,0.000
3,14.279,68.03,5,59,0.000
3,14.523,-56.60,5,-55,0.000
3,14.762,66.44,5,59,0.000
3,14.998,-55.90,5,-55,0.000
3,15.223,63.81,5,59,0.000
3,15.445,-55.37,5,-56,0.000
3,15.693,64.16,5,59,0.000
3,15.925,-50.10,5,-56,0.000
3,16.147,40.08,5,-1,0.000
3,16.366,1.23,5,-14,0.000
3,16.605,-12.83,5,-58,0.000
3,16.833,37.97,5,59,0.000
3,17.056,-41.13,5,-56,0.000
3,17.284,57.13,5,59,0.000
3,17.521,-51.68,5,-56,0.000
3,17.741,67.32,5,59,0.000
3,17.989,-60.65,5,-55,0.000
3,18.217,68.56,5,59,0.000
3,18.461,-55.55,5,-55,0.000
3,18.720,66.27,5,59,0.000
3,19.003,-57.30,5,-55,0.000
3,19.230,66.97,5,59,0.000
3,19.453,-56.07,5,-55,0.000
3,19.691,61.52,5,59,0.000
3,19.929,-48.52,5,-56,0.000
3,20.151,39.90,5,0,0.000
3,20.408,-27.07,5,-57,0.000
3,20.629,19.16,5,-59,0.000
3,20.855,12.83,5,25,0.000
3,21.090,-17.23,5,-57,0.000
3,21.339,27.60,5,59,0.000
3,21.584,-20.57,5,-57,0.000
3,21.806,49.57,5,59,0.000
3,22.045,-47.64,5,-56,0.000
3,22.304,53.97,5,59,0.000
3,22.524,-53.61,5,-55,0.000
3,22.806,49.57,5,59,0.000
3,23.044,-51.85,5,-55,0.000
3,23.303,51.68,5,59,0.000
3,23.535,-53.26,5,-55,0.000
3,23.759,66.44,5,59,0.000
3,23.980,-59.24,5,-55,0.000
3,24.218,66.97,5,59,0.000
3,24.446,-52.56,5,-56,0.000
3,24.692,61.17,5,59,0.000
3,24.918,-41.48,5,-56,0.000
3,25.148,32.70,5,-22,0.000
3,25.372,-6.86,5,-39,0.000
3,25.603,-11.95,5,-58,0.000
3,25.832,32.17,5,59,0.000
3,26.053,-40.60,5,-56,0.000
3,26.303,50.10,5,59,0.000
3,26.523,-52.38,5,-55,0.000
3,26.753,67.32,5,59,0.000
3,27.024,-52.38,5,-55,0.000
3,27.255,66.97,5,59,0.000
3,27.516,-55.20,5,-55,0.000
3,27.761,67.85,5,59,0.000
3,28.006,-57.83,5,-55,0.000
3,28.252,68.03,5,59,0.000
3,28.507,-57.48,5,-55,0.000
3,28.770,64.69,5,59,0.000
3,29.018,-55.37,5,-55,0.000
3,29.253,67.32,5,59,0.000
3,29.501,-57.83,5,-55,0.000
3,29.743,68.20,5,59,0.000
3,29.969,-58.53,5,-55,0.000
4,0.048,1.93,5,59,0.000
4,0.303,-4.39,5,-58,0.000
4,0.537,18.11,5,59,0.000
4,0.765,-69.96,5,-58,0.000
4,1.007,86.31,5,57,0.000
4,1.253,-82.97,5,-54,0.000
4,1.500,58.18,5,-39,0.000
4,1.737,62.40,5,-59,0.000
4,1.961,-69.43,5,-56,0.000
4,2.204,22.32,5,58,0.000
4,2.448,10.20,5,-25,0.000
4,2.700,-46.93,5,-57,0.000
4,2.926,58.18,5,-59,0.000
4,3.165,-38.67,5,-19,0.000
4,3.388,-34.80,5,-59,0.000
4,3.619,68.38,5,58,0.000
4,3.857,-72.60,5,-54,0.000
4,4.085,80.33,5,59,0.000
4,4.325,-31.99,5,-54,0.000
4,4.550,38.32,5,59,0.000
4,4.775,-38.50,5,-57,0.000
4,5.043,49.04,5,58,0.000
4,5.264,-65.92,5,-57,0.000
4,5.524,79.28,5,59,0.000
4,5.770,-65.74,5,-54,0.000
4,6.008,59.24,5,33,0.000
4,6.241,-1.93,5,-58,0.000
4,6.468,-13.54,5,-58,0.000
4,6.721,-1.93,5,-15,0.000
4,6.956,12.30,5,-59,0.000
4,7.199,-26.19,5,-36,0.000
4,7.452,37.09,5,-55,0.000
4,7.675,2.99,5,28,0.000
4,7.911,-27.95,5,-57,0.000
4,8.160,52.91,5,59,0.000
4,8.437,-40.96,5,-55,0.000
4,8.695,27.77,5,32,0.000
4,8.925,-27.25,5,-57,0.000
4,9.162,35.51,5,59,0.000
4,9.403,-19.16,5,-58,0.000
4,9.663,29.88,5,59,0.000
4,9.948,0.70,5,-58,0.000
4,10.172,31.46,5,59,0.000
4,10.404,-40.96,5,-56,0.000
4,10.646,57.48,5,59,0.000
4,10.877,-48.16,5,-56,0.000
4,11.097,61.00,5,59,0.000
4,11.343,-53.09,5,-56,0.000
4,11.566,65.39,5,59,0.000
4,11.812,-61.88,5,-55,0.000
4,12.064,72.77,5,59,0.000
4,12.290,-58.18,5,-55,0.000
4,12.546,68.03,5,59,0.000
4,12.790,-52.21,5,-55,0.000
4,13.034,59.59,5,59,0.000
4,13.256,-43.42,5,-56,0.000
4,13.493,45.00,5,22,0.000
4,13.742,-41.13,5,-57,0.000
4,13.980,35.68,5,-27,0.000
4,14.265,-50.80,5,-56,0.000
4,14.498,41.31,5,-3,0.000
4,14.741,-30.94,5,-57,0.000
4,14.966,20.57,5,-59,0.000
4,15.223,-23.38,5,-58,0.000
4,15.454,14.06,5,-59,0.000
4,15.684,5.98,5,26,0.000
4,15.952,8.79,5,-59,0.000
4,16.181,20.04,5,55,0.000
4,16.410,-30.41,5,-56,0.000
4,16.655,46.93,5,59,0.000
4,16.891,-40.43,5,-56,0.000
4,17.120,56.78,5,59,0.000
4,17.341,-55.02,5,-55,0.000
4,17.597,64.86,5,59,0.000
4,17.841,-56.78,5,-55,0.000
4,18.067,70.49,5,59,0.000
4,18.324,-60.47,5,-55,0.000
4,18.562,69.78,5,59,0.000
4,18.784,-52.73,5,-55,0.000
4,19.014,54.67,5,59,0.000
4,19.284,-53.09,5,-55,0.000
4,19.553,65.74,5,59,0.000
4,19.780,-55.90,5,-55,0.000
4,20.034,65.74,5,59,0.000
4,20.293,-57.66,5,-55,0.000
4,20.513,56.78,5,59,0.000
4,20.763,-44.47,5,-56,0.000
4,20.996,41.13,5,2,0.000
4,21.244,-28.48,5,-57,0.000
4,21.485,33.05,5,-27,0.000
4,21.713,-13.54,5,-49,0.000
4,21.938,-1.23,5,-58,0.000
4,22.166,32.17,5,59,0.000
4,22.394,-40.60,5,-56,0.000
4,22.623,58.89,5,59,0.000
4,22.870,-48.34,5,-56,0.000
4,23.101,65.22,5,59,0.000
4,23.324,-58.71,5,-55,0.000
4,23.570,68.38,5,59,0.000
4,23.815,-59.59,5,-55,0.000
4,24.048,65.04,5,59,0.000
4,24.271,-51.15,5,-55,0.000
4,24.496,46.93,5,26,0.000
4,24.719,-17.05,5,-58,0.000
4,24.952,7.56,5,-59,0.000
4,25.213,-12.48,5,-52,0.000
4,25.438,-0.35,5,-58,0.000
4,25.667,31.11,5,59,0.000
4,25.920,-17.05,5,-58,0.000
4,26.159,38.50,5,59,0.000
4,26.423,-39.20,5,-56,0.000
4,26.658,42.36,5,59,0.000
4,26.909,-33.57,5,-56,0.000
4,27.132,53.97,5,59,0.000
4,27.360,-53.26,5,-55,0.000
4,27.585,68.03,5,59,0.000
4,27.834,-58.53,5,-55,0.000
4,28.075,68.56,5,59,0.000
4,28.315,-59.06,5,-55,0.000
4,28.553,65.39,5,59,0.000
4,28.816,-58.01,5,-55,0.000
4,29.068,66.62,5,59,0.000
4,29.316,-58.89,5,-55,0.000
4,29.560,68.03,5,59,0.000
4,29.854,-57.30,5,-55,0.000
5,0.052,-21.97,5,-43,0.000
5,0.313,41.84,5,11,0.000
5,0.545,-73.30,5,-40,0.000
5,0.839,86.84,5,58,0.000
5,1.084,-87.19,5,-54,0.000
5,1.326,55.72,5,-16,0.000
5,1.585,57.66,5,-23,0.000
5,1.815,-60.29,5,-55,0.000
5,2.036,42.01,5,59,0.000
5,2.265,-16.35,5,-59,0.000
5,2.533,-44.12,5,-20,0.000
5,2.752,47.28,5,-59,0.000
5,2.991,-30.94,5,1,0.000
5,3.253,1.76,5,-59,0.000
5,3.471,76.11,5,59,0.000
5,3.693,-69.78,5,-53,0.000
5,3.926,71.72,5,59,0.000
5,4.169,-41.66,5,-55,0.000
5,4.392,40.43,5,59,0.000
5,4.641,-47.99,5,-57,0.000
5,4.890,54.67,5,59,0.000
5,5.133,-66.09,5,-56,0.000
5,5.375,82.44,5,59,0.000
5,5.611,-58.89,5,-55,0.000
5,5.852,52.91,5,47,0.000
5,6.103,-15.64,5,-57,0.000
5,6.347,30.59,5,17,0.000
5,6.566,-20.74,5,-58,0.000
5,6.807,33.57,5,-13,0.000
5,7.061,-44.12,5,-57,0.000
5,7.290,36.03,5,-45,0.000
5,7.541,-13.18,5,-35,0.000
5,7.767,-19.86,5,-57,0.000
5,7.993,59.24,5,59,0.000
5,8.224,-51.68,5,-55,0.000
5,8.492,46.76,5,59,0.000
5,8.717,-38.50,5,-57,0.000
5,8.941,51.50,5,59,0.000
5,9.163,-57.83,5,-56,0.000
5,9.405,72.25,5,59,0.000
5,9.656,-64.86,5,-55,0.000
5,9.931,75.06,5,59,0.000
5,10.158,-57.66,5,-55,0.000
5,10.400,63.81,5,59,0.000
5,10.624,-49.04,5,-56,0.000
5,10.845,50.27,5,58,0.000
5,11.076,-43.24,5,-57,0.000
5,11.329,44.30,5,4,0.000
5,11.577,-25.84,5,-57,0.000
5,11.818,40.43,5,-16,0.000
5,12.052,5.10,5,-16,0.000
5,12.289,-1.41,5,-58,0.000
5,12.515,29.71,5,59,0.000
5,12.810,28.65,5,-32,0.000
5,13.052,-23.03,5,-58,0.000
5,13.320,30.59,5,-42,0.000
5,13.549,-13.54,5,-43,0.000
5,13.804,16.70,5,-59,0.000
5,14.043,17.05,5,27,0.000
5,14.267,-18.46,5,-57,0.000
5,14.497,42.89,5,59,0.000
5,14.726,-39.38,5,-56,0.000
5,14.972,48.69,5,59,0.000
5,15.206,-49.40,5,-56,0.000
5,15.433,65.04,5,59,0.000
5,15.664,-61.00,5,-55,0.000
5,15.923,70.84,5,59,0.000
5,16.149,-58.89,5,-55,0.000
5,16.369,61.70,5,59,0.000
5,16.615,-49.57,5,-56,0.000
5,16.838,48.16,5,38,0.000
5,17.091,-45.18,5,-56,0.000
5,17.340,46.58,5,21,0.000
5,17.591,-45.88,5,-56,0.000
5,17.819,37.27,5,-17,0.000
5,18.043,-5.10,5,-31,0.000
5,18.292,-0.53,5,-58,0.000
5,18.520,25.66,5,59,0.000
5,18.771,-7.73,5,-58,0.000
5,19.001,32.87,5,59,0.000
5,19.260,-13.89,5,-58,0.000
5,19.492,36.91,5,59,0.000
5,19.725,-41.13,5,-56,0.000
5,19.949,62.75,5,59,0.000
5,20.175,-59.24,5,-55,0.000
5,20.397,68.73,5,59,0.000
5,20.659,-58.01,5,-55,0.000
5,20.891,66.44,5,59,0.000
5,21.137,-56.60,5,-55,0.000
5,21.393,67.15,5,59,0.000
5,21.622,-54.67,5,-55,0.000
5,21.881,66.80,5,59,0.000
5,22.126,-56.60,5,-55,0.000
5,22.364,57.13,5,59,0.000
5,22.601,-46.05,5,-56,0.000
5,22.825,38.85,5,-3,0.000
5,23.049,-12.83,5,-46,0.000
5,23.278,0.35,5,-58,0.000
5,23.558,-10.20,5,-46,0.000
5,23.782,-0.88,5,-58,0.000
5,24.013,29.36,5,59,0.000
5,24.242,-33.22,5,-57,0.000
5,24.471,55.37,5,59,0.000
5,24.709,-52.21,5,-56,0.000
5,24.936,65.74,5,59,0.000
5,25.161,-59.59,5,-55,0.000
5,25.410,69.26,5,59,0.000
5,25.634,-57.13,5,-55,0.000
5,25.897,67.85,5,59,0.000
5,26.146,-57.83,5,-55,0.000
5,26.388,66.62,5,59,0.000
5,26.637,-57.30,5,-55,0.000
5,26.917,68.56,5,59,0.000
5,27.143,-58.36,5,-55,0.000
5,27.365,61.52,5,59,0.000
5,27.632,-56.25,5,-55,0.000
5,27.864,55.72,5,59,0.000
5,28.102,-43.24,5,-56,0.000
5,28.349,55.20,5,59,0.000
5,28.597,-45.88,5,-56,0.000
5,28.829,39.02,5,-5,0.000
5,29.077,-36.03,5,-57,0.000
5,29.331,43.07,5,7,0.000
5,29.586,-33.05,5,-57,0.000
5,29.831,29.36,5,-42,0.000
6,0.049,0.53,5,-59,0.000
6,0.306,-32.87,5,59,0.000
6,0.550,12.48,5,-59,0.000
6,0.797,37.44,5,59,0.000
6,1.020,-93.69,5,-56,0.000
6,1.314,93.16,5,57,0.000
6,1.543,-62.05,5,-54,0.000
6,1.775,50.62,5,34,0.000
6,2.021,-3.16,5,-57,0.000
6,2.257,3.52,5,55,0.000
6,2.497,-43.59,5,-59,0.000
6,2.717,50.98,5,58,0.000
6,2.942,-60.12,5,-56,0.000
6,3.166,52.56,5,-59,0.000
6,3.390,27.42,5,59,0.000
6,3.637,-48.69,5,-56,0.000
6,3.864,65.39,5,59,0.000
6,4.084,-58.36,5,-55,0.000
6,4.342,64.16,5,59,0.000
6,4.604,-37.44,5,-56,0.000
6,4.833,52.21,5,59,0.000
6,5.126,-19.51,5,-58,0.000
6,5.376,29.71,5,59,0.000
6,5.618,-40.96,5,-56,0.000
6,5.856,71.54,5,59,0.000
6,6.081,-58.36,5,-54,0.000
6,6.308,68.20,5,59,0.000
6,6.559,-51.50,5,-55,0.000
6,6.784,58.01,5,59,0.000
6,7.037,-58.53,5,-56,0.000
6,7.260,67.32,5,59,0.000
6,7.499,-60.65,5,-55,0.000
6,7.750,66.62,5,59,0.000
6,8.022,-50.98,5,-55,0.000
6,8.270,62.05,5,59,0.000
6,8.518,-48.87,5,-56,0.000
6,8.741,51.33,5,59,0.000
6,8.993,-51.33,5,-56,0.000
6,9.234,49.92,5,33,0.000
6,9.459,-38.50,5,-57,0.000
6,9.697,29.71,5,-53,0.000
6,9.922,14.06,5,22,0.000
6,10.145,-28.48,5,-57,0.000
6,10.365,55.72,5,59,0.000
6,10.589,-50.80,5,-55,0.000
6,10.856,52.73,5,59,0.000
6,11.098,-45.00,5,-56,0.000
6,11.326,62.05,5,59,0.000
6,11.578,-58.53,5,-55,0.000
6,11.801,72.77,5,59,0.000
6,12.034,-59.24,5,-55,0.000
6,12.264,62.23,5,59,0.000
6,12.510,-49.40,5,-56,0.000
6,12.782,63.10,5,59,0.000
6,13.006,-53.61,5,-56,0.000
6,13.258,61.35,5,59,0.000
6,13.519,-58.89,5,-55,0.000
6,13.764,63.81,5,59,0.000
6,13.996,-46.41,5,-56,0.000
6,14.223,45.35,5,16,0.000
6,14.444,-12.13,5,-58,0.000
6,14.688,11.43,5,-59,0.000
6,14.917,9.49,5,27,0.000
6,15.161,-7.21,5,-58,0.000
6,15.412,36.21,5,59,0.000
6,15.646,-21.45,5,-57,0.000
6,15.884,39.55,5,59,0.000
6,16.107,-46.05,5,-56,0.000
6,16.357,56.78,5,59,0.000
6,16.594,-51.85,5,-55,0.000
6,16.843,64.34,5,59,0.000
6,17.082,-55.02,5,-55,0.000
6,17.308,67.50,5,59,0.000
6,17.564,-58.71,5,-55,0.000
6,17.794,69.26,5,59,0.000
6,18.037,-59.41,5,-55,0.000
6,18.256,62.23,5,59,0.000
6,18.494,-48.34,5,-56,0.000
6,18.737,53.44,5,56,0.000
6,18.956,-28.12,5,-57,0.000
6,19.202,30.76,5,-32,0.000
6,19.447,-22.15,5,-58,0.000
6,19.674,6.68,5,-59,0.000
6,19.897,28.65,5,59,0.000
6,20.133,-35.68,5,-56,0.000
6,20.366,51.68,5,59,0.000
6,20.588,-52.38,5,-55,0.000
6,20.829,64.69,5,59,0.000
6,21.065,-57.30,5,-55,0.000
6,21.302,68.20,5,59,0.000
6,21.526,-58.18,5,-55,0.000
6,21.813,68.56,5,59,0.000
6,22.122,-41.13,5,-56,0.000
6,22.377,43.42,5,59,0.000
6,22.626,-36.39,5,-56,0.000
6,22.855,56.25,5,59,0.000
6,23.092,-51.50,5,-56,0.000
6,23.321,66.44,5,59,0.000
6,23.560,-59.41,5,-55,0.000
6,23.786,68.38,5,59,0.000
6,24.017,-55.90,5,-55,0.000
6,24.251,60.29,5,59,0.000
6,24.475,-38.85,5,-56,0.000
6,24.720,31.46,5,-35,0.000
6,24.972,-38.67,5,-56,0.000
6,25.196,25.66,5,-52,0.000
6,25.439,-0.88,5,-10,0.000
6,25.721,37.62,5,-5,0.000
6,25.959,-28.65,5,-57,0.000
6,26.214,37.09,5,-12,0.000
6,26.436,-10.55,5,-40,0.000
6,26.679,11.43,5,-59,0.000
6,26.904,24.08,5,59,0.000
6,27.158,-17.93,5,-57,0.000
6,27.377,44.47,5,59,0.000
6,27.622,-37.79,5,-56,0.000
6,27.842,59.41,5,59,0.000
6,28.098,-51.50,5,-56,0.000
6,28.332,64.16,5,59,0.000
6,28.581,-57.30,5,-55,0.000
6,28.806,69.26,5,59,0.000
6,29.054,-58.89,5,-55,0.000
6,29.297,68.38,5,59,0.000
6,29.547,-58.89,5,-55,0.000
6,29.797,68.20,5,59,0.000
6,30.041,-59.06,5,-55,0.000
7,0.043,-7.21,5,59,0.000
7,0.274,16.52,5,-59,0.000
7,0.501,13.54,5,59,0.000
7,0.798,-21.09,5,-59,0.000
7,1.045,57.66,5,58,0.000
7,1.271,-88.07,5,-53,0.000
7,1.518,95.98,5,58,0.000
7,1.749,6.15,5,-57,0.000
7,1.999,-34.63,5,-18,0.000
7,2.231,-12.48,5,-53,0.000
7,2.466,32.52,5,59,0.000
7,2.692,-52.91,5,-57,0.000
7,2.912,63.81,5,-49,0.000
7,3.155,-51.50,5,-57,0.000
7,3.387,-18.98,5,-59,0.000
7,3.626,55.55,5,59,0.000
7,3.852,-62.58,5,-54,0.000
7,4.075,78.57,5,59,0.000
7,4.345,-47.64,5,-54,0.000
7,4.570,49.40,5,59,0.000
7,4.790,-47.46,5,-57,0.000
7,5.024,52.56,5,58,0.000
7,5.273,-65.22,5,-56,0.000
7,5.505,81.03,5,59,0.000
7,5.763,-64.86,5,-54,0.000
7,6.010,60.82,5,52,0.000
7,6.248,-28.12,5,-56,0.000
7,6.498,42.54,5,59,0.000
7,6.724,-42.19,5,-57,0.000
7,6.967,48.16,5,45,0.000
7,7.204,-50.27,5,-56,0.000
7,7.422,37.97,5,-47,0.000
7,7.647,14.59,5,36,0.000
7,7.891,-23.73,5,-57,0.000
7,8.116,61.17,5,59,0.000
7,8.344,-49.75,5,-55,0.000
7,8.572,60.65,5,59,0.000
7,8.803,-52.91,5,-56,0.000
7,9.042,61.35,5,59,0.000
7,9.271,-62.75,5,-56,0.000
7,9.497,69.78,5,59,0.000
7,9.723,-47.99,5,-55,0.000
7,9.966,49.40,5,16,0.000
7,10.211,-6.86,5,-58,0.000
7,10.453,31.46,5,-6,0.000
7,10.699,-21.27,5,-58,0.000
7,10.929,23.03,5,-59,0.000
7,11.168,-17.93,5,-36,0.000
7,11.391,-9.49,5,-58,0.000
7,11.620,43.77,5,59,0.000
7,11.874,-37.09,5,-56,0.000
7,12.094,59.41,5,59,0.000
7,12.335,-50.98,5,-55,0.000
7,12.567,61.00,5,59,0.000
7,12.817,-53.09,5,-56,0.000
7,13.056,65.57,5,59,0.000
7,13.298,-60.29,5,-55,0.000
7,13.533,72.25,5,59,0.000
7,13.770,-57.48,5,-55,0.000
7,13.997,58.71,5,59,0.000
7,14.228,-45.35,5,-56,0.000
7,14.479,53.61,5,59,0.000
7,14.720,-46.05,5,-56,0.000
7,14.945,39.20,5,-11,0.000
7,15.194,-26.37,5,-57,0.000
7,15.418,7.56,5,-59,0.000
7,15.667,3.34,5,-5,0.000
7,15.889,-18.11,5,-57,0.000
7,16.118,42.36,5,59,0.000
7,16.345,-45.53,5,-56,0.000
7,16.569,62.75,5,59,0.000
7,16.792,-59.06,5,-55,0.000
7,17.015,67.68,5,59,0.000
7,17.246,-55.20,5,-55,0.000
7,17.473,50.98,5,35,0.000
7,17.712,-25.14,5,-57,0.000
7,17.959,36.39,5,-10,0.000
7,18.185,-14.94,5,-58,0.000
7,18.407,0.35,5,-59,0.000
7,18.631,32.34,5,60,0.000
7,18.864,-34.28,5,-57,0.000
7,19.093,56.78,5,59,0.000
7,19.320,-55.72,5,-55,0.000
7,19.566,66.09,5,59,0.000
7,19.787,-58.53,5,-55,0.000
7,20.028,67.85,5,59,0.000
7,20.270,-56.95,5,-55,0.000
7,20.564,67.50,5,59,0.000
7,20.793,-59.24,5,-55,0.000
7,21.029,69.08,5,59,0.000
7,21.256,-56.60,5,-55,0.000
7,21.490,57.48,5,59,0.000
7,21.737,-42.72,5,-56,0.000
7,21.977,46.23,5,25,0.000
7,22.227,-45.88,5,-56,0.000
7,22.459,43.59,5,15,0.000
7,22.678,-13.71,5,-56,0.000
7,22.930,-8.79,5,-58,0.000
7,23.163,13.71,5,26,0.000
7,23.402,-5.62,5,-58,0.000
7,23.650,26.02,5,59,0.000
7,23.888,-16.70,5,-58,0.000
7,24.144,27.77,5,59,0.000
7,24.407,-4.92,5,-58,0.000
7,24.646,20.92,5,55,0.000
7,24.869,-33.93,5,-56,0.000
7,25.096,58.18,5,59,0.000
7,25.358,-39.55,5,-56,0.000
7,25.578,61.00,5,59,0.000
7,25.823,-52.56,5,-56,0.000
7,26.055,66.09,5,59,0.000
7,26.274,-59.59,5,-55,0.000
7,26.519,68.73,5,59,0.000
7,26.749,-53.79,5,-55,0.000
7,26.990,59.24,5,59,0.000
7,27.233,-46.93,5,-56,0.000
7,27.460,41.66,5,11,0.000
7,27.694,-23.55,5,-58,0.000
7,27.923,12.83,5,-59,0.000
7,28.161,17.05,5,48,0.000
7,28.395,-12.83,5,-58,0.000
7,28.620,46.58,5,59,0.000
7,28.862,-40.08,5,-56,0.000
7,29.102,53.97,5,59,0.000
7,29.355,-38.67,5,-56,0.000
7,29.588,59.41,5,59,0.000
7,29.840,-50.10,5,-56,0.000
8,0.034,-19.86,5,-11,0.000
8,0.292,44.47,5,-2,0.000
8,0.552,-72.77,5,-33,0.000
8,0.776,83.50,5,38,0.000
8,1.048,-76.99,5,-55,0.000
8,1.291,28.65,5,-59,0.000
8,1.530,82.44,5,42,0.000
8,1.778,-66.27,5,-54,0.000
8,2.011,47.28,5,59,0.000
8,2.231,-20.92,5,-59,0.000
8,2.485,-21.45,5,59,0.000
8,2.706,19.16,5,-59,0.000
8,2.945,22.50,5,59,0.000
8,3.171,-62.05,5,-56,0.000
8,3.419,90.70,5,59,0.000
8,3.646,-64.51,5,-54,0.000
8,3.873,53.09,5,59,0.000
8,4.134,-31.82,5,-55,0.000
8,4.360,34.10,5,59,0.000
8,4.619,-51.68,5,-57,0.000
8,4.865,60.82,5,59,0.000
8,5.106,-67.15,5,-55,0.000
8,5.335,72.25,5,57,0.000
8,5.576,-43.77,5,-55,0.000
8,5.798,12.13,5,-59,0.000
8,6.064,-6.15,5,-58,0.000
8,6.291,-4.39,5,-58,0.000
8,6.523,13.54,5,47,0.000
8,6.788,14.41,5,-59,0.000
8,7.052,-35.16,5,-57,0.000
8,7.294,35.33,5,-44,0.000
8,7.529,-2.29,5,-10,0.000
8,7.753,-16.17,5,-57,0.000
8,7.993,42.72,5,59,0.000
8,8.237,-34.10,5,-56,0.000
8,8.475,55.02,5,59,0.000
8,8.731,-30.59,5,-57,0.000
8,8.970,41.84,5,59,0.000
8,9.210,-45.53,5,-56,0.000
8,9.462,47.99,5,59,0.000
8,9.745,-17.40,5,-57,0.000
8,9.986,54.84,5,59,0.000
8,10.224,-40.60,5,-56,0.000
8,10.459,59.06,5,59,0.000
8,10.694,-50.80,5,-56,0.000
8,10.942,59.24,5,59,0.000
8,11.168,-55.90,5,-55,0.000
8,11.391,68.20,5,59,0.000
8,11.609,-56.25,5,-55,0.000
8,11.834,54.49,5,54,0.000
8,12.076,-38.15,5,-56,0.000
8,12.313,34.45,5,-21,0.000
8,12.551,-16.17,5,-58,0.000
8,12.774,5.27,5,-59,0.000
8,13.031,-6.86,5,-34,0.000
8,13.263,-14.41,5,-58,0.000
8,13.498,33.05,5,59,0.000
8,13.720,-37.44,5,-56,0.000
8,13.954,58.53,5,59,0.000
8,14.186,-54.32,5,-55,0.000
8,14.408,68.56,5,59,0.000
8,14.652,-58.71,5,-55,0.000
8,14.881,67.32,5,59,0.000
8,15.135,-55.72,5,-55,0.000
8,15.367,65.22,5,59,0.000
8,15.626,-58.18,5,-55,0.000
8,15.866,63.10,5,59,0.000
8,16.094,-49.92,5,-56,0.000
8,16.333,50.27,5,38,0.000
8,16.560,-25.49,5,-57,0.000
8,16.793,17.05,5,-59,0.000
8,17.020,4.57,5,13,0.000
8,17.268,-2.46,5,-58,0.000
8,17.503,22.32,5,59,0.000
8,17.767,-25.66,5,-57,0.000
8,18.012,22.32,5,56,0.000
8,18.252,-14.59,5,-58,0.000
8,18.477,45.70,5,59,0.000
8,18.701,-48.34,5,-56,0.000
8,18.965,52.38,5,59,0.000
8,19.187,-51.85,5,-56,0.000
8,19.464,67.32,5,59,0.000
8,19.713,-42.54,5,-56,0.000
8,19.975,44.82,5,59,0.000
8,20.208,-44.47,5,-56,0.000
8,20.432,64.16,5,59,0.000
8,20.656,-58.53,5,-55,0.000
8,20.930,67.85,5,59,0.000
8,21.176,-58.18,5,-55,0.000
8,21.407,68.38,5,59,0.000
8,21.630,-58.71,5,-55,0.000
8,21.851,60.65,5,59,0.000
8,22.102,-51.33,5,-56,0.000
8,22.330,46.05,5,13,0.000
8,22.554,-24.26,5,-57,0.000
8,22.775,6.15,5,-59,0.000
8,23.018,8.09,5,13,0.000
8,23.254,-23.03,5,-57,0.000
8,23.478,41.84,5,59,0.000
8,23.716,-42.72,5,-56,0.000
8,23.970,48.87,5,59,0.000
8,24.200,-49.92,5,-56,0.000
8,24.421,66.44,5,59,0.000
8,24.662,-58.18,5,-55,0.000
8,24.886,68.38,5,59,0.000
8,25.107,-53.26,5,-55,0.000
8,25.338,52.21,5,46,0.000
8,25.562,-30.94,5,-57,0.000
8,25.789,20.21,5,-59,0.000
8,26.022,2.29,5,12,0.000
8,26.245,-21.97,5,-57,0.000
8,26.491,37.62,5,60,0.000
8,26.738,-29.00,5,-57,0.000
8,26.988,34.98,5,59,0.000
8,27.215,-42.01,5,-56,0.000
8,27.438,62.23,5,59,0.000
8,27.688,-53.26,5,-55,0.000
8,27.932,65.22,5,59,0.000
8,28.171,-56.78,5,-55,0.000
8,28.415,67.32,5,59,0.000
8,28.697,-57.83,5,-55,0.000
8,28.939,62.40,5,59,0.000
8,29.167,-57.48,5,-55,0.000
8,29.412,68.38,5,59,0.000
8,29.654,-58.89,5,-55,0.000
8,29.887,68.03,5,59,0.000
9,0.061,6.33,5,59,0.000
9,0.287,-22.85,5,-58,0.000
9,0.568,35.33,5,59,0.000
9,0.787,-81.39,5,-58,0.000
9,1.020,84.38,5,56,0.000
9,1.274,-67.32,5,-55,0.000
9,1.506,18.11,5,-57,0.000
9,1.753,79.81,5,-23,0.000
9,1.979,-69.43,5,-56,0.000
9,2.199,26.37,5,58,0.000
9,2.419,-22.85,5,-59,0.000
9,2.651,-0.35,5,59,0.000
9,2.878,-5.80,5,-57,0.000
9,3.108,54.67,5,59,0.000
9,3.357,-79.10,5,-57,0.000
9,3.603,76.64,5,57,0.000
9,3.852,-74.53,5,-55,0.000
9,4.075,63.63,5,59,0.000
9,4.338,-28.83,5,-55,0.000
9,4.603,45.18,5,59,0.000
9,4.840,-42.72,5,-57,0.000
9,5.090,47.46,5,59,0.000
9,5.350,-57.48,5,-57,0.000
9,5.593,77.69,5,59,0.000
9,5.823,-70.31,5,-54,0.000
9,6.055,64.86,5,59,0.000
9,6.282,-5.98,5,-58,0.000
9,6.522,6.50,5,-59,0.000
9,6.771,-14.41,5,-58,0.000
9,6.996,18.98,5,-50,0.000
9,7.222,-14.77,5,8,0.000
9,7.452,1.58,5,-59,0.000
9,7.681,34.63,5,59,0.000
9,7.950,-20.04,5,-57,0.000
9,8.217,35.86,5,54,0.000
9,8.443,-41.31,5,-55,0.000
9,8.675,56.60,5,59,0.000
9,8.942,-33.40,5,-56,0.000
9,9.184,28.83,5,59,0.000
9,9.436,-36.56,5,-57,0.000
9,9.683,30.41,5,59,0.000
9,9.921,-41.84,5,-56,0.000
9,10.174,59.06,5,59,0.000
9,10.408,-53.97,5,-55,0.000
9,10.630,68.38,5,59,0.000
9,10.881,-54.14,5,-55,0.000
9,11.117,62.40,5,59,0.000
9,11.346,-57.48,5,-56,0.000
9,11.597,66.80,5,59,0.000
9,11.821,-61.52,5,-55,0.000
9,12.070,66.97,5,59,0.000
9,12.325,-56.43,5,-55,0.000
9,12.565,59.24,5,59,0.000
9,12.821,-50.27,5,-55,0.000
9,13.054,51.33,5,59,0.000
9,13.277,-40.43,5,-57,0.000
9,13.530,47.81,5,30,0.000
9,13.754,-30.23,5,-57,0.000
9,13.974,5.27,5,-59,0.000
9,14.224,27.95,5,59,0.000
9,14.474,-10.90,5,-58,0.000
9,14.696,41.66,5,59,0.000
9,14.918,-43.95,5,-56,0.000
9,15.149,58.71,5,59,0.000
9,15.379,-55.55,5,-56,0.000
9,15.603,67.68,5,59,0.000
9,15.831,-60.47,5,-55,0.000
9,16.058,62.93,5,59,0.000
9,16.309,-50.62,5,-55,0.000
9,16.557,56.43,5,59,0.000
9,16.787,-37.97,5,-56,0.000
9,17.039,47.81,5,24,0.000
9,17.286,-42.54,5,-56,0.000
9,17.512,35.16,5,-15,0.000
9,17.752,-23.03,5,-58,0.000
9,17.973,1.23,5,-58,0.000
9,18.227,14.94,5,34,0.000
9,18.484,2.29,5,-59,0.000
9,18.732,5.62,5,4,0.000
9,18.955,-18.81,5,-57,0.000
9,19.198,34.98,5,59,0.000
9,19.420,-40.78,5,-56,0.000
9,19.668,52.91,5,59,0.000
9,19.907,-50.45,5,-56,0.000
9,20.131,66.44,5,59,0.000
9,20.364,-59.59,5,-55,0.000
9,20.597,67.85,5,59,0.000
9,20.834,-57.66,5,-55,0.000
9,21.072,61.70,5,59,0.000
9,21.297,-46.23,5,-56,0.000
9,21.554,55.37,5,47,0.000
9,21.783,-40.08,5,-56,0.000
9,22.031,42.89,5,18,0.000
9,22.277,-33.75,5,-57,0.000
9,22.525,38.32,5,-6,0.000
9,22.748,-7.38,5,-22,0.000
9,22.991,9.49,5,-59,0.000
9,23.244,2.11,5,-8,0.000
9,23.493,9.14,5,-59,0.000
9,23.762,-4.57,5,-6,0.000
9,24.000,29.00,5,-54,0.000
9,24.256,-23.55,5,-57,0.000
9,24.487,5.10,5,-59,0.000
9,24.712,27.77,5,59,0.000
9,24.954,-25.14,5,-57,0.000
9,25.187,42.01,5,59,0.000
9,25.432,-34.63,5,-57,0.000
9,25.676,46.58,5,59,0.000
9,25.926,-39.38,5,-56,0.000
9,26.156,61.35,5,59,0.000
9,26.391,-55.90,5,-55,0.000
9,26.674,52.91,5,59,0.000
9,26.926,-40.96,5,-56,0.000
9,27.155,59.06,5,59,0.000
9,27.379,-56.07,5,-55,0.000
9,27.609,67.68,5,59,0.000
9,27.843,-59.59,5,-55,0.000
9,28.071,65.74,5,59,0.000
9,28.314,-52.38,5,-55,0.000
9,28.534,46.76,5,34,0.000
9,28.778,-35.16,5,-57,0.000
9,29.016,24.08,5,-46,0.000
9,29.267,-25.14,5,-57,0.000
9,29.499,26.37,5,-59,0.000
9,29.788,-20.92,5,-57,0.000
9,30.047,53.61,5,59,0.000
10,0.040,13.18,5,-59,0.000
10,0.299,-51.33,5,59,0.000
10,0.560,70.84,5,-59,0.000
10,0.787,-55.20,5,8,0.000
10,1.026,4.22,5,-59,0.000
10,1.258,30.76,5,59,0.000
10,1.498,-78.05,5,-53,0.000
10,1.738,104.06,5,59,0.000
10,1.985,-43.07,5,-54,0.000
10,2.225,14.41,5,59,0.000
10,2.450,-36.74,5,-59,0.000
10,2.681,41.31,5,58,0.000
10,2.911,-54.67,5,-56,0.000
10,3.142,72.95,5,2,0.000
10,3.386,-66.97,5,-56,0.000
10,3.631,46.23,5,55,0.000
10,3.864,-8.26,5,-4,0.000
10,4.087,-34.63,5,-56,0.000
10,4.308,70.84,5,60,0.000
10,4.589,-38.15,5,-55,0.000
10,4.813,35.68,5,59,0.000
10,5.071,-8.09,5,-59,0.000
10,5.301,5.80,5,59,0.000
10,5.573,-7.38,5,-59,0.000
10,5.818,30.94,5,59,0.000
10,6.049,-46.58,5,-55,0.000
10,6.283,75.59,5,59,0.000
10,6.514,-55.55,5,-55,0.000
10,6.762,56.25,5,59,0.000
10,6.993,-50.98,5,-56,0.000
10,7.245,55.20,5,59,0.000
10,7.463,-60.47,5,-55,0.000
10,7.695,73.83,5,59,0.000
10,7.938,-59.94,5,-55,0.000
10,8.177,61.88,5,59,0.000
10,8.415,-26.72,5,-57,0.000
10,8.655,38.32,5,19,0.000
10,8.901,-30.59,5,-57,0.000
10,9.127,25.84,5,-43,0.000
10,9.413,-48.52,5,-56,0.000
10,9.650,55.20,5,42,0.000
10,9.895,-35.86,5,-57,0.000
10,10.119,27.07,5,-59,0.000
10,10.362,-2.81,5,-38,0.000
10,10.590,-14.41,5,-58,0.000
10,10.814,46.05,5,59,0.000
10,11.050,-40.25,5,-56,0.000
10,11.292,46.23,5,59,0.000
10,11.527,-45.53,5,-56,0.000
10,11.769,55.37,5,59,0.000
10,11.997,-58.53,5,-55,0.000
10,12.238,71.54,5,59,0.000
10,12.488,-60.12,5,-55,0.000
10,12.737,69.61,5,59,0.000
10,13.010,-56.43,5,-55,0.000
10,13.257,66.09,5,59,0.000
10,13.513,-52.91,5,-55,0.000
10,13.787,62.05,5,59,0.000
10,14.013,-53.61,5,-55,0.000
10,14.252,69.26,5,59,0.000
10,14.495,-58.01,5,-55,0.000
10,14.718,70.31,5,59,0.000
10,14.973,-58.71,5,-55,0.000
10,15.209,63.28,5,59,0.000
10,15.442,-54.67,5,-55,0.000
10,15.661,54.14,5,52,0.000
10,15.915,-45.53,5,-56,0.000
10,16.165,52.91,5,50,0.000
10,16.460,-55.55,5,-55,0.000
10,16.699,66.80,5,59,0.000
10,16.943,-53.97,5,-55,0.000
10,17.177,59.06,5,59,0.000
10,17.425,-50.27,5,-56,0.000
10,17.662,54.49,5,53,0.000
10,17.906,-43.07,5,-56,0.000
10,18.165,49.92,5,38,0.000
10,18.418,-48.87,5,-56,0.000
10,18.640,40.78,5,-3,0.000
10,18.873,-5.27,5,-33,0.000
10,19.104,6.33,5,-59,0.000
10,19.343,12.30,5,33,0.000
10,19.576,-17.75,5,-57,0.000
10,19.802,45.70,5,59,0.000
10,20.044,-40.08,5,-56,0.000
10,20.291,50.98,5,59,0.000
10,20.523,-49.75,5,-55,0.000
10,20.753,67.32,5,59,0.000
10,21.008,-54.49,5,-55,0.000
10,21.238,67.50,5,59,0.000
10,21.500,-56.95,5,-55,0.000
10,21.726,69.26,5,59,0.000
10,21.958,-57.48,5,-55,0.000
10,22.200,66.27,5,59,0.000
10,22.419,-49.40,5,-56,0.000
10,22.646,44.65,5,7,0.000
10,22.875,-22.32,5,-58,0.000
10,23.108,10.55,5,-59,0.000
10,23.336,16.88,5,50,0.000
10,23.592,-9.84,5,-58,0.000
10,23.834,26.54,5,59,0.000
10,24.061,-32.52,5,-57,0.000
10,24.315,43.95,5,59,0.000
10,24.545,-41.66,5,-56,0.000
10,24.812,35.33,5,59,0.000
10,25.042,-41.13,5,-56,0.000
10,25.268,62.40,5,59,0.000
10,25.506,-56.43,5,-55,0.000
10,25.732,68.73,5,59,0.000
10,26.021,-50.10,5,-55,0.000
10,26.256,65.92,5,59,0.000
10,26.527,-48.52,5,-56,0.000
10,26.779,55.90,5,59,0.000
10,27.037,-43.77,5,-56,0.000
10,27.292,53.44,5,59,0.000
10,27.521,-51.50,5,-55,0.000
10,27.762,63.63,5,59,0.000
10,28.002,-57.83,5,-55,0.000
10,28.239,68.20,5,59,0.000
10,28.458,-58.01,5,-55,0.000
10,28.698,65.39,5,59,0.000
10,28.917,-48.52,5,-56,0.000
10,29.138,39.73,5,-11,0.000
10,29.375,-17.40,5,-58,0.000
10,29.691,63.10,5,59,0.000
10,29.928,-50.62,5,-55,0.000
11,0.019,-1.41,5,59,0.000
11,0.242,0.88,5,-58,0.000
11,0.487,29.00,5,43,0.000
11,0.708,-70.49,5,-59,0.000
11,0.959,83.85,5,57,0.000
11,1.204,-74.00,5,-54,0.000
11,1.434,39.90,5,-58,0.000
11,1.663,85.61,5,32,0.000
11,1.914,-70.31,5,-55,0.000
11,2.137,39.90,5,59,0.000
11,2.370,-22.85,5,-59,0.000
11,2.687,-51.50,5,-57,0.000
11,2.997,74.00,5,59,0.000
11,3.226,-76.82,5,-55,0.000
11,3.473,67.15,5,59,0.000
11,3.734,-40.25,5,-56,0.000
11,3.965,19.51,5,-55,0.000
11,4.190,37.09,5,-16,0.000
11,4.455,-3.16,5,-58,0.000
11,4.691,-23.03,5,-58,0.000
11,4.924,29.00,5,-34,0.000
11,5.144,-23.73,5,4,0.000
11,5.373,-7.73,5,-58,0.000
11,5.617,46.05,5,59,0.000
11,5.844,-57.83,5,-54,0.000
11,6.096,72.77,5,59,0.000
11,6.325,-55.02,5,-55,0.000
11,6.570,58.18,5,59,0.000
11,6.814,-50.27,5,-56,0.000
11,7.034,60.12,5,59,0.000
11,7.272,-62.93,5,-56,0.000
11,7.513,73.65,5,59,0.000
11,7.764,-63.81,5,-55,0.000
11,7.992,62.93,5,59,0.000
11,8.233,-35.33,5,-56,0.000
11,8.457,26.89,5,-22,0.000
11,8.720,-34.98,5,-57,0.000
11,8.961,33.57,5,-14,0.000
11,9.263,-60.65,5,-56,0.000
11,9.531,71.54,5,59,0.000
11,9.752,-60.29,5,-55,0.000
11,10.007,65.39,5,59,0.000
11,10.249,-48.87,5,-55,0.000
11,10.501,54.84,5,59,0.000
11,10.723,-37.62,5,-56,0.000
11,10.969,42.89,5,17,0.000
11,11.197,-34.28,5,-57,0.000
11,11.456,46.41,5,7,0.000
11,11.793,-61.88,5,-55,0.000
11,12.016,69.96,5,59,0.000
11,12.236,-46.23,5,-55,0.000
11,12.464,42.01,5,4,0.000
11,12.728,-41.66,5,-56,0.000
11,12.966,42.01,5,17,0.000
11,13.255,-56.07,5,-55,0.000
11,13.506,66.27,5,59,0.000
11,13.752,-56.43,5,-55,0.000
11,13.974,52.91,5,34,0.000
11,14.243,-50.27,5,-55,0.000
11,14.506,60.29,5,59,0.000
11,14.739,-47.64,5,-56,0.000
11,14.977,47.11,5,18,0.000
11,15.218,-41.84,5,-56,0.000
11,15.474,52.03,5,43,0.000
11,15.718,-42.89,5,-56,0.000
11,15.957,41.48,5,-4,0.000
11,16.253,-50.98,5,-55,0.000
11,16.488,51.68,5,32,0.000
11,16.715,-35.86,5,-56,0.000
11,16.937,22.32,5,-57,0.000
11,17.174,-9.67,5,-26,0.000
11,17.413,-2.99,5,-58,0.000
11,17.664,14.06,5,29,0.000
11,17.892,-17.05,5,-57,0.000
11,18.134,34.28,5,59,0.000
11,18.389,-25.14,5,-57,0.000
11,18.637,31.11,5,60,0.000
11,18.892,-16.00,5,-58,0.000
11,19.133,46.76,5,59,0.000
11,19.381,-29.18,5,-56,0.000
11,19.617,45.53,5,59,0.000
11,19.858,-41.66,5,-56,0.000
11,20.082,59.59,5,59,0.000
11,20.307,-57.48,5,-55,0.000
11,20.543,69.78,5,59,0.000
11,20.767,-57.13,5,-55,0.000
11,20.998,62.23,5,59,0.000
11,21.235,-41.84,5,-56,0.000
11,21.492,57.48,5,59,0.000
11,21.717,-41.13,5,-56,0.000
11,21.951,28.30,5,-52,0.000
11,22.199,-28.48,5,-57,0.000
11,22.427,11.78,5,-59,0.000
11,22.679,-6.15,5,-30,0.000
11,22.907,-6.50,5,-58,0.000
11,23.141,33.22,5,59,0.000
11,23.376,-36.74,5,-56,0.000
11,23.599,54.49,5,59,0.000
11,23.861,-42.54,5,-56,0.000
11,24.110,50.80,5,59,0.000
11,24.350,-43.95,5,-56,0.000
11,24.576,65.22,5,59,0.000
11,24.796,-58.36,5,-55,0.000
11,25.038,67.50,5,59,0.000
11,25.298,-58.18,5,-55,0.000
11,25.545,68.38,5,59,0.000
11,25.779,-58.01,5,-55,0.000
11,26.016,67.32,5,59,0.000
11,26.250,-53.09,5,-55,0.000
11,26.506,65.22,5,59,0.000
11,26.754,-54.67,5,-55,0.000
11,27.003,62.58,5,59,0.000
11,27.248,-52.91,5,-55,0.000
11,27.480,52.38,5,41,0.000
11,27.718,-40.43,5,-56,0.000
11,27.946,34.28,5,-29,0.000
11,28.180,-7.38,5,-33,0.000
11,28.422,13.01,5,-59,0.000
11,28.654,15.64,5,34,0.000
11,28.886,-30.41,5,-57,0.000
11,29.111,47.64,5,59,0.000
11,29.339,-49.57,5,-55,0.000
11,29.564,66.80,5,59,0.000
11,29.795,-58.89,5,-55,0.000
11,30.024,68.20,5,59,0.000
12,0.039,4.57,5,-59,0.000
12,0.285,-34.63,5,59,0.000
12,0.513,17.40,5,-59,0.000
12,0.736,46.05,5,59,0.000
12,0.958,-87.36,5,-58,0.000
12,1.199,78.22,5,55,0.000
12,1.421,-51.15,5,-56,0.000
12,1.644,-18.98,5,-54,0.000
12,1.870,94.92,5,50,0.000
12,2.103,-65.04,5,-55,0.000
12,2.374,27.07,5,58,0.000
12,2.597,-26.37,5,-59,0.000
12,2.859,-6.68,5,59,0.000
12,3.095,15.82,5,-58,0.000
12,3.354,8.26,5,59,0.000
12,3.578,-55.72,5,-57,0.000
12,3.829,62.58,5,58,0.000
12,4.060,-69.61,5,-55,0.000
12,4.288,76.11,5,59,0.000
12,4.531,-45.18,5,-54,0.000
12,4.760,50.62,5,59,0.000
12,4.985,-43.95,5,-57,0.000
12,5.228,51.50,5,59,0.000
12,5.459,-62.23,5,-57,0.000
12,5.701,64.69,5,59,0.000
12,5.930,-24.96,5,-57,0.000
12,6.156,0.18,5,-58,0.000
12,6.399,44.12,5,45,0.000
12,6.622,-40.60,5,-56,0.000
12,6.853,45.70,5,59,0.000
12,7.079,-40.78,5,-57,0.000
12,7.301,53.09,5,59,0.000
12,7.538,-56.60,5,-56,0.000
12,7.771,74.36,5,59,0.000
12,8.016,-65.22,5,-55,0.000
12,8.236,66.09,5,59,0.000
12,8.481,-38.15,5,-56,0.000
12,8.702,31.99,5,-4,0.000
12,8.942,-11.78,5,-58,0.000
12,9.170,21.09,5,-58,0.000
12,9.425,-24.26,5,-52,0.000
12,9.645,11.07,5,-59,0.000
12,9.881,25.31,5,59,0.000
12,10.121,-30.06,5,-56,0.000
12,10.351,59.24,5,59,0.000
12,10.575,-52.73,5,-55,0.000
12,10.813,62.93,5,59,0.000
12,11.071,-50.27,5,-56,0.000
12,11.294,63.28,5,59,0.000
12,11.554,-55.90,5,-55,0.000
12,11.779,70.14,5,59,0.000
12,12.008,-60.12,5,-55,0.000
12,12.249,67.85,5,59,0.000
12,12.496,-54.32,5,-55,0.000
12,12.732,58.53,5,59,0.000
12,12.962,-37.97,5,-56,0.000
12,13.186,31.64,5,-25,0.000
12,13.408,-6.86,5,-19,0.000
12,13.662,18.28,5,-59,0.000
12,13.904,2.29,5,1,0.000
12,14.133,-14.06,5,-58,0.000
12,14.378,35.16,5,59,0.000
12,14.636,-25.31,5,-57,0.000
12,14.867,39.73,5,59,0.000
12,15.088,-43.07,5,-56,0.000
12,15.352,46.93,5,59,0.000
12,15.582,-45.18,5,-56,0.000
12,15.830,62.58,5,59,0.000
12,16.067,-52.56,5,-55,0.000
12,16.297,68.03,5,59,0.000
12,16.527,-59.06,5,-55,0.000
12,16.766,68.73,5,59,0.000
12,16.991,-52.91,5,-55,0.000
12,17.238,62.75,5,59,0.000
12,17.477,-48.87,5,-56,0.000
12,17.705,47.81,5,27,0.000
12,17.947,-35.68,5,-57,0.000
12,18.197,41.66,5,0,0.000
12,18.438,-25.66,5,-57,0.000
12,18.700,29.18,5,-49,0.000
12,18.934,-19.34,5,-58,0.000
12,19.174,24.26,5,-59,0.000
12,19.405,2.11,5,0,0.000
12,19.748,63.98,5,59,0.000
12,20.031,-53.61,5,-55,0.000
12,20.260,65.92,5,59,0.000
12,20.484,-52.03,5,-55,0.000
12,20.713,50.10,5,29,0.000
12,20.990,-54.84,5,-55,0.000
12,21.294,68.38,5,59,0.000
12,21.543,-57.83,5,-55,0.000
12,21.788,68.56,5,59,0.000
12,22.049,-56.43,5,-55,0.000
12,22.279,68.20,5,59,0.000
12,22.523,-58.89,5,-55,0.000
12,22.750,66.44,5,59,0.000
12,22.987,-54.14,5,-55,0.000
12,23.210,51.33,5,38,0.000
12,23.430,-22.50,5,-57,0.000
12,23.650,2.29,5,-58,0.000
12,23.896,11.07,5,22,0.000
12,24.147,-4.39,5,-58,0.000
12,24.366,36.39,5,60,0.000
12,24.590,-42.36,5,-56,0.000
12,24.821,62.40,5,59,0.000
12,25.067,-53.61,5,-55,0.000
12,25.293,69.43,5,59,0.000
12,25.524,-58.71,5,-55,0.000
12,25.754,64.69,5,59,0.000
12,25.987,-53.26,5,-55,0.000
12,26.208,50.45,5,31,0.000
12,26.445,-34.45,5,-57,0.000
12,26.689,36.21,5,-15,0.000
12,26.922,-5.27,5,-23,0.000
12,27.175,24.96,5,-59,0.000
12,27.408,0.53,5,-15,0.000
12,27.634,-14.77,5,-58,0.000
12,27.883,27.60,5,59,0.000
12,28.109,-33.75,5,-56,0.000
12,28.382,26.02,5,59,0.000
12,28.661,9.32,5,-59,0.000
12,28.903,3.52,5,1,0.000
12,29.123,-21.45,5,-57,0.000
12,29.374,39.20,5,59,0.000
12,29.601,-40.08,5,-56,0.000
12,29.826,60.29,5,59,0.000
13,0.042,11.78,5,-59,0.000
13,0.271,-44.12,5,59,0.000
13,0.503,44.47,5,-59,0.000
13,0.743,2.11,5,59,0.000
13,0.974,-60.65,5,-59,0.000
13,1.216,64.51,5,56,0.000
13,1.465,-84.02,5,-53,0.000
13,1.687,82.44,5,-21,0.000
13,1.911,34.98,5,-58,0.000
13,2.161,-46.58,5,-58,0.000
13,2.405,-11.78,5,42,0.000
13,2.714,46.05,5,59,0.000
13,2.954,-51.33,5,-55,0.000
13,3.175,75.06,5,16,0.000
13,3.423,-69.08,5,-56,0.000
13,3.661,43.24,5,58,0.000
13,3.896,-37.09,5,-58,0.000
13,4.169,34.63,5,-2,0.000
13,4.396,15.82,5,-59,0.000
13,4.617,-15.29,5,-56,0.000
13,4.848,34.63,5,59,0.000
13,5.087,-15.47,5,-58,0.000
13,5.312,13.89,5,59,0.000
13,5.559,-30.06,5,-58,0.000
13,5.799,53.97,5,59,0.000
13,6.035,-57.13,5,-54,0.000
13,6.261,81.03,5,59,0.000
13,6.484,-52.56,5,-54,0.000
13,6.749,58.36,5,59,0.000
13,7.001,-53.09,5,-56,0.000
13,7.247,59.24,5,59,0.000
13,7.478,-62.40,5,-56,0.000
13,7.706,72.25,5,59,0.000
13,7.938,-54.49,5,-55,0.000
13,8.174,50.10,5,25,0.000
13,8.406,-18.81,5,-57,0.000
13,8.627,2.64,5,-58,0.000
13,8.872,1.76,5,-7,0.000
13,9.123,14.06,5,-59,0.000
13,9.344,8.96,5,48,0.000
13,9.577,-23.20,5,-57,0.000
13,9.817,44.12,5,59,0.000
13,10.044,-52.91,5,-55,0.000
13,10.296,64.86,5,59,0.000
13,10.539,-51.85,5,-55,0.000
13,10.767,63.98,5,59,0.000
13,11.006,-54.84,5,-55,0.000
13,11.230,65.04,5,59,0.000
13,11.553,-43.59,5,-56,0.000
13,11.839,26.72,5,59,0.000
13,12.063,-39.90,5,-56,0.000
13,12.304,58.53,5,59,0.000
13,12.524,-54.67,5,-55,0.000
13,12.756,66.44,5,59,0.000
13,13.012,-55.90,5,-55,0.000
13,13.236,65.92,5,59,0.000
13,13.460,-58.18,5,-55,0.000
13,13.687,59.94,5,59,0.000
13,13.937,-46.93,5,-56,0.000
13,14.176,53.26,5,43,0.000
13,14.426,-39.38,5,-56,0.000
13,14.653,30.23,5,-32,0.000
13,14.874,-1.23,5,-20,0.000
13,15.122,1.41,5,-59,0.000
13,15.351,12.48,5,42,0.000
13,15.585,-25.31,5,-57,0.000
13,15.922,-43.77,5,-56,0.000
13,16.149,29.53,5,-47,0.000
13,16.370,4.57,5,-10,0.000
13,16.618,-1.76,5,-58,0.000
13,16.857,11.78,5,21,0.000
13,17.079,-25.84,5,-57,0.000
13,17.319,49.75,5,59,0.000
13,17.548,-43.77,5,-56,0.000
13,17.771,65.57,5,59,0.000
13,17.994,-60.12,5,-55,0.000
13,18.230,69.26,5,59,0.000
13,18.458,-52.73,5,-55,0.000
13,18.696,58.01,5,59,0.000
13,18.923,-39.73,5,-56,0.000
13,19.150,35.16,5,-25,0.000
13,19.421,-29.88,5,-57,0.000
13,19.654,36.91,5,-12,0.000
13,19.882,-10.02,5,-41,0.000
13,20.125,11.43,5,-59,0.000
13,20.361,29.71,5,59,0.000
13,20.591,-19.51,5,-57,0.000
13,20.814,45.35,5,59,0.000
13,21.056,-43.59,5,-56,0.000
13,21.285,60.47,5,59,0.000
13,21.554,-43.07,5,-56,0.000
13,21.780,66.27,5,59,0.000
13,22.017,-57.66,5,-55,0.000
13,22.237,68.38,5,59,0.000
13,22.478,-55.72,5,-55,0.000
13,22.706,60.82,5,59,0.000
13,22.930,-46.58,5,-56,0.000
13,23.158,45.53,5,8,0.000
13,23.403,-35.33,5,-57,0.000
13,23.622,11.78,5,-59,0.000
13,23.850,26.02,5,55,0.000
13,24.075,-34.28,5,-56,0.000
13,24.311,59.77,5,59,0.000
13,24.530,-50.98,5,-55,0.000
13,24.755,64.34,5,59,0.000
13,25.041,-49.40,5,-56,0.000
13,25.356,10.72,5,36,0.000
13,25.613,-0.18,5,-58,0.000
13,25.863,15.12,5,21,0.000
13,26.114,-13.54,5,-57,0.000
13,26.356,21.27,5,46,0.000
13,26.585,-25.49,5,-57,0.000
13,26.830,34.45,5,59,0.000
13,27.078,-25.84,5,-57,0.000
13,27.302,53.97,5,59,0.000
13,27.535,-51.85,5,-55,0.000
13,27.777,67.85,5,59,0.000
13,27.998,-58.36,5,-55,0.000
13,28.219,65.57,5,59,0.000
13,28.443,-48.69,5,-56,0.000
13,28.664,45.53,5,18,0.000
13,28.887,-20.74,5,-58,0.000
13,29.124,13.01,5,-59,0.000
13,29.376,-5.10,5,-20,0.000
13,29.623,6.68,5,-59,0.000
13,29.855,27.95,5,59,0.000
14,0.027,13.54,5,-21,0.000
14,0.269,-47.46,5,-14,0.000
14,0.543,70.49,5,-59,0.000
14,0.775,-82.79,5,-35,0.000
14,1.011,50.62,5,31,0.000
14,1.242,-1.58,5,56,0.000
14,1.464,-58.01,5,-51,0.000
14,1.706,99.49,5,50,0.000
14,1.956,-60.47,5,-56,0.000
14,2.177,8.96,5,57,0.000
14,2.438,-34.63,5,-59,0.000
14,2.674,38.32,5,59,0.000
14,2.922,-26.19,5,-54,0.000
14,3.143,63.98,5,59,0.000
14,3.372,-76.82,5,-57,0.000
14,3.599,57.13,5,56,0.000
14,3.824,-65.04,5,-57,0.000
14,4.067,53.61,5,-27,0.000
14,4.308,18.98,5,-58,0.000
14,4.545,-27.07,5,-56,0.000
14,4.772,38.32,5,59,0.000
14,4.994,-24.61,5,-58,0.000
14,5.219,19.69,5,59,0.000
14,5.461,-38.85,5,-57,0.000
14,5.696,51.15,5,59,0.000
14,5.931,-64.86,5,-54,0.000
14,6.163,82.09,5,59,0.000
14,6.391,-54.32,5,-54,0.000
14,6.621,53.26,5,59,0.000
14,6.940,-46.05,5,-56,0.000
14,7.173,55.20,5,59,0.000
14,7.401,-58.53,5,-56,0.000
14,7.654,66.80,5,59,0.000
14,7.875,-66.80,5,-55,0.000
14,8.124,74.71,5,59,0.000
14,8.363,-40.78,5,-55,0.000
14,8.614,53.61,5,59,0.000
14,8.843,-31.82,5,-56,0.000
14,9.080,40.25,5,18,0.000
14,9.300,-33.75,5,-57,0.000
14,9.523,13.01,5,-59,0.000
14,9.773,-4.57,5,-1,0.000
14,10.007,-14.59,5,-57,0.000
14,10.240,52.21,5,59,0.000
14,10.481,-42.01,5,-55,0.000
14,10.714,56.25,5,59,0.000
14,10.942,-48.52,5,-56,0.000
14,11.185,56.78,5,59,0.000
14,11.443,-48.34,5,-56,0.000
14,11.692,60.47,5,59,0.000
14,11.923,-62.58,5,-55,0.000
14,12.150,74.53,5,59,0.000
14,12.390,-55.72,5,-55,0.000
14,12.624,57.30,5,59,0.000
14,12.873,-51.50,5,-55,0.000
14,13.108,57.66,5,59,0.000
14,13.328,-48.87,5,-56,0.000
14,13.605,62.05,5,59,0.000
14,13.844,-51.85,5,-55,0.000
14,14.071,41.84,5,-9,0.000
14,14.306,-13.71,5,-58,0.000
14,14.541,7.91,5,-59,0.000
14,14.769,16.88,5,39,0.000
14,14.994,-23.38,5,-57,0.000
14,15.223,43.59,5,59,0.000
14,15.443,-49.92,5,-56,0.000
14,15.690,63.46,5,59,0.000
14,15.918,-60.29,5,-55,0.000
14,16.181,70.49,5,59,0.000
14,16.401,-58.36,5,-55,0.000
14,16.645,66.27,5,59,0.000
14,16.871,-53.97,5,-55,0.000
14,17.117,60.65,5,59,0.000
14,17.381,-59.41,5,-55,0.000
14,17.612,64.86,5,59,0.000
14,17.853,-52.56,5,-55,0.000
14,18.100,58.53,5,59,0.000
14,18.332,-39.73,5,-56,0.000
14,18.563,33.22,5,-40,0.000
14,18.804,-19.51,5,-58,0.000
14,19.031,4.57,5,-59,0.000
14,19.267,11.78,5,28,0.000
14,19.490,-30.41,5,-56,0.000
14,19.729,47.81,5,59,0.000
14,19.961,-46.76,5,-55,0.000
14,20.207,58.01,5,59,0.000
14,20.448,-52.38,5,-55,0.000
14,20.672,65.57,5,59,0.000
14,20.909,-59.41,5,-55,0.000
14,21.147,68.73,5,59,0.000
14,21.378,-58.18,5,-55,0.000
14,21.615,63.98,5,59,0.000
14,21.889,-57.83,5,-55,0.000
14,22.118,61.88,5,59,0.000
14,22.353,-47.11,5,-56,0.000
14,22.636,67.15,5,59,0.000
14,22.869,-53.97,5,-55,0.000
14,23.095,55.90,5,57,0.000
14,23.329,-34.98,5,-56,0.000
14,23.553,28.30,5,-55,0.000
14,23.774,10.72,5,14,0.000
14,24.006,-17.75,5,-57,0.000
14,24.241,36.56,5,59,0.000
14,24.468,-41.48,5,-56,0.000
14,24.696,62.23,5,59,0.000
14,24.957,-45.88,5,-55,0.000
14,25.182,65.57,5,59,0.000
14,25.411,-59.41,5,-55,0.000
14,25.635,67.68,5,59,0.000
14,25.875,-56.25,5,-55,0.000
14,26.117,59.06,5,59,0.000
14,26.344,-44.30,5,-56,0.000
14,26.588,52.03,5,42,0.000
14,26.847,-45.18,5,-56,0.000
14,27.077,44.65,5,11,0.000
14,27.330,-40.43,5,-56,0.000
14,27.579,47.99,5,21,0.000
14,27.818,-28.65,5,-57,0.000
14,28.040,14.77,5,-59,0.000
14,28.338,-42.72,5,-56,0.000
14,28.570,34.45,5,-31,0.000
14,28.793,-14.94,5,-55,0.000
14,29.032,7.91,5,-59,0.000
14,29.267,16.00,5,31,0.000
14,29.512,-13.36,5,-57,0.000
14,29.802,-10.37,5,-58,0.000
15,0.032,13.71,5,5,0.000
15,0.302,-36.39,5,-58,0.000
15,0.550,64.16,5,8,0.000
15,0.785,-88.07,5,-58,0.000
15,1.017,65.04,5,57,0.000
15,1.247,-11.95,5,8,0.000
15,1.485,-38.67,5,-51,0.000
15,1.721,97.03,5,42,0.000
15,1.971,-71.37,5,-58,0.000
15,2.192,11.60,5,56,0.000
15,2.426,-29.53,5,-59,0.000
15,2.651,45.18,5,59,0.000
15,2.875,-41.13,5,-53,0.000
15,3.131,65.04,5,59,0.000
15,3.353,-78.57,5,-57,0.000
15,3.598,60.65,5,56,0.000
15,3.830,-66.09,5,-56,0.000
15,4.069,60.47,5,-28,0.000
15,4.297,13.89,5,-58,0.000
15,4.528,-21.80,5,-57,0.000
15,4.768,21.27,5,38,0.000
15,4.997,-14.94,5,-59,0.000
15,5.266,-25.31,5,-2,0.000
15,5.497,16.88,5,-59,0.000
15,5.732,16.70,5,59,0.000
15,5.955,-46.93,5,-55,0.000
15,6.195,71.54,5,59,0.000
15,6.429,-59.41,5,-54,0.000
15,6.658,66.80,5,59,0.000
15,6.886,-50.45,5,-55,0.000
15,7.124,58.53,5,59,0.000
15,7.356,-57.30,5,-56,0.000
15,7.682,53.44,5,59,0.000
15,7.917,-61.70,5,-55,0.000
15,8.195,66.62,5,59,0.000
15,8.417,-59.77,5,-54,0.000
15,8.676,69.08,5,59,0.000
15,8.916,-52.38,5,-55,0.000
15,9.161,59.06,5,59,0.000
15,9.390,-57.30,5,-56,0.000
15,9.623,66.09,5,59,0.000
15,9.848,-61.35,5,-55,0.000
15,10.071,57.66,5,30,0.000
15,10.294,-16.70,5,-58,0.000
15,10.522,-4.57,5,-58,0.000
15,10.745,36.03,5,59,0.000
15,10.986,-25.66,5,-57,0.000
15,11.212,40.78,5,59,0.000
15,11.437,-43.95,5,-56,0.000
15,11.674,62.93,5,59,0.000
15,11.900,-62.23,5,-55,0.000
15,12.155,73.65,5,59,0.000
15,12.384,-60.12,5,-54,0.000
15,12.633,68.03,5,59,0.000
15,12.882,-53.61,5,-55,0.000
15,13.105,58.36,5,59,0.000
15,13.325,-46.23,5,-56,0.000
15,13.551,39.02,5,-8,0.000
15,13.769,-15.64,5,-18,0.000
15,14.025,18.63,5,-59,0.000
15,14.247,29.88,5,59,0.000
15,14.496,-24.08,5,-57,0.000
15,14.742,35.86,5,59,0.000
15,15.017,-21.09,5,-57,0.000
15,15.237,22.68,5,59,0.000
15,15.469,-29.18,5,-57,0.000
15,15.704,45.70,5,59,0.000
15,15.955,-45.35,5,-56,0.000
15,16.187,66.27,5,59,0.000
15,16.472,-42.54,5,-55,0.000
15,16.773,10.02,5,4,0.000
15,17.017,1.41,5,-59,0.000
15,17.248,18.11,5,59,0.000
15,17.479,-27.07,5,-57,0.000
15,17.714,51.85,5,59,0.000
15,17.939,-53.09,5,-55,0.000
15,18.223,51.85,5,59,0.000
15,18.451,-47.46,5,-55,0.000
15,18.715,53.09,5,59,0.000
15,18.957,-40.08,5,-56,0.000
15,19.186,55.37,5,59,0.000
15,19.431,-52.56,5,-56,0.000
15,19.656,68.56,5,59,0.000
15,19.890,-61.17,5,-55,0.000
15,20.127,69.26,5,59,0.000
15,20.355,-50.27,5,-55,0.000
15,20.578,49.92,5,31,0.000
15,20.817,-29.71,5,-57,0.000
15,21.055,38.85,5,0,0.000
15,21.292,-18.63,5,-57,0.000
15,21.522,5.27,5,-59,0.000
15,21.791,-19.69,5,-57,0.000
15,22.013,0.35,5,-58,0.000
15,22.255,17.05,5,39,0.000
15,22.493,-19.34,5,-57,0.000
15,22.713,46.05,5,59,0.000
15,22.941,-48.34,5,-56,0.000
15,23.168,65.92,5,59,0.000
15,23.410,-59.06,5,-55,0.000
15,23.650,69.08,5,59,0.000
15,23.886,-57.83,5,-55,0.000
15,24.110,63.10,5,59,0.000
15,24.346,-52.03,5,-55,0.000
15,24.568,46.58,5,21,0.000
15,24.798,-24.61,5,-57,0.000
15,25.046,28.48,5,-48,0.000
15,25.300,-20.92,5,-58,0.000
15,25.544,27.42,5,-50,0.000
15,25.790,-19.69,5,-58,0.000
15,26.026,3.69,5,-59,0.000
15,26.261,13.71,5,35,0.000
15,26.496,-16.88,5,-57,0.000
15,26.722,48.16,5,59,0.000
15,26.944,-48.16,5,-55,0.000
15,27.177,61.88,5,59,0.000
15,27.407,-57.48,5,-55,0.000
15,27.650,67.15,5,59,0.000
15,27.875,-59.77,5,-55,0.000
15,28.124,68.73,5,59,0.000
15,28.390,-60.12,5,-55,0.000
15,28.634,68.73,5,59,0.000
15,28.873,-56.25,5,-55,0.000
15,29.192,59.41,5,59,0.000
15,29.428,-54.67,5,-55,0.000
15,29.667,65.57,5,59,0.000
15,29.891,-60.29,5,-55,0.000
16,0.042,-22.15,5,59,0.000
16,0.267,13.01,5,-58,0.000
16,0.496,5.45,5,42,0.000
16,0.726,-62.40,5,-59,0.000
16,0.948,63.10,5,56,0.000
16,1.177,-95.98,5,-56,0.000
16,1.428,43.95,5,-59,0.000
16,1.675,77.34,5,53,0.000
16,1.932,-71.37,5,-54,0.000
16,2.152,48.52,5,59,0.000
16,2.384,-37.09,5,-58,0.000
16,2.654,-35.51,5,51,0.000
16,2.908,47.28,5,-4,0.000
16,3.138,-53.97,5,-26,0.000
16,3.393,25.14,5,-59,0.000
16,3.617,51.85,5,59,0.000
16,3.857,-78.75,5,-54,0.000
16,4.115,67.32,5,59,0.000
16,4.370,-55.90,5,-55,0.000
16,4.595,35.16,5,59,0.000
16,4.821,-44.82,5,-57,0.000
16,5.082,20.92,5,59,0.000
16,5.306,-62.93,5,-57,0.000
16,5.532,71.37,5,59,0.000
16,5.761,-76.29,5,-55,0.000
16,6.022,53.44,5,59,0.000
16,6.255,-42.01,5,-56,0.000
16,6.502,33.40,5,59,0.000
16,6.746,-50.10,5,-57,0.000
16,6.978,44.12,5,59,0.000
16,7.258,-72.25,5,-56,0.000
16,7.485,63.98,5,59,0.000
16,7.729,-64.34,5,-56,0.000
16,7.955,26.72,5,-23,0.000
16,8.195,-1.58,5,-59,0.000
16,8.447,-5.62,5,-59,0.000
16,8.681,-12.13,5,-33,0.000
16,8.927,15.82,5,-42,0.000
16,9.156,-19.34,5,13,0.000
16,9.385,-12.83,5,-59,0.000
16,9.610,39.55,5,59,0.000
16,9.867,-49.40,5,-56,0.000
16,10.090,64.34,5,59,0.000
16,10.326,-64.34,5,-55,0.000
16,10.549,54.84,5,59,0.000
16,10.794,-60.29,5,-56,0.000
16,11.032,53.44,5,59,0.000
16,11.313,-61.52,5,-56,0.000
16,11.547,63.10,5,59,0.000
16,11.791,-72.95,5,-55,0.000
16,12.039,67.15,5,59,0.000
16,12.371,-46.93,5,-56,0.000
16,12.600,47.81,5,59,0.000
16,12.840,-52.38,5,-56,0.000
16,13.101,34.45,5,59,0.000
16,13.356,-47.11,5,-57,0.000
16,13.600,42.19,5,59,0.000
16,13.834,-63.10,5,-56,0.000
16,14.067,65.04,5,59,0.000
16,14.300,-66.80,5,-55,0.000
16,14.555,61.17,5,59,0.000
16,14.803,-63.10,5,-56,0.000
16,15.046,54.14,5,59,0.000
16,15.272,-67.50,5,-56,0.000
16,15.511,59.94,5,59,0.000
16,15.745,-65.04,5,-55,0.000
16,15.992,44.65,5,42,0.000
16,16.219,-42.01,5,-57,0.000
16,16.458,28.30,5,0,0.000
16,16.692,-22.15,5,-58,0.000
16,16.915,-5.62,5,-59,0.000
16,17.137,16.35,5,59,0.000
16,17.366,-41.66,5,-57,0.000
16,17.598,43.42,5,59,0.000
16,17.833,-63.63,5,-56,0.000
16,18.090,56.43,5,59,0.000
16,18.338,-60.47,5,-55,0.000
16,18.560,61.17,5,59,0.000
16,18.810,-65.22,5,-55,0.000
16,19.046,58.53,5,59,0.000
16,19.266,-64.16,5,-55,0.000
16,19.501,55.72,5,59,0.000
16,19.747,-63.63,5,-56,0.000
16,19.991,50.98,5,59,0.000
16,20.224,-54.32,5,-56,0.000
16,20.451,30.41,5,-2,0.000
16,20.787,-65.92,5,-55,0.000
16,21.021,57.48,5,59,0.000
16,21.288,-65.74,5,-55,0.000
16,21.532,59.41,5,59,0.000
16,21.753,-63.98,5,-56,0.000
16,21.972,45.70,5,59,0.000
16,22.200,-39.02,5,-57,0.000
16,22.446,26.54,5,-19,0.000
16,22.673,-12.30,5,-35,0.000
16,22.905,-21.80,5,-58,0.000
16,23.127,34.10,5,59,0.000
16,23.348,-54.84,5,-56,0.000
16,23.596,46.93,5,59,0.000
16,23.823,-61.88,5,-56,0.000
16,24.044,60.12,5,59,0.000
16,24.281,-66.62,5,-55,0.000
16,24.509,58.18,5,59,0.000
16,24.745,-57.83,5,-56,0.000
16,25.000,52.03,5,59,0.000
16,25.281,-66.44,5,-55,0.000
16,25.582,54.67,5,59,0.000
16,25.806,-64.69,5,-55,0.000
16,26.030,59.94,5,59,0.000
16,26.252,-62.75,5,-55,0.000
16,26.486,49.57,5,59,0.000
16,26.730,-56.43,5,-56,0.000
16,26.951,33.22,5,2,0.000
16,27.173,-15.47,5,-38,0.000
16,27.399,-23.73,5,-57,0.000
16,27.646,20.39,5,59,0.000
16,27.874,-45.53,5,-56,0.000
16,28.127,35.86,5,59,0.000
16,28.376,-37.09,5,-57,0.000
16,28.595,43.95,5,59,0.000
16,28.819,-61.88,5,-56,0.000
16,29.058,59.24,5,59,0.000
16,29.307,-67.32,5,-55,0.000
16,29.529,62.23,5,59,0.000
16,29.792,-66.62,5,-55,0.000
16,30.020,58.71,5,59,0.000
