t_s,mode,alpha_deg,theta_deg,pwm,i_ma
0.0,5,0.527,1.055,-49,27.1
0.0799,5,-5.801,7.031,-49,67.1
0.1462,5,-11.777,15.469,-49,67.1
0.21,5,-11.25,22.324,49,67.3
0.2718,5,9.668,18.281,49,74.4
0.373,5,27.949,9.316,49,77.8
0.4559,5,19.687,6.504,-49,77.8
0.5408,5,-17.402,18.809,-49,69.4
0.6191,5,-37.09,25.84,-49,68.1
0.6895,5,-29.355,24.258,49,75.0
0.753,5,10.723,4.922,49,75.0
0.8238,5,46.758,-14.59,49,71.2
0.9126,5,45.176,-20.566,49,74.6
0.9753,5,16.172,-17.754,-49,74.6
1.0458,5,-39.375,0.0,-49,65.9
1.1196,5,-58.359,3.34,-49,70.5
1.1885,5,-40.254,-0.352,49,75.3
1.2762,5,19.863,-28.125,49,69.8
1.3502,5,62.227,-45.0,47,69.8
1.433,5,59.941,-49.043,-47,70.6
1.5089,5,2.461,-31.992,-48,64.4
1.5926,5,-50.098,-10.898,-49,64.6
1.6595,5,-74.707,-2.988,-49,70.4
1.7482,5,-50.801,-2.285,49,70.4
1.8369,5,31.816,-33.926,48,75.3
1.9128,5,72.422,-43.945,47,72.5
1.9796,5,79.98,-47.109,47,71.1
2.0543,5,57.48,-46.055,-47,71.1
2.1152,5,-0.703,-24.434,-49,60.7
2.1781,5,-61.875,-0.703,-49,65.3
2.2512,5,-88.945,6.152,-49,65.3
2.3215,5,-75.41,11.426,49,67.8
2.3973,5,-24.785,2.285,49,73.9
2.4652,5,46.23,-25.84,49,73.9
2.533,5,89.473,-32.871,48,74.2
2.5994,5,96.504,-36.035,48,73.8
2.6682,5,56.953,-36.563,-48,66.3
2.758,5,-33.574,-1.406,-49,66.3
2.858,5,-93.34,11.25,-49,64.0
2.9204,5,-104.238,14.414,-49,67.7
2.9852,5,-86.309,19.512,49,77.8
3.0496,5,-9.316,1.758,49,77.8
3.1374,5,66.27,-25.84,49,65.3
3.2042,5,110.391,-30.937,48,73.1
3.2982,5,104.59,-37.617,-48,73.3
3.3661,5,53.965,-38.672,-48,65.3
3.4468,5,-37.969,-3.867,-49,65.3
3.5269,5,-95.801,5.625,-49,66.6
3.591,5,-117.598,6.855,-49,69.3
3.6587,5,-110.391,12.48,49,69.3
3.7226,5,-70.664,14.766,49,77.8
3.7944,5,29.531,-22.5,49,65.8
3.8759,5,97.031,-36.387,48,73.4
3.9547,5,122.695,-38.32,48,73.4
4.0165,5,116.191,-46.582,-47,72.3
4.0931,5,82.793,-52.031,-46,64.8
4.1539,5,13.184,-34.805,-48,64.8
4.2197,5,-69.434,-4.395,-49,59.9
4.2925,5,-117.07,-1.582,-49,69.3
4.3574,5,-129.375,1.582,-49,69.3
4.4217,5,-115.488,10.02,49,67.3
4.4885,5,-75.059,13.887,49,75.7
4.5487,5,0.527,-9.844,49,75.7
4.6122,5,77.344,-34.805,48,70.2
4.6761,5,127.266,-36.211,48,74.7
4.7629,5,132.891,-41.836,47,74.7
4.8356,5,105.469,-52.559,-46,71.4
4.9075,5,33.223,-44.121,-47,63.6
4.9952,5,-69.961,-4.219,-49,62.9
5.0661,5,-119.004,-1.055,-49,62.9
5.1359,5,-136.758,3.164,-49,68.6
5.2158,5,-117.246,16.172,49,66.6
5.2896,5,-70.488,20.391,49,75.3
5.3644,5,31.992,-15.996,49,75.3
5.4402,5,101.953,-27.773,49,68.4
5.5067,5,134.297,-27.07,49,75.9
5.571,5,139.57,-34.453,10,75.9
5.6398,5,100.898,-50.625,-47,29.4
5.7376,5,41.133,-45.352,-47,65.3
5.8095,5,-102.129,-2.285,-49,61.1
5.9267,5,-142.383,-1.23,-49,71.5
6.0364,5,-130.605,10.723,49,66.1
6.0996,5,-83.848,18.984,49,80.3
6.1893,5,3.867,-8.262,49,62.7
6.2512,5,95.098,-33.75,48,62.7
6.3322,5,133.945,-33.926,48,73.8
6.4018,5,144.141,-39.902,48,72.8
6.4696,5,127.793,-53.789,-46,72.8
6.5324,5,84.375,-62.402,-45,66.6
6.6037,5,5.625,-42.012,-47,60.4
6.6748,5,-78.047,-14.063,-49,60.4
6.7354,5,-122.344,-13.535,-49,68.0
6.8142,5,-145.547,-11.426,-49,67.9
6.8816,5,-132.891,1.23,49,67.9
6.9509,5,-95.273,11.25,49,78.5
7.0167,5,-17.754,-4.043,49,74.8
7.0913,5,69.434,-35.859,48,71.3
7.1517,5,120.586,-37.441,48,71.3
7.2185,5,144.844,-37.266,48,74.9
7.2893,5,142.91,-46.758,47,74.9
7.3543,5,105.469,-63.281,-45,68.2
7.4449,5,27.773,-53.965,-46,64.6
7.5138,5,-79.453,-16.172,-49,59.9
7.5976,5,-135.0,-16.523,-49,69.4
7.6792,5,-147.832,-13.008,-49,69.4
7.748,5,-134.824,-0.352,49,61.9
7.8142,5,-99.141,9.668,49,84.1
7.878,5,-37.617,1.934,49,84.1
7.9413,5,58.184,-36.387,48,66.2
8.0132,5,119.531,-40.605,48,72.3
8.0939,5,147.656,-42.012,47,73.5
8.1697,5,140.449,-53.437,-46,73.5
8.2315,5,113.379,-64.336,-45,68.2
8.3006,5,57.129,-62.93,-45,61.7
8.3655,5,-38.32,-23.203,-49,61.7
8.4372,5,-107.227,-11.25,-49,63.7
8.505,5,-140.977,-10.547,-49,69.6
8.5828,5,-142.734,-0.879,49,69.6
8.651,5,-109.863,14.414,49,79.4
8.7369,5,-38.848,8.438,49,81.1
8.8186,5,79.102,-33.75,48,65.6
8.9052,5,131.309,-34.453,48,74.5
8.9827,5,146.953,-37.969,48,74.5
9.0465,5,132.891,-53.437,-46,68.0
9.1223,5,90.703,-64.16,-45,65.4
9.1936,5,0.879,-41.133,-47,58.0
9.2695,5,-80.859,-15.117,-49,58.0
9.3413,5,-137.637,-15.469,-49,68.5
9.4281,5,-145.02,-8.789,-49,67.9
9.5076,5,-125.684,2.988,49,80.8
9.5763,5,-66.621,6.152,49,80.8
9.6565,5,23.203,-29.355,49,72.8
9.7236,5,105.82,-46.582,47,70.7
9.8023,5,143.262,-47.285,47,72.6
9.8892,5,141.68,-56.953,38,72.6
9.9606,5,113.027,-70.312,-44,54.2
10.0315,5,60.645,-70.312,-44,62.3
10.0944,5,-30.41,-33.75,-48,58.4
10.1738,5,-107.051,-19.336,-49,58.4
10.2366,5,-140.449,-19.336,-49,70.0
10.3081,5,-142.91,-10.547,-49,67.6
10.3785,5,-118.477,3.164,49,67.6
10.4505,5,-69.785,6.504,49,79.4
10.5128,5,13.184,-22.852,49,66.0
10.5795,5,94.043,-42.715,47,66.0
10.6607,5,139.219,-41.484,47,76.6
10.73,5,145.723,-47.812,47,73.3
10.8075,5,109.16,-64.687,-45,66.4
10.9085,5,43.945,-58.711,-45,61.1
10.9785,5,-52.207,-17.578,-49,61.1
11.0474,5,-121.641,-9.844,-49,63.4
11.1331,5,-143.086,-7.559,-49,66.1
11.1939,5,-134.121,5.801,49,79.1
11.2712,5,-85.078,16.523,49,79.1
11.3605,5,-14.414,-1.23,49,79.1
11.4224,5,95.625,-34.98,48,67.5
11.5258,5,138.34,-34.98,48,75.0
11.5907,5,143.262,-44.824,-40,71.6
11.6724,5,111.094,-60.82,-45,71.6
11.7542,5,42.363,-56.602,-46,64.8
11.839,5,-55.898,-17.402,-49,58.2
11.9088,5,-117.949,-12.305,-49,68.4
11.9844,5,-143.613,-11.777,-49,68.4
12.0494,5,-136.582,0.0,49,67.8
12.1301,5,-103.184,11.426,49,79.7
12.1924,5,-45.0,6.68,49,79.7
12.2641,5,52.91,-32.168,48,67.6
12.33,5,122.344,-37.441,48,73.7
12.4108,5,144.844,-37.969,48,72.2
12.4696,5,142.031,-48.516,-47,72.2
12.5406,5,105.293,-62.93,-45,66.8
12.6282,5,9.844,-43.77,-47,61.6
12.7166,5,-88.594,-11.426,-49,65.2
12.8067,5,-133.418,-11.25,-49,68.1
12.8794,5,-145.02,-6.152,-49,68.1
12.9408,5,-130.078,6.504,49,67.1
13.0036,5,-96.855,14.941,49,67.1
13.0635,5,-24.082,2.285,49,76.6
13.1353,5,69.609,-32.695,48,65.2
13.216,5,127.969,-34.453,48,75.0
13.2836,5,147.129,-37.09,48,75.0
13.3505,5,139.219,-48.691,-47,71.1
13.4194,5,104.062,-60.293,-45,66.1
13.4935,5,47.461,-55.371,-46,66.1
13.5564,5,-50.801,-14.766,-49,58.4
13.6242,5,-107.754,-7.207,-49,68.2
13.702,5,-140.977,-6.855,-49,68.2
13.7618,5,-142.207,1.406,40,67.3
13.8306,5,-118.828,14.063,49,79.2
13.9062,5,-61.348,15.469,49,74.5
13.9733,5,34.805,-22.676,49,74.5
14.0402,5,111.797,-34.98,48,71.1
14.1212,5,142.383,-35.684,48,74.7
14.1908,5,143.965,-44.824,47,74.7
14.2677,5,115.312,-61.172,-45,69.5
14.3354,5,45.703,-59.766,-45,59.3
14.4272,5,-59.941,-19.16,-49,60.2
14.4923,5,-111.973,-15.117,-49,60.2
14.5559,5,-144.316,-15.469,-49,69.9
14.6481,5,-137.988,-4.395,49,67.6
14.71,5,-111.621,4.395,49,78.4
14.7748,5,-57.48,2.109,49,78.4
14.8407,5,30.059,-35.156,48,65.7
14.9013,5,97.91,-49.746,47,65.7
14.9785,5,137.988,-50.098,47,71.8
15.0473,5,140.273,-60.645,45,70.0
15.1325,5,110.391,-73.301,-44,63.8
15.205,5,51.504,-70.137,-44,58.5
15.2806,5,-47.109,-29.004,-48,58.5
15.3464,5,-104.766,-20.215,-49,68.7
15.4152,5,-138.691,-19.512,-49,69.1
15.4842,5,-139.922,-9.141,49,69.1
15.557,5,-115.488,2.637,49,78.5
15.6248,5,-51.855,1.406,49,76.1
15.7007,5,66.973,-42.891,47,70.0
15.7894,5,117.949,-45.703,47,70.0
15.8563,5,142.207,-45.703,47,72.7
15.9181,5,141.504,-54.492,46,67.3
15.985,5,118.652,-66.445,-45,67.3
16.0543,5,66.797,-68.906,-44,61.4
16.1161,5,-42.187,-27.422,-48,56.7
16.2009,5,-103.711,-17.578,-49,56.7
16.2612,5,-136.055,-18.281,-49,68.9
16.3422,5,-141.152,-9.141,49,66.9
16.4131,5,-115.84,2.637,49,77.3
16.4817,5,-67.676,3.691,49,77.3
16.5446,5,19.863,-30.234,49,70.5
16.6074,5,87.891,-48.164,47,70.5
16.6751,5,129.727,-48.516,47,71.5
16.738,5,144.492,-53.262,46,71.3
16.8107,5,131.133,-64.863,-45,71.3
16.8733,5,87.891,-72.598,-44,64.8
16.962,5,-33.926,-30.762,-48,59.3
17.062,5,-108.281,-16.699,-49,67.0
17.1394,5,-142.031,-14.59,-49,68.5
17.2289,5,-128.848,0.879,49,80.3
17.3102,5,-87.539,8.789,49,80.3
17.377,5,-8.789,-11.602,49,75.8
17.444,5,76.816,-41.309,48,66.5
17.5098,5,132.715,-42.363,47,74.4
17.5967,5,144.141,-48.691,47,74.4
17.6725,5,127.266,-61.348,-45,69.5
17.7423,5,72.246,-67.5,-44,61.8
17.8237,5,-11.074,-38.145,-47,57.8
17.8836,5,-81.562,-16.875,-49,57.8
17.9445,5,-124.277,-15.82,-49,69.5
18.0072,5,-142.383,-14.414,-49,69.5
18.0661,5,-130.605,-0.703,49,67.9
18.1538,5,-94.219,7.383,49,78.9
18.2196,5,-34.277,-2.461,50,78.9
18.2884,5,66.621,-42.187,47,71.0
18.3543,5,120.762,-45.527,47,72.3
18.4231,5,142.383,-46.23,47,72.0
18.4849,5,141.504,-55.02,-46,72.0
18.5597,5,113.906,-67.148,-44,65.2
18.6256,5,48.691,-63.457,-45,58.7
18.7015,5,-57.48,-19.687,-49,58.7
18.7946,5,-122.168,-13.359,-49,65.2
18.8607,5,-142.207,-10.898,-49,69.6
18.9325,5,-131.133,2.988,49,78.9
19.0051,5,-87.363,12.832,49,78.9
19.0859,5,-10.723,-5.977,49,75.5
19.1598,5,82.793,-36.563,48,68.9
19.2226,5,124.453,-36.914,48,68.9
19.2824,5,144.844,-38.496,48,74.1
19.3608,5,135.176,-52.383,-46,71.7
19.4434,5,91.758,-64.16,-45,63.8
19.5115,5,17.227,-48.516,-46,63.8
19.5744,5,-66.094,-16.699,-49,58.1
19.6382,5,-120.059,-14.063,-49,69.7
19.7158,5,-144.316,-13.359,-49,69.7
19.7803,5,-137.637,-3.34,49,66.4
19.8446,5,-109.863,6.68,49,78.5
19.9074,5,-40.254,0.527,49,78.5
19.9953,5,69.785,-41.66,47,67.5
20.0655,5,124.453,-44.297,47,74.1
20.1394,5,144.316,-46.055,47,71.8
20.2042,5,138.516,-58.008,-46,71.8
20.279,5,108.984,-68.906,-44,65.4
20.3445,5,51.855,-65.566,-44,59.7
20.4183,5,-46.406,-24.609,-49,59.7
20.4852,5,-109.16,-15.469,-49,65.8
20.5491,5,-139.043,-15.117,-49,69.4
20.6301,5,-137.461,-3.164,49,80.8
20.709,5,-87.187,10.02,49,76.4
20.7971,5,-13.711,-8.086,49,76.4
20.8669,5,75.059,-39.727,48,67.8
20.9298,5,124.277,-41.133,47,73.1
20.9965,5,144.141,-42.187,47,73.1
21.0717,5,135.703,-56.074,-46,73.7
21.1416,5,100.02,-66.27,-45,64.4
21.2193,5,33.75,-56.602,-46,64.4
21.2916,5,-64.863,-16.875,-49,57.4
21.3573,5,-117.422,-12.832,-49,68.3
21.4237,5,-143.262,-10.898,-49,67.7
21.509,5,-132.012,2.637,49,67.7
21.5749,5,-96.855,12.129,49,79.6
21.6417,5,-25.488,0.176,49,72.6
21.7126,5,67.5,-35.156,48,72.6
21.7808,5,124.805,-37.441,48,72.5
21.8567,5,146.25,-40.43,48,74.1
21.9311,5,130.43,-56.426,-46,67.0
22.0116,5,93.867,-65.566,-45,67.0
22.0785,5,-6.504,-39.199,-47,61.5
22.1675,5,-88.945,-16.172,-49,64.5
22.2383,5,-131.133,-17.051,-49,72.4
22.3001,5,-145.547,-14.766,-49,72.4
22.3689,5,-131.66,-1.582,49,66.6
22.4509,5,-80.684,7.031,49,77.4
22.5232,5,13.008,-23.906,49,77.4
22.593,5,93.691,-44.473,47,66.1
22.6712,5,138.164,-43.945,47,74.7
22.747,5,146.074,-50.449,47,70.5
22.8178,5,128.145,-63.809,-45,70.5
22.8797,5,77.168,-69.961,-44,65.1
22.9601,5,-14.59,-37.617,-48,58.7
23.0312,5,-90.0,-16.523,-49,69.2
23.0971,5,-129.902,-15.996,-49,69.2
23.1619,5,-144.492,-11.074,-49,68.6
23.2396,5,-130.957,1.23,49,77.5
23.3024,5,-96.152,9.492,49,77.5
23.3691,5,-26.367,-2.988,49,75.3
23.4394,5,67.852,-39.375,48,70.5
23.4992,5,121.816,-42.363,47,70.5
23.5735,5,144.316,-43.77,47,73.6
23.6434,5,134.473,-58.359,-46,67.2
23.7224,5,104.59,-67.324,-44,67.2
23.7863,5,11.777,-48.34,-46,61.0
23.8877,5,-85.43,-14.766,-49,60.9
23.9572,5,-131.836,-13.887,-49,69.6
24.039,5,-140.098,-4.043,49,66.3
24.1284,5,-116.895,7.383,49,66.3
24.1884,5,-63.105,8.613,49,77.6
24.2741,5,45.879,-33.574,48,69.1
24.345,5,113.027,-42.012,47,72.5
24.4262,5,145.02,-44.473,47,73.2
24.508,5,136.23,-56.602,-46,73.2
24.5818,5,103.184,-67.852,-44,65.2
24.6418,5,49.395,-64.16,-44,58.8
24.7086,5,-51.152,-23.906,-49,58.8
24.7774,5,-120.234,-17.754,-49,66.8
24.8602,5,-142.734,-17.227,-49,69.2
24.924,5,-139.57,-8.262,49,69.2
24.9899,5,-114.082,2.285,49,78.7
