t_s,th_deg,al_deg,pwm,mode
0.0000,-3.604,-175.078,0,0
0.0004,-3.604,-175.078,0,0
0.0013,-3.604,-175.078,0,0
0.0033,-3.604,-175.078,0,0
0.0052,-3.604,-175.078,0,0
0.0073,-3.604,-175.078,0,0
0.0092,-3.604,-175.078,0,0
0.0112,-3.604,-175.078,0,0
0.0132,-3.604,-175.078,0,0
0.0153,-3.604,-175.254,0,0
0.0173,-3.604,-175.254,0,0
0.0193,-3.604,-175.254,0,0
0.0235,-3.604,-175.254,0,0
0.0238,-3.604,-175.254,0,0
0.0253,-3.604,-175.254,0,0
0.0272,-3.604,-175.254,0,0
0.0292,-3.604,-175.254,0,0
0.0312,-3.604,-175.254,0,0
0.0333,-3.604,-175.254,0,0
0.0352,-3.604,-175.254,0,0
0.0373,-3.604,-175.254,0,0
0.0393,-3.604,-175.254,0,0
0.0413,-3.604,-175.254,0,0
0.0433,-3.604,-175.254,0,0
0.0453,-3.604,-175.254,0,0
0.0473,-3.604,-175.254,0,0
0.0493,-3.604,-175.254,0,0
0.0513,-3.604,-175.254,0,0
0.0533,-3.604,-175.254,0,0
0.0553,-3.604,-175.254,0,0
0.0573,-3.604,-175.254,0,0
0.0593,-3.604,-175.254,0,0
0.0613,-3.604,-175.254,0,0
0.0633,-3.604,-175.254,0,0
0.0653,-3.604,-175.254,0,0
0.0673,-3.604,-175.254,0,0
0.0693,-3.604,-175.254,0,0
0.0713,-3.604,-175.254,0,0
0.0733,-3.604,-175.254,0,0
0.0752,-3.604,-175.254,0,0
0.0773,-3.604,-175.254,0,0
0.0793,-3.604,-175.254,0,0
0.0813,-3.604,-175.254,0,0
0.0978,-3.604,-175.254,0,5
0.0999,-3.604,-175.254,0,5
0.1018,-3.604,-175.254,0,5
0.1039,-3.604,-175.254,0,5
0.1058,-3.604,-175.254,0,5
0.1079,-3.604,-175.254,0,5
0.1099,-3.604,-175.254,0,5
0.1118,-3.604,-175.254,0,5
0.1138,-3.604,-175.254,0,5
0.1158,-3.604,-175.254,0,5
0.1178,-3.604,-175.254,0,5
0.1198,-3.604,-175.078,0,5
0.1240,-3.604,-175.078,0,5
0.1244,-3.604,-175.078,0,5
0.1259,-3.604,-175.078,0,5
0.1279,-3.604,-175.078,0,5
0.1298,-3.604,-175.078,0,5
0.1319,-3.604,-175.078,0,5
0.1339,-3.604,-175.078,0,5
0.1359,-3.604,-175.078,0,5
0.1378,-3.604,-175.078,0,5
0.1398,-3.604,-175.078,0,5
0.1419,-3.604,-175.078,0,5
0.1439,-3.604,-175.078,0,5
0.1459,-3.604,-175.078,0,5
0.1479,-3.604,-175.078,0,5
0.1498,-3.604,-175.078,0,5
0.1518,-3.604,-175.078,0,5
0.1539,-3.604,-175.078,0,5
0.1559,-3.604,-175.078,0,5
0.1579,-3.604,-175.078,0,5
0.1599,-3.604,-175.078,0,5
0.1618,-3.604,-175.078,0,5
0.1638,-3.604,-175.078,0,5
0.1658,-3.604,-175.078,0,5
0.1679,-3.604,-175.078,0,5
0.1698,-3.604,-175.078,0,5
0.1719,-3.604,-175.078,0,5
0.1739,-3.604,-175.078,0,5
0.1759,-3.604,-175.078,0,5
0.1778,-3.604,-175.078,0,5
0.1827,-3.604,-175.078,0,5
0.1834,-3.604,-175.078,0,5
0.1839,-3.604,-175.078,0,5
0.1858,-3.604,-175.078,0,5
0.1878,-3.604,-175.078,0,5
0.1899,-3.604,-175.078,0,5
0.1918,-3.604,-174.902,0,5
0.1939,-3.604,-174.902,0,5
0.1958,-3.604,-174.902,0,5
0.1979,-3.604,-174.902,0,5
0.1998,-3.604,-174.902,0,5
0.2019,-3.604,-174.902,0,5
0.2045,-3.604,-174.902,0,5
0.2058,-3.604,-174.902,0,5
0.2078,-3.604,-174.902,0,5
0.2098,-3.604,-174.902,0,5
0.2119,-3.604,-174.902,0,5
0.2139,-3.604,-174.902,0,5
0.2158,-3.604,-174.902,0,5
0.2179,-3.604,-174.902,0,5
0.2199,-3.604,-174.902,0,5
0.2235,-3.604,-174.902,0,5
0.2239,-3.604,-174.902,0,5
0.2259,-3.604,-174.902,0,5
0.2279,-3.604,-174.902,0,5
0.2298,-3.604,-174.902,0,5
0.2318,-3.604,-174.727,0,5
0.2339,-3.604,-174.727,0,5
0.2359,-3.604,-174.727,0,5
0.2378,-3.604,-174.727,0,5
0.2399,-3.604,-174.727,0,5
0.2419,-3.604,-174.727,0,5
0.2564,-3.604,-174.727,0,5
0.2584,-3.604,-174.727,0,5
0.2606,-3.604,-174.727,0,5
0.2625,-3.604,-174.727,0,5
0.2645,-3.604,-174.727,0,5
0.2665,-3.604,-174.727,0,5
0.2685,-3.604,-174.727,0,5
0.2705,-3.604,-174.727,0,5
0.2725,-3.604,-174.727,0,5
0.2745,-3.604,-174.727,0,5
0.2765,-3.604,-174.727,0,5
0.2785,-3.604,-174.727,0,5
0.2805,-3.604,-174.727,0,5
0.2825,-3.604,-174.727,0,5
0.2845,-3.604,-174.727,0,5
0.2866,-3.604,-174.727,0,5
0.2885,-3.604,-174.727,0,5
0.2905,-3.604,-174.727,0,5
0.2925,-3.604,-174.727,0,5
0.2945,-3.604,-174.727,0,5
0.2965,-3.604,-174.727,0,5
0.2984,-3.604,-174.727,0,5
0.3005,-3.604,-174.727,0,5
0.3025,-3.604,-174.727,0,5
0.3045,-3.604,-174.727,0,5
0.3065,-3.604,-174.727,0,5
0.3085,-3.604,-174.727,0,5
0.3104,-3.604,-174.727,0,5
0.3125,-3.604,-174.727,0,5
0.3146,-3.604,-174.727,0,5
0.3165,-3.604,-174.727,0,5
0.3185,-3.604,-174.727,0,5
0.3204,-3.604,-174.727,0,5
0.3236,-3.604,-174.551,0,5
0.3245,-3.604,-174.551,0,5
0.3265,-3.604,-174.551,0,5
0.3285,-3.604,-174.551,0,5
0.3305,-3.604,-174.551,0,5
0.3324,-3.604,-174.551,0,5
0.3345,-3.604,-174.551,0,5
0.3365,-3.604,-174.551,0,5
0.3385,-3.604,-174.551,0,5
0.3405,-3.604,-174.551,0,5
0.3425,-3.604,-174.551,0,5
0.3445,-3.604,-174.551,0,5
0.3464,-3.604,-174.551,0,5
0.3485,-3.604,-174.551,0,5
0.3505,-3.604,-174.551,0,5
0.3525,-3.604,-174.551,0,5
0.3545,-3.604,-174.551,0,5
0.3565,-3.604,-174.551,0,5
0.3585,-3.604,-174.551,0,5
0.3605,-3.604,-174.551,0,5
0.3627,-3.604,-174.551,0,5
0.3669,-3.604,-174.551,0,5
0.3672,-3.604,-174.551,0,5
0.3685,-3.604,-174.551,0,5
0.3705,-3.604,-174.551,0,5
0.3725,-3.604,-174.551,0,5
0.3745,-3.604,-174.551,0,5
0.3765,-3.604,-174.727,0,5
0.3784,-3.604,-174.727,0,5
0.3805,-3.604,-174.727,0,5
0.3825,-3.604,-174.727,0,5
0.3846,-3.604,-174.727,0,5
0.3865,-3.604,-174.727,0,5
0.3885,-3.604,-174.727,0,5
0.3904,-3.604,-174.727,0,5
0.3925,-3.604,-174.727,0,5
0.3945,-3.604,-174.727,0,5
0.3965,-3.604,-174.727,0,5
0.3985,-3.604,-174.727,0,5
0.4005,-3.604,-174.727,0,5
0.4024,-3.604,-174.727,0,5
0.4044,-3.604,-174.727,0,5
0.4065,-3.604,-174.727,0,5
0.4085,-3.604,-174.727,0,5
0.4105,-3.604,-174.727,0,5
0.4125,-3.604,-174.727,0,5
0.4145,-3.604,-174.727,0,5
0.4165,-3.604,-174.727,0,5
0.4185,-3.604,-174.727,0,5
0.4206,-3.604,-174.727,0,5
0.4272,-3.604,-174.727,0,5
0.4283,-3.604,-174.727,0,5
0.4285,-3.604,-174.727,0,5
0.4287,-3.604,-174.727,0,5
0.4305,-3.604,-174.727,0,5
0.4325,-3.604,-174.727,0,5
0.4345,-3.604,-174.727,0,5
0.4365,-3.604,-174.727,0,5
0.4385,-3.604,-174.727,0,5
0.4404,-3.604,-174.727,0,5
0.4425,-3.604,-174.727,0,5
0.4445,-3.604,-174.727,0,5
0.4465,-3.604,-174.727,0,5
0.4485,-3.604,-174.727,0,5
0.4504,-3.604,-174.727,0,5
0.4525,-3.604,-174.727,0,5
0.4545,-3.604,-174.727,0,5
0.4565,-3.604,-174.727,0,5
0.4585,-3.604,-174.727,0,5
0.4605,-3.604,-174.727,0,5
0.4624,-3.604,-174.727,0,5
0.4645,-3.604,-174.727,0,5
0.4665,-3.604,-174.727,0,5
0.4685,-3.604,-174.727,0,5
0.4705,-3.604,-174.727,0,5
0.4725,-3.604,-174.727,0,5
0.4745,-3.604,-174.727,0,5
0.4765,-3.604,-174.902,0,5
0.4785,-3.604,-174.902,0,5
0.4805,-3.604,-174.902,0,5
0.4825,-3.604,-174.902,0,5
0.4845,-3.604,-174.902,0,5
0.4865,-3.604,-174.902,0,5
0.4885,-3.604,-174.902,0,5
0.4905,-3.604,-174.902,0,5
0.4925,-3.604,-174.902,0,5
0.4945,-3.604,-174.902,0,5
0.4965,-3.604,-174.902,0,5
0.4985,-3.604,-174.902,0,5
0.5004,-3.604,-174.902,0,5
0.5158,-3.604,-174.902,0,5
0.5179,-3.604,-174.902,0,5
0.5203,-3.604,-174.902,0,5
0.5239,-3.604,-175.078,0,5
0.5242,-3.604,-175.078,0,5
0.5260,-3.604,-175.078,0,5
0.5279,-3.604,-175.078,0,5
0.5299,-3.604,-175.078,0,5
0.5320,-3.604,-175.078,0,5
0.5339,-3.604,-175.078,0,5
0.5359,-3.604,-175.078,0,5
0.5379,-3.604,-175.078,0,5
0.5399,-3.604,-175.078,0,5
0.5419,-3.604,-175.078,0,5
0.5440,-3.604,-175.078,0,5
0.5459,-3.604,-175.078,0,5
0.5479,-3.604,-175.078,0,5
0.5499,-3.604,-175.078,0,5
0.5519,-3.604,-175.078,0,5
0.5540,-3.604,-175.078,0,5
0.5559,-3.604,-175.078,0,5
0.5579,-3.604,-175.078,0,5
0.5600,-3.604,-175.078,0,5
0.5619,-3.604,-175.078,0,5
0.5639,-3.604,-175.078,0,5
0.5659,-3.604,-175.078,0,5
0.5679,-3.604,-175.078,0,5
0.5699,-3.604,-175.078,0,5
0.5719,-3.604,-175.078,0,5
0.5739,-3.604,-175.078,0,5
0.5759,-3.604,-175.078,0,5
0.5779,-3.604,-175.078,0,5
0.5799,-3.604,-175.078,0,5
0.5819,-3.604,-175.078,0,5
0.5839,-3.604,-175.078,0,5
0.5860,-3.604,-175.078,0,5
0.5880,-3.604,-175.078,0,5
0.5899,-3.604,-175.078,0,5
0.5919,-3.604,-175.078,0,5
0.5939,-3.604,-175.078,0,5
0.5959,-3.604,-175.078,0,5
0.5979,-3.604,-175.078,0,5
0.5999,-3.604,-175.078,0,5
0.6020,-3.604,-175.078,0,5
0.6040,-3.604,-175.078,0,5
0.6059,-3.604,-175.078,0,5
0.6079,-3.604,-175.078,0,5
0.6099,-3.604,-175.078,0,5
0.6119,-3.604,-175.078,0,5
0.6139,-3.604,-175.078,0,5
0.6159,-3.604,-175.078,0,5
0.6179,-3.604,-175.078,0,5
0.6199,-3.604,-175.078,0,5
0.6232,-3.604,-175.078,0,5
0.6240,-3.604,-175.078,0,5
0.6259,-3.604,-175.078,0,5
0.6279,-3.604,-175.078,0,5
0.6299,-3.604,-175.078,0,5
0.6319,-3.604,-175.078,0,5
0.6339,-3.604,-175.078,0,5
0.6359,-3.604,-175.078,0,5
0.6379,-3.604,-175.078,0,5
0.6399,-3.604,-175.078,0,5
0.6419,-3.604,-175.078,0,5
0.6439,-3.604,-175.078,0,5
0.6459,-3.604,-175.078,0,5
0.6479,-3.604,-175.078,0,5
0.6527,-3.604,-175.078,0,5
0.6533,-3.604,-175.078,0,5
0.6539,-3.604,-175.078,0,5
0.6561,-3.604,-175.078,0,5
0.6579,-3.604,-175.078,0,5
0.6599,-3.604,-175.078,0,5
0.6619,-3.604,-175.078,0,5
0.6639,-3.604,-175.078,0,5
0.6659,-3.604,-175.078,0,5
0.6680,-3.604,-175.078,0,5
0.6700,-3.604,-175.078,0,5
0.6719,-3.604,-175.078,0,5
0.6739,-3.604,-175.078,0,5
0.6759,-3.604,-175.078,0,5
0.6779,-3.604,-175.078,0,5
0.6799,-3.604,-175.078,0,5
0.6819,-3.604,-175.078,0,5
0.6839,-3.604,-175.078,0,5
0.6859,-3.604,-175.078,0,5
0.6879,-3.604,-175.078,0,5
0.6899,-3.604,-175.078,0,5
0.6919,-3.604,-175.078,0,5
0.6939,-3.604,-175.078,0,5
0.6959,-3.604,-175.078,0,5
0.6979,-3.604,-175.078,0,5
0.6999,-3.604,-175.078,0,5
0.7019,-3.604,-175.078,0,5
0.7039,-3.604,-175.078,0,5
0.7060,-3.604,-175.078,0,5
0.7080,-3.604,-175.078,0,5
0.7099,-3.604,-175.078,0,5
0.7119,-3.604,-175.078,0,5
0.7139,-3.604,-175.078,0,5
0.7161,-3.604,-175.078,0,5
0.7179,-3.604,-175.078,0,5
0.7199,-3.604,-175.078,0,5
0.7234,-3.604,-175.078,0,5
0.7239,-3.604,-175.078,0,5
0.7259,-3.604,-175.078,0,5
0.7280,-3.604,-175.078,0,5
0.7300,-3.604,-175.078,0,5
0.7319,-3.604,-175.078,0,5
0.7339,-3.604,-175.078,0,5
0.7359,-3.604,-175.078,0,5
0.7379,-3.604,-175.078,0,5
0.7399,-3.604,-175.078,0,5
0.7419,-3.604,-175.078,0,5
0.7439,-3.604,-175.078,0,5
0.7459,-3.604,-175.078,0,5
0.7479,-3.604,-175.078,0,5
0.7500,-3.604,-175.078,0,5
0.7519,-3.604,-175.078,0,5
0.7539,-3.604,-175.078,0,5
0.7559,-3.604,-175.078,0,5
0.7579,-3.604,-175.078,0,5
0.7599,-3.604,-174.902,0,5
0.7619,-3.604,-174.902,0,5
0.7640,-3.604,-174.902,0,5
0.7659,-3.604,-174.902,0,5
0.7679,-3.604,-174.902,0,5
0.7699,-3.604,-174.902,0,5
0.7719,-3.604,-174.902,0,5
0.7739,-3.604,-174.902,0,5
0.7760,-3.604,-174.902,0,5
0.7779,-3.604,-174.902,0,5
0.7799,-3.604,-174.902,0,5
0.7819,-3.604,-174.902,0,5
0.7839,-3.604,-174.902,0,5
0.7859,-3.604,-174.902,0,5
0.7879,-3.604,-174.902,0,5
0.8033,-3.604,-174.902,0,5
0.8054,-3.604,-174.902,0,5
0.8075,-3.604,-174.902,0,5
0.8093,-3.604,-174.902,0,5
0.8114,-3.604,-174.902,0,5
0.8134,-3.604,-174.902,0,5
0.8154,-3.604,-174.902,0,5
0.8174,-3.604,-174.902,0,5
0.8194,-3.604,-174.727,0,5
0.8235,-3.604,-174.727,0,5
0.8238,-3.604,-174.727,0,5
0.8254,-3.604,-174.727,0,5
0.8274,-3.604,-174.727,0,5
0.8294,-3.604,-174.727,0,5
0.8318,-3.604,-174.727,0,5
0.8338,-3.604,-174.727,0,5
0.8354,-3.604,-174.727,0,5
0.8374,-3.604,-174.727,0,5
0.8393,-3.604,-174.727,0,5
0.8413,-3.604,-174.727,0,5
0.8434,-3.604,-174.727,0,5
0.8454,-3.604,-174.727,0,5
0.8474,-3.604,-174.727,0,5
0.8493,-3.604,-174.727,0,5
0.8513,-3.604,-174.727,0,5
0.8534,-3.604,-174.727,0,5
0.8554,-3.604,-174.727,0,5
0.8574,-3.604,-174.727,0,5
0.8593,-3.604,-174.727,0,5
0.8613,-3.604,-174.727,0,5
0.8634,-3.604,-174.727,0,5
0.8654,-3.604,-174.727,0,5
0.8674,-3.604,-174.727,0,5
0.8694,-3.604,-174.727,0,5
0.8713,-3.604,-174.727,0,5
0.8733,-3.604,-174.727,0,5
0.8754,-3.604,-174.727,0,5
0.8774,-3.604,-174.727,0,5
0.8794,-3.604,-174.727,0,5
0.8813,-3.604,-174.727,0,5
0.8833,-3.604,-174.727,0,5
0.8854,-3.604,-174.727,0,5
0.8874,-3.604,-174.727,0,5
0.8894,-3.604,-174.727,0,5
0.8914,-3.604,-174.727,0,5
0.8934,-3.604,-174.727,0,5
0.8954,-3.604,-174.727,0,5
0.9001,-3.604,-174.727,0,5
0.9004,-3.604,-174.727,0,5
0.9014,-3.604,-174.727,0,5
0.9033,-3.604,-174.727,0,5
0.9054,-3.604,-174.727,0,5
0.9074,-3.604,-174.727,0,5
0.9094,-3.604,-174.727,0,5
0.9114,-3.604,-174.727,0,5
0.9134,-3.604,-174.727,0,5
0.9154,-3.604,-174.727,0,5
0.9173,-3.604,-174.727,0,5
0.9193,-3.604,-174.727,0,5
0.9235,-3.604,-174.727,0,5
0.9239,-3.604,-174.727,0,5
0.9253,-3.604,-174.727,0,5
0.9274,-3.604,-174.727,0,5
0.9294,-3.604,-174.727,0,5
0.9314,-3.604,-174.727,0,5
0.9333,-3.604,-174.727,0,5
0.9353,-3.604,-174.727,0,5
0.9374,-3.604,-174.727,0,5
0.9394,-3.604,-174.727,0,5
0.9413,-3.604,-174.727,0,5
0.9433,-3.604,-174.727,0,5
0.9453,-3.604,-174.727,0,5
0.9474,-3.604,-174.727,0,5
0.9493,-3.604,-174.727,0,5
0.9513,-3.604,-174.727,0,5
0.9533,-3.604,-174.727,0,5
0.9553,-3.604,-174.727,0,5
0.9573,-3.604,-174.727,0,5
0.9593,-3.604,-174.727,0,5
0.9614,-3.604,-174.727,0,5
0.9634,-3.604,-174.727,0,5
0.9654,-3.604,-174.727,0,5
0.9674,-3.604,-174.727,0,5
0.9694,-3.604,-174.727,0,5
0.9713,-3.604,-174.727,0,5
0.9733,-3.604,-174.727,0,5
0.9753,-3.604,-174.727,0,5
0.9773,-3.604,-174.727,0,5
0.9794,-3.604,-174.727,0,5
0.9814,-3.604,-174.727,0,5
0.9833,-3.604,-174.727,0,5
0.9853,-3.604,-174.727,0,5
0.9873,-3.604,-174.727,0,5
0.9893,-3.604,-174.727,0,5
0.9913,-3.604,-174.727,0,5
0.9933,-3.604,-174.727,0,5
0.9954,-3.604,-174.727,0,5
0.9974,-3.604,-174.727,0,5
0.9994,-3.604,-174.727,0,5
1.0014,-3.604,-174.727,0,5
1.0033,-3.604,-174.727,0,5
1.0053,-3.604,-174.727,0,5
1.0074,-3.604,-174.727,0,5
1.0094,-3.604,-174.727,0,5
1.0114,-3.604,-174.727,0,5
1.0134,-3.604,-174.727,0,5
1.0153,-3.604,-174.727,0,5
1.0174,-3.604,-174.727,0,5
1.0194,-3.604,-174.727,0,5
1.0232,-3.604,-174.727,0,5
1.0234,-3.604,-174.727,0,5
1.0254,-3.604,-174.727,0,5
1.0410,-3.604,-174.727,0,5
1.0431,-3.604,-174.727,0,5
1.0453,-3.604,-174.902,0,5
1.0470,-3.604,-174.902,0,5
1.0491,-3.604,-174.902,0,5
1.0511,-3.604,-174.902,0,5
1.0531,-3.604,-174.902,0,5
1.0551,-3.604,-174.902,0,5
1.0571,-3.604,-174.902,0,5
1.0591,-3.604,-174.902,0,5
1.0611,-3.604,-174.902,0,5
1.0631,-3.604,-174.902,0,5
1.0651,-3.604,-174.902,0,5
1.0671,-3.604,-174.902,0,5
1.0691,-3.604,-174.902,0,5
1.0711,-3.604,-174.902,0,5
1.0731,-3.604,-174.902,0,5
1.0751,-3.604,-174.902,0,5
1.0772,-3.604,-174.902,0,5
1.0790,-3.604,-174.902,0,5
1.0811,-3.604,-174.902,0,5
1.0831,-3.604,-174.902,0,5
1.0852,-3.604,-174.902,0,5
1.0894,-3.604,-174.902,0,5
1.0902,-3.604,-174.902,0,5
1.0912,-3.604,-174.902,0,5
1.0931,-3.604,-174.902,0,5
1.0951,-3.604,-174.902,0,5
1.0971,-3.604,-174.902,0,5
1.0991,-3.604,-174.902,0,5
1.1011,-3.604,-174.902,0,5
1.1031,-3.604,-174.902,0,5
1.1050,-3.604,-174.902,0,5
1.1071,-3.604,-174.902,0,5
1.1091,-3.604,-174.902,0,5
1.1112,-3.604,-174.902,0,5
1.1132,-3.604,-174.902,0,5
1.1151,-3.604,-174.902,0,5
1.1170,-3.604,-174.902,0,5
1.1191,-3.604,-174.902,0,5
1.1237,-3.604,-174.902,0,5
1.1240,-3.604,-174.902,0,5
1.1252,-3.604,-174.902,0,5
1.1272,-3.604,-174.902,0,5
1.1314,-3.604,-175.078,0,5
1.1321,-3.604,-175.078,0,5
1.1331,-3.604,-175.078,0,5
1.1351,-3.604,-175.078,0,5
1.1371,-3.604,-175.078,0,5
1.1391,-3.604,-175.078,0,5
1.1411,-3.604,-175.078,0,5
1.1431,-3.604,-175.078,0,5
1.1451,-3.604,-175.078,0,5
1.1471,-3.604,-175.078,0,5
1.1492,-3.604,-175.078,0,5
1.1512,-3.604,-175.078,0,5
1.1531,-3.604,-175.078,0,5
1.1551,-3.604,-175.078,0,5
1.1571,-3.604,-175.078,0,5
1.1591,-3.604,-175.078,0,5
1.1610,-3.604,-175.078,0,5
1.1631,-3.604,-175.078,0,5
1.1651,-3.604,-175.078,0,5
1.1671,-3.604,-175.078,0,5
1.1691,-3.604,-175.078,0,5
1.1711,-3.604,-175.078,0,5
1.1731,-3.604,-175.078,0,5
1.1781,-3.604,-175.078,0,5
1.1789,-3.604,-175.078,0,5
1.1792,-3.604,-175.078,0,5
1.1812,-3.604,-175.078,0,5
1.1831,-3.604,-175.078,0,5
1.1851,-3.604,-175.078,0,5
1.1870,-3.604,-175.078,0,5
1.1891,-3.604,-175.078,0,5
1.1911,-3.604,-175.078,0,5
1.1932,-3.604,-175.078,0,5
1.1951,-3.604,-175.078,0,5
1.1970,-3.604,-175.078,0,5
1.1990,-3.604,-175.078,0,5
1.2010,-3.604,-175.078,0,5
1.2031,-3.604,-175.078,0,5
1.2051,-3.604,-175.078,0,5
1.2071,-3.604,-175.078,0,5
1.2091,-3.604,-175.078,0,5
1.2111,-3.604,-175.078,0,5
1.2130,-3.604,-175.078,0,5
1.2151,-3.604,-175.078,0,5
1.2172,-3.604,-175.078,0,5
1.2190,-3.604,-175.078,0,5
1.2234,-3.604,-175.078,0,5
1.2238,-3.604,-175.078,0,5
1.2251,-3.604,-175.078,0,5
1.2272,-3.604,-175.078,0,5
1.2313,-3.604,-175.078,0,5
1.2320,-3.604,-175.078,0,5
1.2332,-3.604,-175.078,0,5
1.2351,-3.604,0.000,0,5
1.2371,-3.604,0.000,74,5
1.2391,-3.604,0.000,72,5
1.2411,-3.604,0.176,70,5
1.2430,-3.604,0.176,68,5
1.2450,-3.779,0.352,65,5
1.2471,-3.779,0.352,62,5
1.2491,-3.955,0.352,60,5
1.2511,-3.955,0.527,57,5
1.2531,-4.131,0.527,55,5
1.2551,-4.131,0.703,52,5
1.2571,-4.307,0.879,49,5
1.2591,-4.482,1.055,79,5
1.2611,-4.658,1.230,79,5
1.2631,-4.834,1.406,79,5
1.2652,-5.010,1.406,79,5
1.2670,-5.186,1.758,79,5
1.2691,-5.361,1.934,79,5
1.2711,-5.713,2.109,79,5
1.2731,-5.889,2.461,79,5
1.2751,-6.064,2.637,79,5
1.2771,-6.416,2.988,79,5
1.2790,-6.768,3.340,79,5
1.2811,-7.119,3.516,79,5
1.2830,-7.295,3.867,79,5
1.2851,-7.646,4.219,79,5
1.2871,-7.998,4.746,79,5
1.2891,-8.350,4.922,79,5
1.2911,-8.877,5.449,79,5
1.2931,-9.229,5.801,79,5
1.3089,-12.744,9.316,79,5
1.3110,-13.271,9.668,79,5
1.3134,-13.799,10.371,79,5
1.3150,-14.326,10.723,79,5
1.3170,-14.854,11.250,79,5
1.3190,-15.381,11.602,79,5
1.3237,-16.611,12.832,79,5
1.3241,-16.787,13.008,79,5
1.3250,-17.139,13.184,79,5
1.3270,-17.666,13.711,79,5
1.3290,-18.193,14.238,79,5
1.3310,-18.721,14.766,79,5
1.3330,-19.424,15.293,79,5
1.3349,-19.951,15.820,79,5
1.3370,-20.479,16.172,79,5
1.3390,-21.182,16.699,79,5
1.3409,-21.709,17.227,79,5
1.3430,-22.412,17.754,79,5
1.3450,-22.939,18.281,79,5
1.3470,-23.643,18.809,78,5
1.3489,-24.170,19.336,78,5
1.3510,-24.873,19.688,78,5
1.3530,-25.576,20.215,78,5
1.3549,-26.104,20.742,78,5
1.3570,-26.807,21.094,78,5
1.3589,-27.334,21.621,78,5
1.3610,-28.037,22.148,78,5
1.3630,-28.564,22.500,78,5
1.3650,-29.268,23.027,78,5
1.3670,-29.971,23.555,78,5
1.3690,-30.498,23.906,78,5
1.3710,-31.201,24.258,78,5
1.3730,-31.904,24.609,78,5
1.3750,-32.607,25.137,78,5
1.3769,-33.135,25.488,77,5
1.3790,-33.838,25.840,77,5
1.3810,-34.365,26.367,77,5
1.3829,-35.068,26.719,77,5
1.3850,-35.771,27.070,77,5
1.3871,-36.299,27.422,77,5
1.3889,-37.002,27.773,77,5
1.3910,-37.705,28.125,77,5
1.3930,-38.232,28.477,77,5
1.3949,-38.936,28.652,77,5
1.3970,-39.639,29.004,77,5
1.3990,-40.166,29.355,76,5
1.4009,-40.869,29.531,76,5
1.4030,-41.572,29.883,76,5
1.4050,-42.100,30.059,76,5
1.4069,-42.803,30.410,76,5
1.4090,-43.330,30.586,76,5
1.4110,-44.033,30.762,76,5
1.4129,-44.736,30.938,73,5
1.4150,-45.439,31.289,71,5
1.4169,-45.967,31.465,69,5
1.4190,-46.670,31.641,68,5
1.4233,-48.076,31.992,65,5
1.4237,-48.076,31.992,61,5
1.4250,-48.604,31.992,61,5
1.4269,-49.131,32.168,60,5
1.4290,-49.658,32.168,58,5
1.4309,-50.361,32.344,57,5
1.4330,-51.064,32.344,54,5
1.4350,-51.592,32.344,52,5
1.4370,-52.295,32.520,51,5
1.4420,-53.701,32.520,49,5
1.4430,-53.877,32.520,44,5
1.4435,-54.053,32.520,44,5
1.4450,-54.580,32.520,43,5
1.4471,-55.107,32.344,42,5
1.4490,-55.635,32.344,40,5
1.4509,-56.162,32.168,39,5
1.4531,-56.689,32.168,38,5
1.4550,-57.217,31.992,36,5
1.4569,-57.744,31.816,35,5
1.4590,-58.271,31.641,33,5
1.4610,-58.799,31.465,32,5
1.4629,-59.326,31.289,30,5
1.4650,-59.678,30.938,29,5
1.4670,-60.205,30.762,27,5
1.4689,-60.732,30.410,26,5
1.4710,-61.084,30.059,24,5
1.4730,-61.611,29.883,23,5
1.4749,-61.963,29.531,22,5
1.4770,-62.314,29.180,-72,5
1.4790,-62.842,28.652,-72,5
1.4809,-63.193,28.125,-72,5
1.4830,-63.545,27.773,-72,5
1.4851,-63.896,27.246,-72,5
1.4870,-64.248,26.719,-72,5
1.4889,-64.424,26.191,-72,5
1.4910,-64.775,25.488,-72,5
1.4929,-64.951,24.961,-72,5
1.4951,-65.127,24.082,-72,5
1.4971,-65.303,23.555,-72,5
1.4990,-65.479,22.676,-72,5
1.5010,-65.654,21.973,-72,5
1.5029,-65.830,21.094,-72,5
1.5050,-65.830,20.215,-72,5
1.5070,-65.830,19.336,-72,5
1.5090,-65.830,18.281,-72,5
1.5110,-65.830,17.402,-72,5
1.5129,-65.830,16.523,-72,5
1.5150,-65.830,15.469,-72,5
1.5169,-65.830,14.414,-72,5
1.5189,-65.654,13.184,-72,5
1.5236,-65.303,10.547,-72,5
1.5241,-65.127,10.195,-72,5
1.5250,-65.127,9.668,-72,5
1.5270,-64.951,8.438,-72,5
1.5289,-64.600,7.207,-72,5
1.5310,-64.424,5.801,-72,5
1.5330,-64.072,4.570,-72,5
1.5350,-63.721,3.164,-72,5
1.5369,-63.369,1.758,-72,5
1.5390,-63.018,0.352,-72,5
1.5437,-62.139,-3.164,-72,5
1.5448,-61.787,-3.867,-72,5
1.5452,-61.787,-4.219,-73,5
1.5470,-61.436,-5.625,-73,5
1.5490,-60.908,-7.031,-73,5
1.5509,-60.557,-8.438,-73,5
1.5530,-60.029,-10.020,-73,5
1.5550,-59.502,-11.426,-73,5
1.5570,-59.150,-13.008,-73,5
1.5590,-58.623,-14.414,-73,5
1.5610,-58.096,-15.820,-73,5
1.5630,-57.744,-17.402,-73,5
1.5649,-57.393,-18.809,-73,5
1.5670,-56.865,-20.215,-73,5
1.5690,-56.338,-21.621,-74,5
1.5709,-55.986,-23.027,-74,5
1.5730,-55.635,-24.434,-74,5
1.5750,-55.107,-25.840,-74,5
1.5770,-54.756,-27.070,-74,5
1.5789,-54.404,-28.477,-74,5
1.5810,-54.053,-29.707,-74,5
1.5830,-53.525,-31.113,-74,5
1.5850,-53.174,-32.344,-74,5
1.5869,-52.822,-33.574,-74,5
1.5890,-52.471,-34.805,-74,5
1.5910,-52.119,-36.035,-74,5
1.5930,-51.768,-37.090,-74,5
1.5949,-51.592,-38.320,-74,5
1.5970,-51.240,-39.551,-75,5
1.5990,-50.889,-40.605,-75,5
1.6010,-50.537,-41.660,-75,5
1.6030,-50.361,-42.715,-75,5
1.6049,-50.010,-43.770,-75,5
1.6070,-49.658,-44.648,-75,5
1.6090,-49.482,-45.703,-75,5
1.6110,-49.131,-46.758,-75,5
1.6130,-48.955,-47.637,-75,5
1.6149,-48.604,-48.516,-75,5
1.6170,-48.428,-49.395,-75,5
1.6190,-48.252,-50.273,-75,5
1.6237,-47.549,-52.383,-75,5
1.6243,-47.549,-52.559,-75,5
1.6250,-47.373,-52.910,-75,5
1.6270,-47.197,-53.613,-75,5
1.6414,-45.615,-58.535,-75,5
1.6435,-45.439,-59.238,-76,5
1.6456,-45.088,-59.766,-76,5
1.6474,-44.912,-60.117,-76,5
1.6495,-44.736,-60.820,-76,5
1.6514,-44.561,-61.172,-76,5
1.6535,-44.209,-61.699,-76,5
1.6555,-44.033,-62.227,-76,5
1.6574,-43.857,-62.578,-76,5
1.6595,-43.682,-62.930,-76,5
1.6615,-43.330,-63.281,-76,5
1.6635,-43.154,-63.633,-76,5
1.6655,-42.979,-63.984,-76,5
1.6674,-42.803,-64.336,-76,5
1.6695,-42.451,-64.512,-76,5
1.6714,-42.275,-64.863,-76,5
1.6735,-42.100,-65.039,-76,5
1.6755,-41.924,-65.215,-76,5
1.6774,-41.572,-65.391,-76,5
1.6795,-41.396,-65.566,-76,5
1.6815,-41.221,-65.742,-76,5
1.6834,-40.869,-65.742,-76,5
1.6855,-40.693,-65.918,-76,5
1.6874,-40.518,-65.918,-76,5
1.6895,-40.166,-66.094,-76,5
1.6915,-39.990,-66.094,-76,5
1.6935,-39.639,-66.094,-76,5
1.6955,-39.463,-65.918,-76,5
1.6974,-39.111,-65.918,-77,5
1.6995,-38.936,-65.742,-77,5
1.7015,-38.760,-65.742,-77,5
1.7034,-38.408,-65.566,-77,5
1.7055,-38.232,-65.391,-77,5
1.7074,-37.881,-65.215,-77,5
1.7095,-37.705,-65.039,-77,5
1.7115,-37.354,-64.863,-77,5
1.7134,-37.178,-64.512,-77,5
1.7163,-36.826,-64.160,-77,5
1.7175,-36.650,-63.984,-77,5
1.7195,-36.299,-63.633,-77,5
1.7236,-35.596,-62.930,-77,5
1.7244,-35.596,-62.754,-77,5
1.7255,-35.420,-62.578,-77,5
1.7274,-35.244,-62.227,-77,5
1.7295,-34.893,-61.699,-77,5
1.7315,-34.717,-61.172,77,5
1.7334,-34.365,-60.820,77,5
1.7355,-34.189,-60.117,77,5
1.7375,-33.838,-59.590,77,5
1.7427,-33.311,-58.008,77,5
1.7441,-33.311,-57.656,77,5
1.7446,-33.135,-57.305,77,5
1.7455,-33.135,-57.129,77,5
1.7475,-32.959,-56.426,77,5
1.7494,-32.783,-55.723,77,5
1.7514,-32.607,-54.844,77,5
1.7535,-32.607,-54.141,77,5
1.7554,-32.432,-53.262,77,5
1.7575,-32.432,-52.383,77,5
1.7595,-32.256,-51.504,77,5
1.7615,-32.256,-50.449,77,5
1.7635,-32.256,-49.570,77,5
1.7655,-32.256,-48.516,77,5
1.7674,-32.256,-47.461,77,5
1.7695,-32.256,-46.406,77,5
1.7715,-32.432,-45.176,77,5
1.7735,-32.432,-43.945,77,5
1.7754,-32.607,-42.891,77,5
1.7775,-32.783,-41.660,77,5
1.7795,-32.783,-40.254,77,5
1.7814,-33.135,-39.023,77,5
1.7835,-33.311,-37.617,77,5
1.7854,-33.486,-36.211,77,5
1.7875,-33.838,-34.805,77,5
1.7895,-34.189,-33.223,77,5
1.7914,-34.541,-31.816,77,5
1.7935,-34.893,-30.234,77,5
1.7955,-35.420,-28.477,77,5
1.7974,-35.947,-26.895,77,5
1.7995,-36.475,-25.137,77,5
1.8015,-37.002,-23.379,77,5
1.8035,-37.529,-21.621,77,5
1.8055,-38.232,-19.688,77,5
1.8075,-38.936,-17.754,77,5
1.8094,-39.639,-15.820,77,5
1.8114,-40.342,-15.293,76,5
1.8135,-41.221,-15.293,76,5
1.8159,-42.275,-15.293,76,5
1.8174,-42.803,-15.293,76,5
1.8194,-43.857,-15.293,76,5
1.8237,-45.791,-15.293,74,5
1.8244,-46.143,-15.469,68,5
1.8255,-46.670,-14.414,67,5
1.8275,-47.549,-12.129,65,5
1.8295,-48.604,-9.844,63,5
1.8315,-49.482,-7.559,60,5
1.8335,-50.361,-5.625,57,5
1.8355,-51.240,-3.340,54,5
1.8374,-52.119,-1.230,52,5
1.8395,-52.998,0.879,49,5
1.8416,-53.877,2.988,47,5
1.8465,-55.811,8.086,44,5
1.8480,-56.338,9.316,38,5
1.8485,-56.514,9.844,37,5
1.8498,-56.865,11.074,37,5
1.8514,-57.393,12.480,36,5
1.8535,-58.096,14.414,34,5
1.8554,-58.623,16.172,32,5
1.8575,-59.150,17.930,31,5
1.8594,-59.678,19.512,29,5
1.8614,-60.029,21.094,27,5
1.8635,-60.557,22.852,26,5
1.8655,-60.908,24.434,25,5
1.8674,-61.436,25.840,24,5
1.8695,-61.611,27.422,22,5
1.8715,-62.139,28.828,22,5
1.8734,-62.314,30.234,20,5
1.8755,-62.666,31.641,20,5
1.8775,-62.842,32.871,20,5
1.8794,-63.018,34.277,19,5
1.8815,-63.369,35.508,18,5
1.8835,-63.545,36.738,17,5
1.8855,-63.721,37.969,17,5
1.8874,-63.896,39.023,16,5
1.8895,-64.072,40.254,16,5
1.8915,-64.248,41.309,15,5
1.8935,-64.248,42.363,15,5
1.8955,-64.424,43.418,15,5
1.8975,-64.424,44.473,14,5
1.8995,-64.600,45.352,14,5
1.9014,-64.600,46.230,14,5
1.9035,-64.600,47.285,14,5
1.9054,-64.775,48.164,14,5
1.9075,-64.775,49.043,13,5
1.9095,-64.775,49.746,13,5
1.9115,-64.775,50.625,13,5
1.9135,-64.775,51.328,13,5
1.9154,-64.775,52.031,13,5
1.9175,-64.775,52.734,13,5
1.9194,-64.775,53.438,13,5
1.9235,-64.600,54.668,13,5
1.9241,-64.600,54.844,14,5
1.9395,-64.072,58.711,14,5
1.9416,-64.072,58.887,15,5
1.9436,-63.896,59.414,15,5
1.9455,-63.721,59.590,16,5
1.9475,-63.721,59.766,16,5
1.9496,-63.545,60.117,16,5
1.9515,-63.545,60.293,17,5
1.9536,-63.369,60.469,17,5
1.9555,-63.193,60.820,17,5
1.9575,-63.193,60.820,18,5
1.9595,-63.018,60.996,18,5
1.9615,-62.842,60.996,18,5
1.9635,-62.842,60.996,19,5
1.9656,-62.666,61.172,19,5
1.9675,-62.490,61.172,20,5
1.9696,-62.314,61.172,20,5
1.9715,-62.139,60.996,20,5
1.9736,-61.963,60.996,20,5
1.9756,-61.963,60.820,21,5
1.9775,-61.787,60.820,21,5
1.9796,-61.611,60.469,21,5
1.9815,-61.436,60.293,22,5
1.9836,-61.260,60.117,22,5
1.9856,-61.084,59.766,23,5
1.9875,-60.908,59.590,23,5
1.9895,-60.732,59.238,24,5
1.9916,-60.557,58.887,24,5
1.9936,-60.381,58.535,25,5
1.9955,-60.205,58.184,25,5
1.9975,-60.029,57.656,26,5
1.9996,-59.854,57.305,26,5
2.0016,-59.502,56.777,-73,5
2.0036,-59.326,56.250,-73,5
2.0056,-59.150,55.723,-73,5
2.0075,-58.799,55.195,-73,5
2.0096,-58.623,54.668,-73,5
2.0116,-58.447,53.965,-73,5
2.0135,-58.096,53.438,-73,5
2.0155,-57.920,52.734,-73,5
2.0175,-57.568,52.031,-73,5
2.0196,-57.217,51.152,-73,5
2.0236,-56.514,49.570,-73,5
2.0243,-56.514,49.395,-74,5
2.0296,-55.459,46.934,-74,5
2.0310,-55.283,46.406,-74,5
2.0316,-55.107,46.055,-74,5
2.0321,-54.932,45.879,-74,5
2.0336,-54.580,45.000,-74,5
2.0355,-54.229,44.121,-74,5
2.0376,-53.701,43.066,-74,5
2.0395,-53.350,42.012,-74,5
2.0415,-52.822,40.957,-74,5
2.0436,-52.295,39.727,-74,5
2.0455,-51.768,38.672,-74,5
2.0475,-51.240,37.617,-74,5
2.0495,-50.537,36.211,-75,5
2.0516,-50.010,34.980,-75,5
2.0536,-49.307,33.574,-75,5
2.0555,-48.604,32.344,-75,5
2.0575,-47.900,30.938,-75,5
2.0595,-47.197,29.531,-75,5
2.0616,-46.494,27.949,-75,5
2.0635,-45.615,26.543,-75,5
2.0655,-44.736,25.137,-76,5
2.0675,-44.033,23.555,-76,5
2.0696,-42.979,21.797,-76,5
2.0715,-42.100,20.215,-76,5
2.0735,-41.045,18.633,-76,5
2.0756,-39.990,16.699,-76,5
2.0775,-38.936,15.117,-76,5
2.0795,-37.881,13.184,-77,5
2.0815,-36.650,11.250,-77,5
2.0836,-35.420,9.316,-77,5
2.0856,-34.189,7.383,-77,5
2.0876,-32.783,5.273,-77,5
2.0896,-31.377,3.164,-77,5
2.0915,-29.971,1.230,-78,5
2.0935,-28.564,-1.055,-78,5
2.0956,-26.982,-3.164,-78,5
2.0975,-25.576,-5.449,-78,5
2.0996,-23.818,-7.734,-78,5
2.1016,-22.236,-10.195,-78,5
2.1035,-20.654,-12.305,-79,5
2.1056,-18.896,-14.766,-79,5
2.1076,-17.139,-17.227,-79,5
2.1095,-15.557,-19.512,-79,5
2.1116,-13.799,-21.973,-79,5
2.1136,-12.041,-24.258,-79,5
2.1156,-10.459,-26.719,-79,5
2.1176,-8.877,-29.004,-79,5
2.1196,-7.119,-31.289,-79,5
2.1275,-1.143,-40.078,-79,5
2.1283,-0.615,-40.957,-79,5
2.1287,-0.264,-41.309,-79,5
2.1290,-0.088,-41.660,-79,5
2.1295,0.264,-42.363,-79,5
2.1316,1.670,-44.473,-79,5
2.1336,3.076,-46.582,-79,5
2.1355,4.482,-48.516,-79,5
2.1375,5.713,-50.449,-79,5
2.1396,6.943,-52.559,-79,5
2.1415,7.998,-54.316,-79,5
2.1436,9.229,-56.250,-79,5
2.1456,10.459,-58.184,-79,5
2.1475,11.514,-59.941,-79,5
2.1496,12.568,-61.699,-79,5
2.1515,13.623,-63.457,-79,5
2.1536,14.502,-65.215,-79,5
2.1555,15.557,-66.797,-79,5
2.1575,16.436,-68.555,-79,5
2.1596,17.490,-68.730,-79,5
2.1615,18.369,-68.730,-79,5
2.1636,19.248,-68.730,-79,5
2.1655,19.951,-68.730,-79,5
2.1676,20.830,-68.730,-79,5
2.1696,21.709,-68.730,-79,5
2.1716,22.412,-68.730,-79,5
2.1735,23.291,-68.730,-79,5
2.1756,23.994,-68.730,-78,5
2.1775,24.873,-68.730,-78,5
2.1795,25.576,-68.730,-78,5
2.1816,26.279,-68.730,-78,5
2.1835,26.982,-68.730,-78,5
2.1855,27.686,-68.730,-78,5
2.1876,28.389,-68.730,-78,5
2.1896,29.092,-68.730,-78,5
2.1915,29.795,-68.730,-78,5
2.1935,30.498,-68.730,-78,5
2.1955,31.201,-68.730,-78,5
2.1975,31.729,-68.730,-78,5
2.1996,32.432,-68.730,-78,5
2.2015,33.135,-68.730,-77,5
2.2036,33.662,-68.730,-77,5
2.2056,34.365,-68.730,-77,5
2.2075,35.068,-68.730,-77,5
2.2096,35.596,-68.730,-77,5
2.2115,36.299,-68.730,-77,5
2.2135,37.002,-68.730,-77,5
2.2155,37.529,-68.730,-77,5
2.2176,38.232,-68.730,-77,5
2.2195,38.936,-68.730,-77,5
2.2216,39.463,-68.730,-77,5
2.2264,41.045,-68.730,-77,5
2.2274,41.396,-68.730,-76,5
2.2279,41.572,-68.730,-76,5
2.2296,42.100,-68.730,-76,5
2.2315,42.627,-68.730,-76,5
2.2336,43.330,-68.730,-76,5
2.2355,44.033,-68.730,-76,5
2.2376,44.561,-68.730,-73,5
2.2396,45.264,-68.730,-72,5
2.2415,45.967,-68.730,-70,5
2.2435,46.670,-68.730,-68,5
2.2456,47.373,-68.730,-65,5
2.2476,47.900,-68.730,-63,5
2.2495,48.604,-68.730,-62,5
2.2516,49.307,-68.730,-60,5
2.2536,50.010,-68.730,-58,5
2.2555,50.537,-68.730,34,5
2.2576,51.240,-68.730,36,5
2.2596,51.943,-68.730,38,5
2.2616,52.646,-68.730,40,5
2.2636,53.350,-68.730,42,5
2.2655,53.877,-68.730,43,5
2.2676,54.580,-68.730,45,5
2.2696,55.283,-68.730,47,5
2.2716,55.986,-68.730,49,5
2.2735,56.514,-68.730,51,5
2.2755,57.217,-68.730,52,5
2.2775,57.920,-68.730,73,5
2.2795,58.623,-68.730,73,5
2.2815,59.150,-68.730,73,5
2.2835,59.854,-68.730,73,5
2.2855,60.381,-68.730,73,5
2.2875,61.084,-68.730,73,5
2.2895,61.611,-68.730,73,5
2.2915,62.314,-68.730,73,5
2.2935,62.842,-68.730,72,5
2.2955,63.545,-68.730,72,5
2.2975,64.072,-68.730,72,5
2.2995,64.600,-68.730,72,5
2.3015,65.303,-68.730,72,5
2.3035,65.830,-68.730,72,5
2.3055,66.357,-68.730,72,5
2.3075,66.885,-68.730,72,5
2.3095,67.412,-68.730,71,5
2.3115,67.939,-68.730,71,5
2.3135,68.467,-68.730,71,5
2.3155,68.994,-68.730,71,5
2.3175,69.521,-68.730,71,5
2.3195,70.049,-68.730,71,5
2.3215,70.576,-68.730,71,5
2.3235,70.928,-68.730,71,5
2.3264,71.631,-68.730,71,5
2.3275,71.982,-68.730,70,5
2.3295,72.334,-68.730,70,5
2.3315,72.686,-68.730,70,5
2.3335,73.213,-68.730,70,5
2.3355,73.564,-68.730,70,5
2.3375,74.092,-68.730,70,5
2.3528,76.729,-68.730,70,5
2.3549,76.904,-68.730,69,5
2.3569,77.256,-68.730,69,5
2.3589,77.432,-68.730,69,5
2.3608,77.607,-68.730,69,5
2.3628,77.959,-68.730,69,5
2.3648,78.135,-68.730,69,5
2.3669,78.311,-68.730,69,5
2.3688,78.486,-68.730,69,5
2.3708,78.662,-68.730,69,5
2.3728,78.838,-68.730,69,5
2.3748,78.838,-68.730,69,5
2.3768,79.014,-68.730,69,5
2.3788,79.014,-68.730,69,5
2.3808,79.014,-68.730,69,5
2.3828,79.014,-68.730,69,5
2.3849,79.014,-68.730,69,5
2.3869,79.014,-68.730,69,5
2.3888,79.014,-68.730,69,5
2.3908,78.838,-68.730,69,5
2.3928,78.662,-68.730,69,5
2.3948,78.486,-68.730,69,5
2.3968,78.311,-68.730,69,5
2.3988,78.135,-68.730,69,5
2.4009,77.783,-68.730,69,5
2.4028,77.432,-68.730,69,5
2.4048,77.080,-68.730,69,5
2.4068,76.729,-68.730,69,5
2.4088,76.201,-68.730,69,5
2.4108,75.674,-68.730,69,5
2.4128,74.971,-68.730,69,5
2.4153,74.268,-68.730,70,5
2.4172,73.564,-68.730,70,5
2.4188,72.861,-68.730,70,5
2.4208,72.158,-68.730,70,5
2.4228,71.279,-68.730,70,5
2.4269,69.170,-68.730,70,5
2.4277,68.818,-68.730,71,5
2.4288,68.115,-68.730,71,5
2.4309,67.061,-68.730,71,5
2.4328,65.830,-68.730,71,5
2.4348,64.600,-68.730,70,5
2.4369,63.369,-68.730,67,5
2.4388,62.314,-68.730,64,5
2.4408,60.908,-68.730,62,5
2.4428,59.678,-68.730,59,5
2.4448,58.623,-68.730,56,5
2.4468,57.393,-68.730,55,5
2.4489,56.338,-68.730,52,5
2.4508,55.283,-68.730,50,5
2.4528,54.229,-68.730,48,5
2.4548,53.350,-68.730,46,5
2.4568,52.471,-68.730,45,5
2.4589,51.592,-68.730,43,5
2.4608,50.713,-68.730,43,5
2.4628,50.010,-68.730,41,5
2.4648,49.307,-68.730,41,5
2.4668,48.779,-68.730,40,5
2.4688,48.076,-68.730,40,5
2.4708,47.549,-68.730,39,5
2.4728,47.021,-68.730,40,5
2.4748,46.670,-68.730,40,5
2.4801,45.615,-68.730,40,5
2.4821,45.264,-67.500,42,5
2.4831,45.088,-66.621,43,5
2.4840,44.912,-65.742,43,5
2.4848,44.736,-64.863,44,5
2.4869,44.561,-62.930,44,5
2.4888,44.209,-61.172,46,5
2.4908,44.033,-59.238,47,5
2.4928,43.857,-57.480,49,5
2.4949,43.682,-55.723,51,5
2.4968,43.506,-54.141,52,5
2.4988,43.330,-52.383,54,5
2.5008,43.154,-50.625,56,5
2.5028,43.154,-49.219,76,5
2.5048,42.979,-47.461,76,5
2.5068,42.803,-45.879,76,5
2.5088,42.803,-44.473,76,5
2.5108,42.627,-42.891,76,5
2.5136,42.627,-40.781,76,5
2.5148,42.451,-39.902,76,5
2.5169,42.451,-38.496,76,5
2.5188,42.451,-37.090,76,5
2.5209,42.451,-35.684,76,5
2.5228,42.275,-34.453,76,5
2.5267,42.275,-31.816,76,5
2.5272,42.275,-31.641,76,5
2.5288,42.275,-30.586,76,5
2.5308,42.100,-29.355,76,5
2.5329,42.100,-28.125,76,5
2.5348,42.100,-26.895,76,5
2.5502,41.748,-18.809,76,5
2.5524,41.748,-17.754,76,5
2.5547,41.748,-16.875,76,5
2.5564,41.572,-16.172,76,5
2.5583,41.572,-15.293,76,5
2.5603,41.396,-14.414,76,5
2.5623,41.396,-13.711,76,5
2.5643,41.221,-12.832,76,5
2.5664,41.221,-12.129,76,5
2.5683,41.045,-11.426,76,5
2.5703,41.045,-10.723,76,5
2.5723,40.869,-10.195,76,5
2.5744,40.693,-9.492,76,5
2.5763,40.518,-8.965,76,5
2.5783,40.518,-8.438,76,5
2.5804,40.342,-7.910,76,5
2.5823,40.166,-7.383,76,5
2.5843,39.990,-7.031,76,5
2.5870,39.639,-6.328,76,5
2.5884,39.639,-5.977,76,5
2.5903,39.287,-5.625,76,5
2.5923,39.111,-5.273,77,5
2.5943,38.936,-5.098,77,5
2.5963,38.584,-4.746,77,5
2.5982,38.408,-4.570,77,5
2.6003,38.057,-4.219,77,5
2.6023,37.881,-4.219,77,5
2.6044,37.529,-3.867,77,5
2.6063,37.178,-3.867,77,5
2.6083,36.826,-3.691,77,5
2.6103,36.650,-3.691,77,5
2.6122,36.299,-3.691,77,5
2.6143,35.771,-3.691,77,5
2.6164,35.420,-3.691,77,5
2.6183,35.068,-3.691,77,5
2.6279,33.135,-4.395,77,5
2.6288,32.959,-4.570,77,5
2.6292,32.783,-4.570,77,5
2.6295,32.783,-4.570,77,5
2.6298,32.607,-4.746,77,5
2.6303,32.607,-4.746,77,5
2.6324,32.080,-5.098,77,5
2.6343,31.553,-5.273,77,5
2.6363,31.201,-5.625,78,5
2.6383,30.674,-6.152,78,5
2.6403,30.146,-6.504,78,5
2.6426,29.619,-7.031,78,5
2.6443,29.092,-7.383,78,5
2.6463,28.564,-7.910,78,5
2.6483,28.037,-8.438,78,5
2.6504,27.510,-9.141,78,5
2.6523,26.982,-9.668,78,5
2.6543,26.455,-10.195,78,5
2.6563,25.928,-10.898,-78,5
2.6583,25.225,-11.602,-78,5
2.6603,24.873,-12.305,-78,5
2.6623,24.346,-13.008,-78,5
2.6643,23.643,-13.711,-78,5
2.6663,23.291,-14.590,-78,5
2.6683,22.764,-15.293,-78,5
2.6703,22.236,-16.172,-78,5
2.6723,21.709,-17.051,-79,5
2.6743,21.182,-17.930,-79,5
2.6763,20.830,-18.809,-79,5
2.6784,20.303,-19.688,-79,5
2.6803,19.951,-20.742,-79,5
2.6823,19.424,-21.621,-79,5
2.6843,18.896,-22.676,-79,5
2.6863,18.545,-23.555,-79,5
2.6882,18.193,-24.785,-79,5
2.6903,17.842,-25.840,-79,5
2.6957,16.787,-28.828,-79,5
2.6971,16.611,-29.707,-79,5
2.6976,16.436,-29.883,-79,5
2.6983,16.436,-30.410,-79,5
2.7002,16.084,-31.465,-79,5
2.7023,15.732,-32.695,-79,5
2.7043,15.381,-34.102,-79,5
2.7063,15.029,-35.332,-79,5
2.7083,14.854,-36.562,-79,5
2.7103,14.678,-37.969,-79,5
2.7123,14.326,-39.375,-79,5
2.7143,14.150,-40.781,-79,5
2.7163,13.975,-42.188,-79,5
2.7183,13.799,-43.594,-79,5
2.7203,13.623,-45.176,-79,5
2.7223,13.623,-46.758,-79,5
2.7271,13.271,-50.449,-79,5
2.7278,13.271,-50.977,-79,5
2.7283,13.271,-51.504,-79,5
2.7302,13.271,-53.086,-79,5
2.7323,13.096,-54.844,-79,5
2.7343,13.096,-56.602,-79,5
2.7363,13.096,-58.184,-79,5
2.7383,13.271,-60.117,-79,5
2.7403,13.271,-61.875,-79,5
2.7423,13.447,-63.633,-79,5
2.7442,13.623,-65.566,-79,5
2.7463,13.799,-67.500,-79,5
2.7483,14.150,-69.609,-79,5
2.7531,14.854,-74.707,-79,5
2.7545,15.029,-76.113,-79,5
2.7551,15.205,-76.816,-79,5
2.7567,15.557,-78.574,-79,5
2.7582,15.908,-80.156,-79,5
2.7603,16.436,-82.617,-79,5
2.7623,16.963,-84.902,-79,5
2.7643,17.666,-87.363,-79,5
2.7663,18.369,-90.000,-79,5
2.7683,19.072,-92.461,-79,5
2.7704,19.951,-95.098,-79,5
2.7729,21.006,-98.438,-79,5
2.7743,21.709,-100.547,-79,5
2.7763,22.764,-103.359,-79,5
2.7784,23.994,-103.887,-78,5
2.7803,25.049,-103.887,-78,5
2.7823,26.279,-103.887,-78,5
2.7843,27.686,-103.887,-78,5
2.7863,29.092,-103.887,-78,5
2.7883,30.498,-103.887,-78,5
2.7903,31.904,-103.887,-78,5
2.7923,33.311,-103.887,-78,5
2.7943,34.717,-103.887,-77,5
2.7963,36.123,-103.887,-77,5
2.7983,37.529,-103.887,-77,5
2.8003,38.936,-103.887,-77,5
2.8024,40.166,-103.887,-77,5
2.8043,41.396,-103.887,-76,5
2.8063,42.451,-103.887,-76,5
2.8083,43.506,-103.887,-76,5
2.8103,44.561,-103.887,-75,5
2.8122,45.615,-103.887,-72,5
2.8143,46.494,-103.887,-69,5
2.8163,47.373,-103.887,-66,5
2.8183,48.076,-103.887,-63,5
2.8203,48.779,-103.887,-61,5
2.8224,49.482,-103.887,-59,5
2.8405,53.701,-103.887,-57,5
2.8425,54.053,-103.887,-44,5
2.8446,54.404,-103.887,-43,5
2.8465,54.580,-103.887,-42,5
2.8486,54.932,-103.887,-42,5
2.8505,55.107,-103.887,-41,5
2.8525,55.107,-103.887,-40,5
2.8546,55.283,-103.887,-40,5
2.8565,55.459,-103.887,-40,5
2.8585,55.635,-103.887,-39,5
2.8606,55.635,-103.887,-39,5
2.8625,55.811,-103.887,-39,5
2.8645,55.811,-103.887,-38,5
2.8665,55.811,-103.887,-19,5
2.8685,55.811,-103.887,-19,5
2.8706,55.811,-103.887,-19,5
2.8725,55.811,-103.887,-19,5
2.8746,55.811,-103.887,-19,5
2.8765,55.811,-103.887,-19,5
2.8785,55.811,-103.887,-19,5
2.8806,55.811,-103.887,-19,5
2.8825,55.811,-103.887,-19,5
2.8851,55.811,-103.887,-19,5
2.8865,55.635,-103.887,74,5
2.8885,55.459,-103.887,74,5
2.8906,55.283,-103.887,74,5
2.8925,55.283,-103.887,74,5
2.8945,55.107,-103.887,74,5
2.8965,54.932,-103.887,74,5
2.8986,54.756,-103.887,74,5
2.9006,54.580,-103.887,74,5
2.9025,54.404,-103.887,74,5
2.9046,54.229,-103.887,74,5
2.9065,54.053,-103.887,74,5
2.9086,53.877,-103.887,41,5
2.9105,53.525,-103.887,41,5
2.9125,53.350,-103.887,39,5
2.9145,52.998,-103.887,38,5
2.9165,52.822,-103.887,36,5
2.9186,52.646,-103.887,36,5
2.9206,52.295,-103.887,35,5
2.9226,52.119,-103.887,34,5
2.9263,51.592,-103.887,33,5
2.9270,51.416,-103.887,31,5
2.9285,51.240,-103.887,31,5
2.9305,50.889,-103.887,30,5
2.9325,50.713,-103.887,30,5
2.9387,49.834,-103.887,30,5
2.9405,49.482,-103.887,29,5
2.9415,49.482,-103.887,29,5
2.9424,49.307,-103.887,29,5
2.9432,49.131,-103.887,29,5
2.9445,48.955,-103.887,29,5
2.9465,48.604,-103.887,28,5
2.9485,48.428,-103.887,28,5
2.9505,48.076,-103.887,28,5
2.9525,47.725,-103.887,28,5
2.9546,47.549,-103.887,28,5
2.9565,47.197,-103.887,29,5
2.9585,47.021,-103.887,29,5
2.9605,46.670,-103.887,29,5
2.9625,46.318,-103.887,29,5
2.9646,46.143,-103.887,30,5
2.9665,45.791,-103.887,31,5
2.9685,45.615,-103.887,31,5
2.9706,45.264,-103.887,32,5
2.9726,45.088,-103.887,33,5
2.9746,44.736,-103.887,34,5
2.9765,44.561,-103.887,35,5
2.9786,44.209,-103.887,36,5
2.9805,44.033,-103.887,37,5
2.9825,43.857,-103.887,38,5
2.9845,43.506,-103.887,40,5
2.9865,43.330,-103.887,41,5
2.9885,43.154,-103.887,42,5
2.9906,42.803,-103.887,43,5
2.9926,42.627,-103.887,44,5
2.9945,42.275,-103.887,46,5
2.9965,42.100,-103.887,47,5
2.9985,41.924,-103.887,49,5
3.0006,41.748,-103.887,50,5
3.0025,41.396,-103.887,52,5
3.0046,41.221,-103.887,55,5
3.0065,41.045,-103.887,56,5
3.0085,40.693,-103.887,58,5
3.0105,40.518,-103.887,59,5
3.0126,40.342,-103.887,61,5
3.0146,39.990,-103.887,64,5
3.0165,39.814,-103.887,65,5
3.0186,39.639,-103.887,68,5
3.0206,39.287,-103.887,70,5
3.0225,39.111,-103.887,72,5
3.0301,38.057,-103.887,74,5
3.0313,37.881,-103.887,77,5
3.0319,37.881,-103.887,77,5
3.0324,37.881,-103.887,77,5
3.0330,37.705,-103.887,77,5
3.0345,37.529,-103.887,77,5
3.0365,37.178,-103.887,77,5
3.0385,37.002,-103.887,77,5
3.0406,36.650,-103.887,77,5
3.0426,36.299,-103.887,77,5
3.0445,36.123,-103.887,77,5
3.0465,35.771,-103.887,77,5
3.0485,35.420,-103.887,77,5
3.0506,35.068,-103.887,77,5
3.0525,34.893,-103.887,77,5
3.0546,34.541,-103.887,77,5
3.0565,34.189,-103.887,77,5
3.0587,33.838,-103.887,77,5
3.0606,33.486,-103.887,77,5
3.0626,33.135,-103.887,77,5
3.0646,32.783,-103.887,77,5
3.0665,32.432,-103.887,77,5
3.0685,32.080,-103.887,77,5
3.0705,31.729,-103.887,77,5
3.0725,31.201,-103.887,78,5
3.0746,30.850,-103.711,78,5
3.0766,30.498,-103.711,78,5
3.0785,30.146,-103.711,78,5
3.0806,29.795,-103.711,78,5
3.0826,29.268,-103.535,78,5
3.0846,28.916,-103.535,78,5
3.0865,28.564,-103.535,78,5
3.0885,28.037,-103.359,78,5
3.0905,27.686,-103.359,78,5
3.0926,27.158,-103.184,78,5
3.0945,26.807,-103.008,78,5
3.0965,26.455,-102.832,78,5
3.0985,25.928,-102.832,78,5
3.1006,25.576,-102.656,78,5
3.1025,25.049,-102.480,78,5
3.1046,24.521,-102.305,78,5
3.1066,24.170,-102.129,78,5
3.1085,23.643,-101.953,78,5
3.1105,23.291,-101.777,78,5
3.1126,22.764,-101.602,78,5
3.1146,22.236,-101.426,78,5
3.1166,21.709,-101.250,79,5
3.1186,21.357,-100.898,79,5
3.1205,20.830,-100.723,79,5
3.1225,20.303,-100.547,79,5
3.1246,19.951,-100.195,79,5
3.1266,19.424,-99.844,79,5
3.1293,18.721,-99.492,79,5
3.1305,18.369,-99.316,79,5
3.1325,17.842,-98.965,79,5
3.1477,13.975,-95.977,79,5
3.1497,13.623,-95.625,79,5
3.1517,13.096,-95.273,79,5
3.1537,12.568,-94.746,79,5
3.1557,12.041,-94.219,79,5
3.1578,11.514,-93.691,79,5
3.1597,10.986,-93.164,79,5
3.1617,10.459,-92.637,79,5
3.1637,9.932,-92.109,79,5
3.1658,9.404,-91.582,79,5
3.1677,8.877,-90.879,79,5
3.1697,8.350,-90.352,79,5
3.1724,7.646,-89.473,79,5
3.1738,7.295,-88.945,79,5
3.1757,6.768,-88.418,79,5
3.1777,6.240,-87.715,79,5
3.1797,5.713,-87.012,79,5
3.1817,5.186,-86.309,79,5
3.1837,4.658,-85.430,79,5
3.1857,4.131,-84.727,79,5
3.1877,3.604,-83.848,79,5
3.1897,3.076,-83.145,79,5
3.1917,2.549,-82.266,79,5
3.1937,2.021,-81.562,79,5
3.1957,1.494,-80.508,79,5
3.1977,0.967,-79.629,79,5
3.1997,0.264,-78.750,79,5
3.2017,-0.264,-77.871,79,5
3.2038,-0.791,-76.816,79,5
3.2057,-1.318,-75.938,79,5
3.2078,-1.846,-74.883,79,5
3.2097,-2.373,-73.828,79,5
3.2118,-3.076,-72.773,79,5
3.2137,-3.604,-71.719,79,5
3.2157,-4.131,-70.664,79,5
3.2177,-4.658,-69.609,79,5
3.2197,-5.361,-68.379,79,5
3.2217,-5.889,-67.148,79,5
3.2238,-6.592,-66.094,79,5
3.2258,-7.119,-64.863,79,5
3.2335,-9.404,-59.766,79,5
3.2343,-9.756,-59.238,79,5
3.2347,-9.932,-59.062,79,5
3.2350,-9.932,-58.887,79,5
3.2357,-10.107,-58.359,79,5
3.2377,-10.811,-56.953,79,5
3.2397,-11.514,-55.723,79,5
3.2418,-12.217,-54.141,79,5
3.2437,-12.920,-52.910,79,5
3.2457,-13.623,-51.328,79,5
3.2478,-14.326,-49.746,79,5
3.2497,-15.029,-48.340,79,5
3.2521,-15.908,-46.582,79,5
3.2537,-16.436,-45.176,79,5
3.2557,-17.314,-43.594,79,5
3.2577,-18.018,-42.012,79,5
3.2597,-18.721,-40.430,79,5
3.2617,-19.600,-38.848,79,5
3.2637,-20.479,-37.090,79,5
3.2657,-21.357,-35.332,79,5
3.2678,-22.236,-33.574,79,5
3.2697,-23.115,-31.816,79,5
3.2718,-24.170,-29.883,78,5
3.2737,-25.049,-28.125,78,5
3.2757,-26.104,-26.191,78,5
3.2777,-27.158,-24.434,78,5
3.2797,-28.213,-22.500,78,5
3.2818,-29.268,-20.391,78,5
3.2837,-30.498,-18.457,78,5
3.2858,-31.553,-16.348,78,5
3.2877,-32.783,-14.414,78,5
3.2898,-34.014,-12.305,77,5
3.2918,-35.420,-10.195,77,5
3.2937,-36.650,-8.086,77,5
3.2957,-38.057,-5.801,77,5
3.2977,-39.463,-3.691,77,5
3.2997,-41.045,-1.406,77,5
3.3017,-42.627,1.055,76,5
3.3038,-44.209,3.340,76,5
3.3057,-45.967,5.625,73,5
3.3077,-47.725,8.086,68,5
3.3098,-49.482,10.723,62,5
3.3117,-51.416,13.184,57,5
3.3137,-53.350,15.820,51,5
3.3158,-55.459,18.281,45,5
3.3177,-57.393,20.918,39,5
3.3198,-59.678,23.730,34,5
3.3217,-61.963,26.367,27,5
3.3237,-64.248,29.180,21,5
3.3257,-66.709,31.992,15,5
3.3277,-68.994,34.805,8,5
3.3297,-71.631,37.793,2,5
3.3324,-75.146,41.660,-3,5
3.3338,-76.904,43.594,-13,5
3.3357,-79.365,46.406,-17,5
3.3378,-82.002,49.570,-24,5
3.3397,-84.639,52.383,-30,5
3.3418,-87.275,55.371,-36,5
3.3437,-89.736,58.184,-42,5
3.3492,-96.416,65.918,0,0
3.3522,-99.756,69.961,0,0
3.3529,-100.635,70.664,0,0
3.3531,-100.811,70.840,0,0
3.3537,-101.338,71.719,0,0
3.3557,-103.623,74.180,0,0
3.3577,-105.557,76.816,0,0
3.3597,-107.666,79.277,0,0
3.3617,-109.424,81.562,0,0
3.3637,-111.357,84.023,0,0
3.3657,-112.939,86.133,0,0
3.3677,-114.697,88.418,0,0
3.3697,-116.279,90.527,0,0
3.3717,-117.861,92.637,0,0
3.3737,-119.268,94.746,0,0
3.3757,-120.674,96.855,0,0
3.3777,-122.080,98.789,0,0
3.3797,-123.486,100.723,0,0
3.3817,-124.717,102.656,0,0
3.3837,-125.947,104.414,0,0
3.3858,-127.178,106.348,0,0
3.3878,-128.232,108.105,0,0
3.3897,-129.287,109.863,0,0
3.3917,-130.342,111.621,0,0
3.3937,-131.396,113.379,0,0
3.3965,-132.803,115.664,0,0
3.3978,-133.330,116.543,0,0
3.3997,-134.209,118.125,0,0
3.4017,-135.088,119.355,0,0
3.4037,-135.264,120.410,0,0
3.4057,-135.264,121.113,0,0
3.4077,-134.736,122.344,0,0
3.4098,-134.385,124.277,0,0
3.4118,-134.033,125.156,0,0
3.4138,-133.154,125.684,0,0
3.4158,-132.627,126.738,0,0
3.4177,-132.275,127.969,0,0
3.4197,-131.924,128.672,0,0
3.4217,-131.221,129.199,0,0
3.4237,-130.869,130.078,0,0
3.4257,-130.342,131.133,0,0
3.4277,-129.814,131.660,0,0
3.4463,-125.068,136.934,0,0
3.4483,-124.541,137.285,0,0
3.4504,-124.014,137.637,0,0
3.4523,-123.486,138.164,0,0
3.4544,-122.783,138.516,0,0
3.4563,-122.256,138.867,0,0
3.4583,-121.729,139.043,0,0
3.4603,-121.201,139.395,0,0
3.4623,-120.498,139.570,0,0
3.4643,-119.971,139.746,0,0
3.4663,-119.443,139.922,0,0
3.4683,-118.916,140.098,0,0
3.4704,-118.389,140.273,0,0
3.4723,-117.686,140.449,0,0
3.4743,-117.158,140.449,0,0
3.4763,-116.631,140.449,0,0
3.4783,-116.104,140.449,0,0
3.4803,-115.400,140.449,0,0
3.4824,-114.873,140.449,0,0
3.4844,-114.170,140.449,0,0
3.4864,-113.643,140.273,0,0
3.4884,-113.115,140.273,0,0
3.4904,-112.412,139.922,0,0
3.4923,-111.885,139.746,0,0
3.4944,-111.357,139.570,0,0
3.4964,-110.654,139.395,0,0
3.4983,-110.127,139.043,0,0
3.5003,-109.424,138.867,0,0
3.5024,-108.896,138.516,0,0
3.5043,-108.369,138.164,0,0
3.5063,-107.666,137.812,0,0
3.5083,-107.139,137.461,0,0
3.5103,-106.611,136.934,0,0
3.5124,-105.908,136.582,0,0
3.5144,-105.205,136.055,0,0
3.5163,-104.678,135.527,0,0
3.5185,-103.975,135.000,0,0
3.5203,-103.447,134.473,0,0
3.5224,-102.744,133.770,0,0
3.5244,-102.217,133.242,0,0
3.5264,-101.514,132.539,0,0
3.5284,-100.811,131.836,0,0
3.5303,-100.283,131.133,0,0
3.5323,-99.580,130.430,0,0
3.5343,-98.877,129.727,0,0
3.5364,-98.174,129.023,0,0
3.5384,-97.646,128.145,0,0
3.5403,-96.943,127.266,0,0
3.5424,-96.240,126.387,0,0
3.5457,-95.010,124.980,0,0
3.5463,-94.834,124.629,0,0
3.5511,-93.076,122.344,0,0
3.5518,-92.900,121.992,0,0
3.5524,-92.725,121.641,0,0
3.5544,-91.846,120.762,0,0
3.5564,-91.143,119.531,0,0
3.5584,-90.439,118.652,0,0
3.5604,-89.736,117.422,0,0
3.5623,-88.857,116.367,0,0
3.5644,-87.979,115.137,0,0
3.5663,-87.275,113.906,0,0
3.5684,-86.396,112.852,0,0
3.5704,-85.518,111.445,0,0
3.5724,-84.639,110.215,0,0
3.5743,-83.760,108.984,0,0
3.5764,-82.881,107.578,0,0
3.5784,-81.826,106.172,0,0
3.5804,-80.947,104.941,0,0
3.5824,-79.893,103.359,0,0
3.5844,-79.014,101.953,0,0
3.5864,-77.959,100.547,0,0
3.5883,-76.904,98.965,0,0
3.5903,-75.674,97.559,0,0
3.5923,-74.619,95.977,0,0
3.5943,-73.564,94.395,0,0
3.5964,-72.334,92.637,0,0
3.5984,-71.104,91.055,0,0
3.6004,-69.873,89.297,0,0
3.6024,-68.643,87.715,0,0
3.6044,-67.236,85.781,0,0
3.6064,-65.830,84.023,0,0
3.6083,-64.600,82.266,0,0
3.6104,-63.018,80.508,0,0
3.6124,-61.611,78.574,0,0
3.6144,-60.205,76.641,0,0
3.6164,-58.623,74.707,0,0
3.6184,-56.865,72.598,0,0
3.6204,-55.283,70.664,0,0
3.6224,-53.701,68.555,0,0
3.6244,-51.943,66.445,0,0
3.6264,-50.186,64.336,0,0
3.6284,-48.428,62.227,0,0
3.6304,-46.670,60.117,0,0
3.6323,-44.736,58.008,0,0
3.6343,-42.979,55.723,0,0
3.6363,-41.221,53.613,0,0
3.6384,-39.287,51.328,0,0
3.6403,-37.529,49.219,0,0
3.6423,-35.771,47.109,0,0
3.6455,-32.783,43.594,0,0
3.6464,-31.904,42.539,0,0
3.6485,-30.146,40.430,0,0
3.6520,-27.158,36.738,0,0
3.6524,-26.807,36.387,0,0
3.6544,-25.049,34.277,0,0
3.6564,-23.467,32.344,0,0
3.6584,-21.885,30.410,0,0
3.6604,-20.303,28.477,0,0
3.6624,-18.721,26.543,0,0
3.6644,-17.314,24.785,0,0
3.6664,-15.908,23.027,0,0
3.6684,-14.502,21.270,0,0
3.6704,-13.271,19.512,0,0
3.6724,-11.865,17.754,0,0
3.6743,-10.635,16.172,0,0
3.6763,-9.580,14.590,0,0
3.6784,-8.174,13.008,0,0
3.6803,-7.119,11.250,0,0
3.6823,-6.064,9.844,0,0
3.6843,-5.010,8.262,0,0
3.6863,-3.955,6.855,0,0
3.6883,-2.900,5.449,0,0
3.6903,-1.846,4.043,0,0
3.6923,-0.967,2.637,0,0
3.6943,0.088,1.230,0,0
3.6963,0.967,0.000,0,0
3.6984,1.846,-1.406,0,0
3.7003,2.725,-2.461,0,0
3.7157,8.877,-11.250,0,0
3.7177,9.580,-12.129,0,0
3.7198,10.283,-13.008,0,0
3.7218,10.986,-14.062,0,0
3.7238,11.689,-14.941,0,0
3.7258,12.217,-15.820,0,0
3.7278,12.920,-16.699,0,0
3.7298,13.623,-17.578,0,0
3.7318,14.326,-18.281,0,0
3.7338,14.854,-19.160,0,0
3.7357,15.557,-19.863,0,0
3.7378,16.084,-20.566,0,0
3.7398,16.611,-21.270,0,0
3.7418,17.314,-21.973,0,0
3.7457,18.369,-23.203,0,0
3.7459,18.545,-23.203,0,0
3.7477,18.896,-23.730,0,0
3.7498,19.600,-24.258,0,0
3.7518,20.127,-24.785,0,0
3.7537,20.654,-25.312,0,0
3.7557,21.182,-25.664,0,0
3.7577,21.709,-26.191,0,0
3.7597,22.236,-26.719,0,0
3.7618,22.764,-27.070,0,0
3.7637,23.291,-27.422,0,0
3.7657,23.818,-27.773,0,0
3.7677,24.346,-28.125,0,0
3.7697,24.873,-28.301,0,0
3.7718,25.400,-28.477,0,0
3.7738,25.928,-28.828,0,0
3.7758,26.455,-29.004,0,0
3.7778,26.982,-29.180,0,0
3.7798,27.334,-29.355,0,0
3.7817,27.861,-29.531,0,0
3.7837,28.389,-29.531,0,0
3.7857,28.740,-29.531,0,0
3.7877,29.268,-29.707,0,0
3.7897,29.795,-29.707,0,0
3.7917,30.322,-29.707,0,0
3.7937,30.850,-29.531,0,0
3.7957,31.201,-29.531,0,0
3.7977,31.729,-29.531,0,0
3.7998,32.256,-29.355,0,0
3.8018,32.607,-29.180,0,0
3.8038,33.135,-29.004,0,0
3.8057,33.486,-28.828,0,0
3.8077,34.014,-28.477,0,0
3.8097,34.541,-28.301,0,0
3.8117,34.893,-27.949,0,0
3.8137,35.420,-27.598,0,0
3.8157,35.771,-27.422,0,0
3.8178,36.299,-27.422,0,0
3.8198,36.650,-27.422,0,0
3.8218,37.178,-27.422,0,0
3.8238,37.529,-27.422,0,0
3.8258,38.057,-27.422,0,0
3.8278,38.408,-27.422,0,0
3.8298,38.936,-27.422,0,0
3.8317,39.287,-27.422,0,0
3.8337,39.639,-27.422,0,0
3.8358,39.990,-27.422,0,0
3.8378,40.518,-27.422,0,0
3.8398,40.869,-27.422,0,0
3.8418,41.221,-27.422,0,0
3.8452,41.924,-27.422,0,0
3.8457,41.924,-27.422,0,0
3.8477,42.451,-27.422,0,0
3.8497,42.803,-27.422,0,0
3.8517,43.154,-27.422,0,0
3.8537,43.506,-27.422,0,0
3.8557,43.857,-27.422,0,0
3.8577,44.033,-27.422,0,0
3.8597,44.385,-27.422,0,0
3.8617,44.736,-27.422,0,0
3.8637,45.088,-27.422,0,0
3.8657,45.264,-27.422,0,0
3.8677,45.615,-27.422,0,0
3.8697,45.967,-27.422,0,0
3.8718,46.143,-27.422,0,0
3.8738,46.318,-27.422,0,0
3.8758,46.670,-27.422,0,0
3.8778,46.846,-27.422,0,0
3.8798,47.021,-27.422,0,0
3.8853,47.549,-27.422,0,0
3.8860,47.549,-27.422,0,0
3.8862,47.549,-27.422,0,0
3.8878,47.725,-27.422,0,0
3.8900,47.900,-26.367,0,0
3.8917,47.900,-25.137,0,0
3.8937,48.076,-23.730,0,0
3.8957,48.076,-22.148,0,0
3.8977,48.076,-20.566,0,0
3.8997,48.252,-18.984,0,0
3.9017,48.252,-17.402,0,0
3.9037,48.252,-15.820,0,0
3.9057,48.076,-14.062,0,0
3.9078,48.076,-12.305,0,0
3.9098,48.076,-10.547,0,0
3.9117,47.900,-8.789,0,0
3.9137,47.725,-7.031,0,0
3.9157,47.549,-5.098,0,0
3.9178,47.373,-3.164,0,0
3.9201,47.021,-0.879,0,0
3.9217,46.846,0.703,0,0
3.9237,46.494,2.637,0,0
3.9257,46.143,4.746,0,0
3.9277,45.791,6.855,0,0
3.9297,45.439,8.965,0,0
3.9317,44.912,11.250,0,0
3.9337,44.561,13.359,0,0
3.9358,44.033,15.820,0,0
3.9378,43.682,17.930,0,0
3.9398,43.154,20.215,0,0
3.9418,42.803,22.324,0,0
3.9457,41.924,26.719,0,0
3.9459,41.748,27.070,0,0
3.9477,41.396,28.828,0,0
3.9497,41.045,31.113,0,0
3.9517,40.693,33.223,0,0
3.9537,40.342,35.156,0,0
3.9557,39.990,37.441,0,0
3.9714,38.232,52.559,0,0
3.9736,38.232,54.316,0,0
3.9755,38.232,55.898,0,0
3.9775,38.057,57.656,0,0
3.9795,38.057,59.238,0,0
3.9815,38.057,60.820,0,0
3.9835,38.057,62.402,0,0
3.9855,38.057,63.984,0,0
3.9875,38.232,65.391,0,0
3.9895,38.232,66.797,0,0
3.9915,38.232,68.203,0,0
3.9935,38.408,69.609,0,0
3.9954,38.584,71.016,0,0
3.9975,38.584,72.422,0,0
3.9995,38.936,73.652,0,0
4.0015,38.936,75.059,0,0
4.0035,39.111,76.289,0,0
4.0055,39.287,77.520,0,0
4.0075,39.639,78.750,0,0
4.0095,39.814,79.805,0,0
4.0115,39.990,80.859,0,0
4.0136,40.342,82.090,0,0
4.0156,40.518,83.145,0,0
4.0175,40.693,84.199,0,0
4.0195,41.045,85.254,0,0
4.0214,41.221,86.133,0,0
4.0234,41.396,87.188,0,0
4.0255,41.748,88.066,0,0
4.0275,42.100,88.945,0,0
4.0295,42.275,89.824,0,0
4.0316,42.627,90.703,0,0
4.0336,42.979,91.582,0,0
4.0355,43.154,92.461,0,0
4.0375,43.506,93.164,0,0
4.0396,43.857,93.867,0,0
4.0416,44.209,94.570,0,0
4.0459,44.912,96.152,0,0
4.0463,44.912,96.152,0,0
4.0475,45.088,96.504,0,0
4.0495,45.439,97.207,0,0
4.0515,45.791,97.207,0,0
4.0535,46.143,97.207,0,0
4.0555,46.494,97.207,0,0
4.0575,46.670,97.207,0,0
4.0595,47.021,97.207,0,0
4.0615,47.373,97.207,0,0
4.0635,47.725,97.207,0,0
4.0655,48.076,97.207,0,0
4.0675,48.428,97.207,0,0
4.0695,48.779,97.207,0,0
4.0715,49.131,97.207,0,0
4.0735,49.482,97.207,0,0
4.0755,49.834,97.207,0,0
4.0775,50.186,97.207,0,0
4.0795,50.537,97.207,0,0
4.0815,50.889,97.207,0,0
4.0835,51.240,97.207,0,0
4.0855,51.592,97.207,0,0
4.0875,51.943,97.207,0,0
4.0895,52.295,97.207,0,0
4.0914,52.646,97.207,0,0
4.0935,52.998,97.207,0,0
4.0955,53.350,97.207,0,0
4.0975,53.701,97.207,0,0
4.0995,53.877,97.207,0,0
4.1015,54.404,97.207,0,0
4.1035,54.580,97.207,0,0
4.1055,54.932,97.207,0,0
4.1075,55.283,97.207,0,0
4.1095,55.635,97.207,0,0
4.1115,55.986,97.207,0,0
4.1135,56.338,97.207,0,0
4.1155,56.689,97.207,0,0
4.1175,57.041,97.207,0,0
4.1195,57.393,97.207,0,0
4.1215,57.744,97.207,0,0
4.1235,58.096,96.855,0,0
4.1255,58.447,96.328,0,0
4.1275,58.799,95.977,0,0
4.1295,59.150,95.449,0,0
4.1315,59.502,94.922,0,0
4.1335,59.854,94.395,0,0
4.1355,60.205,93.867,0,0
4.1375,60.557,93.340,0,0
4.1395,60.908,92.637,0,0
4.1415,61.260,91.934,0,0
4.1452,61.963,90.703,0,0
4.1455,62.139,90.527,0,0
4.1475,62.490,89.824,0,0
4.1532,63.545,87.539,0,0
4.1537,63.721,87.363,0,0
4.1539,63.721,87.363,0,0
4.1555,64.072,86.660,0,0
4.1575,64.424,85.781,0,0
4.1595,64.951,84.902,0,0
4.1615,65.303,84.023,0,0
4.1636,65.654,82.969,0,0
4.1656,66.182,82.090,0,0
4.1675,66.709,81.035,0,0
4.1695,67.061,79.980,0,0
4.1715,67.588,78.926,0,0
4.1735,68.115,77.871,0,0
4.1754,68.467,76.816,0,0
4.1774,68.994,75.586,0,0
4.1801,69.697,74.004,0,0
4.1816,70.225,73.125,0,0
4.1836,70.752,71.895,0,0
4.1854,71.279,70.664,0,0
4.1875,71.807,69.434,0,0
4.1895,72.510,68.027,0,0
4.1915,73.037,66.621,0,0
4.1935,73.740,65.215,0,0
4.1955,74.443,63.809,0,0
4.1975,75.146,62.402,0,0
4.1995,75.850,60.996,0,0
4.2015,76.553,59.414,0,0
4.2035,77.256,57.832,0,0
4.2055,78.135,56.250,0,0
4.2210,85.342,42.715,0,0
4.2231,86.396,40.781,0,0
4.2255,87.803,38.496,0,0
4.2271,88.682,36.914,0,0
4.2290,89.736,34.980,0,0
4.2310,90.967,32.871,0,0
4.2330,92.197,30.938,0,0
4.2350,93.428,28.828,0,0
4.2370,94.834,26.719,0,0
4.2390,96.064,26.719,0,0
4.2410,97.471,26.719,0,0
4.2455,100.459,26.719,0,0
4.2458,100.635,26.719,0,0
4.2470,101.514,26.719,0,0
4.2490,102.744,26.719,0,0
4.2510,104.150,26.719,0,0
4.2530,105.381,26.719,0,0
4.2550,106.787,26.719,0,0
4.2570,108.018,26.719,0,0
4.2590,109.248,26.719,0,0
4.2610,110.303,26.719,0,0
4.2630,111.533,26.719,0,0
4.2650,112.764,26.719,0,0
4.2670,113.818,26.719,0,0
4.2690,114.873,26.719,0,0
4.2710,115.752,26.719,0,0
4.2730,116.631,26.719,0,0
4.2750,117.686,26.719,0,0
4.2770,118.564,26.719,0,0
4.2790,119.443,26.719,0,0
4.2810,120.146,26.719,0,0
4.2830,121.025,26.719,0,0
4.2850,121.729,26.719,0,0
4.2872,122.607,26.719,0,0
4.2891,123.135,26.719,0,0
4.2911,123.838,26.719,0,0
4.2931,124.541,26.719,0,0
4.2951,125.068,26.719,0,0
4.2971,125.596,26.719,0,0
4.2991,126.123,26.719,0,0
4.3011,126.650,26.719,0,0
4.3030,127.178,26.719,0,0
4.3050,127.705,26.719,0,0
4.3071,128.232,26.719,0,0
4.3090,128.584,26.719,0,0
4.3111,128.936,26.719,0,0
4.3131,129.463,26.719,0,0
