time_s;mode;position_deg;setpoint_deg;pend_position_deg;pwm;voltage_v;current_mA;power_mW
0.2;0;-0.176;0;0;0;;25.7;384
0.3;0;-0.176;0;0;0;;27.2;406
0.4;0;-0.176;0;-0.176;0;;27.3;410
0.5;0;-0.176;0;0;0;;27.2;406
0.6;0;-0.176;0;0.176;0;;27;404
0.7;0;-0.176;0;0.176;0;;27;404
0.8;0;-0.176;0;0;0;;26.9;404
1.0;0;-0.176;0;0;0;;27;404
1.0;0;-0.176;0;0;0;;26.9;404
1.1;0;-0.176;0;0;0;;27.2;406
1.3;0;-0.176;0;0;0;;27.3;410
1.3;0;-0.176;0;0;0;;27.3;410
1.4;0;-0.176;0;0;0;;27;404
1.5;0;-0.176;0;0;0;;27;404
1.6;0;-0.176;0;0;0;;23.6;354
1.7;0;-0.176;0;0;0;;27.1;406
1.8;0;-0.176;0;0;0;;27.1;406
1.9;0;-0.176;0;0;0;;26.8;404
2.1;0;-0.176;0;0;0;;27.4;410
2.2;0;-0.176;0;0;0;;27.2;406
2.2;0;-0.176;0;0;0;;27.1;406
2.3;0;-0.176;0;0;0;;29.6;442
2.4;0;-0.176;0;0;0;;27.5;412
2.5;0;-0.176;0;0;0;;27;404
2.6;0;-0.176;0;0;0;;27.5;412
2.7;0;-0.176;0;0;0;;26.7;400
2.8;0;-0.176;0;0;0;;27;404
2.9;0;-0.176;0;0;0;;26.8;404
3.0;0;-0.176;0;0;0;;27;404
3.1;0;-0.176;0;0;0;;26.7;400
3.2;0;-0.176;0;0;0;;26.9;404
3.3;0;-0.176;0;0;0;;27;404
3.4;0;-0.176;0;0;0;;27;404
3.5;0;-0.176;0;0;0;;26.4;396
3.7;0;-0.176;0;0;0;;27;404
3.7;0;-0.176;0;0;0;;27.1;406
3.8;0;-0.176;0;0;0;;27;404
3.9;0;-0.176;0;0;0;;27.1;406
4.0;0;-0.176;0;0;0;;27.1;406
4.1;0;-0.176;0;0;0;;27;404
4.2;0;-0.176;0;0;0;;27.1;406
4.3;0;-0.176;0;0;0;;27;404
4.5;0;-0.176;0;0;0;;26.9;404
4.7;0;-0.176;0;0;0;;27;404
4.7;0;-0.176;0;0;0;;27.1;406
4.8;0;-0.176;0;0;0;;27;404
4.8;0;-0.176;0;0;0;;27.1;406
4.9;0;-0.176;0;0;0;;26.9;404
5.0;0;-0.176;0;0.176;0;;27.3;410
5.1;0;-0.176;0;0;0;;26.9;404
5.2;0;-0.176;0;0;0;;26.9;404
5.3;0;-0.352;0;0;0;;27;404
5.4;5;4.922;0;4.922;-50;;67.8;1006
5.5;5;4.395;0;-1.055;50;;73.8;1094
5.7;5;-11.074;0;-20.039;50;;73.6;1092
5.7;5;-9.844;0;-2.813;-50;;67;996
5.8;5;4.746;0;29.707;-50;;69.5;1032
5.9;5;1.934;0;16.523;50;;72.3;1072
6.0;5;-23.73;0;-32.695;50;;73.5;1092
6.2;5;-32.168;0;-36.035;-50;;69.1;1026
6.3;5;-10.195;0;21.445;-50;;65.3;970
6.3;5;1.934;0;52.207;-50;;68.6;1020
6.4;5;-10.02;0;15.82;50;;70.3;1042
6.5;5;-40.957;0;-49.922;50;;73.6;1092
6.6;5;-47.637;0;-51.68;-50;;67.8;1006
6.8;5;-20.215;0;19.512;-50;;63.3;940
6.9;5;-3.164;0;68.027;-50;;68.1;1012
6.9;5;-4.746;0;46.23;50;;73.5;1092
7.0;5;-43.418;0;-41.133;50;;71.3;1058
7.1;5;-55.547;0;-75.059;50;;77;1140
7.2;5;-50.098;0;-37.266;-50;;65.6;974
7.3;5;-9.668;0;56.426;-50;;66.3;986
7.4;5;-0.527;0;83.672;70;;119;1746
7.5;5;-8.262;0;38.848;50;;71.1;1056
7.7;5;-51.68;0;-59.941;50;;72.5;1074
7.8;5;-61.348;0;-88.594;50;;74.6;1104
7.9;5;-59.062;0;-45.703;-50;;66.6;990
7.9;5;-16.523;0;59.238;-50;;67;996
8.0;5;-9.141;0;98.086;50;;76;1128
8.1;5;-10.02;0;67.852;50;;73.5;1092
8.2;5;-53.789;0;-39.023;50;;69.7;1036
8.3;5;-66.621;0;-96.68;-50;;69.5;1032
8.4;5;-67.5;0;-84.727;-50;;69.2;1026
8.5;5;-36.563;0;6.328;-50;;60.1;894
8.6;5;-8.965;0;91.406;-50;;69.6;1032
8.7;5;-5.098;0;101.953;-50;;68.5;1016
8.9;5;-9.492;0;42.187;50;;71.2;1056
8.9;5;-52.383;0;-71.367;50;;74;1098
9.0;5;-54.668;0;-110.918;-50;;71.1;1056
9.1;5;-55.898;0;-83.848;-50;;70.2;1042
9.2;5;-19.336;0;23.906;-50;;60.5;902
9.3;5;-2.461;0;104.062;50;;75.8;1124
9.4;5;-5.625;0;115.488;-50;;69.1;1026
9.6;5;-8.789;0;60.293;50;;72.8;1078
9.6;5;-58.184;0;-62.578;50;;72.2;1072
9.7;5;-62.93;0;-118.477;-50;;69.2;1026
9.8;5;-61.875;0;-112.852;50;;75;1110
9.9;5;-54.316;0;-39.902;-50;;65.2;970
10.0;5;-8.613;0;82.617;-50;;67.6;1002
10.1;5;-10.723;0;130.43;50;;74.8;1108
10.2;5;-11.426;0;119.531;-50;;68.4;1016
10.3;5;-16.172;0;42.539;50;;72.3;1072
10.4;5;-60.82;0;-83.672;50;;74.5;1104
10.7;5;-56.074;0;-136.055;-50;;69;1022
10.8;5;-50.801;0;-136.406;50;;75.8;1124
10.9;5;-54.844;0;-77.52;-50;;70.2;1042
11.0;5;-8.262;0;55.02;-50;;65.3;970
11.1;5;-7.207;0;131.836;50;;77.1;1144
11.2;4;-23.203;0;161.719;50;;75.7;1120
11.2;4;-30.059;0;155.391;0;;27;404
11.3;4;-33.398;0;111.27;100;;200.6;2880
11.4;4;-85.957;0;9.844;100;;172.6;2496
11.5;4;-162.246;0;-113.203;100;;193.5;2782
11.6;4;-178.594;0;-191.25;0;;27.2;406
11.6;4;-181.758;0;-299.707;0;;27.6;412
11.8;4;-173.496;0;-414.668;0;;26.9;404
11.9;4;-130.254;0;-463.184;0;;27.3;410
11.9;4;-84.727;0;-438.047;0;;26.8;404
12.0;4;-2.285;0;-346.465;0;;27.5;412
12.1;4;55.371;0;-281.074;0;;26.9;404
12.2;4;71.543;0;-289.16;0;;26.9;404
12.3;4;41.309;0;-376.348;0;;27.1;406
12.4;4;22.676;0;-442.793;0;;26.9;404
12.5;4;21.621;0;-436.113;0;;27.1;406
12.6;4;44.297;0;-354.902;0;;26.8;404
12.7;4;52.383;0;-292.676;0;;31;466
12.8;4;32.695;0;-306.563;0;;27.3;410
12.9;4;-18.633;0;-384.082;0;;26.7;400
13.0;4;-43.418;0;-421.699;0;;26.8;404
13.1;4;-44.121;0;-388.652;0;;26.7;400
13.3;4;-22.148;0;-312.187;0;;27.7;416
13.4;4;-26.543;0;-299.004;0;;27.2;406
13.4;4;-51.152;0;-353.145;0;;26.9;404
13.5;4;-75.059;0;-409.746;0;;27.2;406
13.6;4;-68.203;0;-395.156;0;;27.5;412
13.7;4;-33.926;0;-326.777;0;;26.8;404
13.9;4;-25.312;0;-307.617;0;;26.8;404
13.9;4;-39.727;0;-354.727;0;;27.1;406
14.0;4;-55.02;0;-405.527;0;;26.9;404
14.1;4;-43.242;0;-390.234;0;;27.3;410
14.2;4;-9.844;0;-329.766;0;;23.2;348
14.3;4;-3.516;0;-319.922;0;;26.9;404
14.5;4;-23.906;0;-370.195;0;;27.3;410
14.5;4;-33.926;0;-401.484;0;;27.1;406
14.7;4;-19.16;0;-371.074;0;;27.4;410
14.8;4;1.582;0;-325.898;0;;27;404
14.9;4;-6.328;0;-338.73;0;;27.5;412
15.0;4;-30.762;0;-385.84;0;;28.2;422
15.0;4;-32.168;0;-386.543;0;;27;404
15.2;4;-13.184;0;-342.773;0;;29.3;440
15.3;4;-11.074;0;-330.82;0;;27.5;412
15.4;4;-30.41;0;-366.68;0;;27.3;410
15.5;4;-39.902;0;-386.191;0;;27.2;406
15.6;4;-26.191;0;-357.363;0;;26.8;404
15.7;4;-15.996;0;-333.984;0;;27.3;410
15.7;4;-26.719;0;-355.957;0;;27.2;406
15.8;4;-37.617;0;-381.27;0;;27;404
15.9;4;-27.949;0;-364.746;0;;26.5;396
16.0;4;-15.117;0;-340.312;0;;26.9;404
16.1;4;-21.094;0;-353.32;0;;27.5;412
16.2;4;-31.113;0;-376.348;0;;26.6;400
16.3;4;-24.785;0;-366.152;0;;26.9;404
16.4;0;-14.238;0;-345.586;0;;26.7;400
16.6;0;-19.16;0;-354.199;0;;26.9;404
16.6;0;-28.125;0;-371.953;0;;27.1;406
16.7;0;-24.082;0;-364.57;0;;27;404
16.8;0;-17.051;0;-349.102;0;;27.4;410
16.9;0;-21.445;0;-355.605;0;;27.5;412
17.0;0;-28.125;0;-368.262;0;;27.3;410
17.1;0;-24.785;0;-362.109;0;;26.8;404
17.2;0;-20.215;0;-352.266;0;;27.1;406
17.3;0;-23.379;0;-357.539;0;;27.1;406
17.4;0;-26.895;0;-365.098;0;;27.2;406
17.5;0;-23.906;0;-360.527;0;;27;404
17.6;0;-21.445;0;-355.43;0;;27.1;406
17.7;0;-23.555;0;-359.121;0;;27.5;412
17.9;0;-24.785;0;-362.285;0;;27.4;410
17.9;0;-23.203;0;-359.824;0;;27.2;406
18.1;0;-22.676;0;-358.242;0;;27.2;406
18.1;0;-23.379;0;-359.121;0;;27;404
18.2;0;-23.379;0;-360;0;;27.2;406
18.3;0;-23.379;0;-360.176;0;;27.1;406
18.5;0;-23.379;0;-359.824;0;;27.2;406
18.5;0;-23.379;0;-359.121;0;;27.2;406
18.6;0;-23.379;0;-358.945;0;;27.3;410
18.7;0;-23.379;0;-359.473;0;;27.1;406
18.9;0;-23.379;0;-360;0;;27.2;406
19.1;0;-23.379;0;-360;0;;27.4;410
19.1;0;-23.379;0;-359.648;0;;27.1;406
19.2;0;-23.379;0;-359.121;0;;27.2;406
19.3;0;-23.379;0;-359.121;0;;27.2;406
19.4;0;-23.379;0;-359.648;0;;29.7;446
19.5;0;-23.379;0;-360;0;;28.3;422
19.5;0;-23.379;0;-359.824;0;;26.5;396
19.6;0;-23.379;0;-359.473;0;;26.8;404
19.8;0;-23.379;0;-359.121;0;;27.3;410
19.8;0;-23.379;0;-359.297;0;;27.2;406
19.9;0;-23.379;0;-359.648;0;;26.9;404
20.0;0;-23.379;0;-359.824;0;;26.9;404
20.1;0;-23.379;0;-359.648;0;;26.9;404
20.2;0;-23.379;0;-359.297;0;;27.3;410
20.3;0;-23.379;0;-359.297;0;;27.1;406
20.4;0;-23.379;0;-359.473;0;;27.2;406
20.5;0;-23.379;0;-359.648;0;;26.6;400
20.7;0;-23.379;0;-359.824;0;;26.8;404
20.8;0;-23.379;0;-359.648;0;;26.6;400
20.9;0;-23.379;0;-359.473;0;;27.4;410
21.0;0;-23.379;0;-359.297;0;;26.5;396
21.0;0;-23.379;0;-359.473;0;;27.5;412
21.2;0;-23.379;0;-359.648;0;;27.2;406
21.2;0;-23.379;0;-359.648;0;;27.2;406
21.3;0;-23.379;0;-359.648;0;;27;404
21.4;0;-23.379;0;-359.473;0;;27.1;406
21.5;0;-23.379;0;-359.473;0;;27.3;410
21.6;0;-23.379;0;-359.648;0;;27;404
21.7;0;-23.379;0;-359.648;0;;27.2;406
21.8;0;-23.379;0;-359.648;0;;27;404
21.9;0;-23.379;0;-359.648;0;;26.7;400
22.0;0;-23.379;0;-359.648;0;;26.9;404
22.1;0;-23.379;0;-359.648;0;;27.2;406
22.2;0;-23.379;0;-359.648;0;;27.2;406
22.4;0;-23.379;0;-359.648;0;;27.3;410
22.5;0;-23.379;0;-359.648;0;;27.1;406
22.5;0;-23.379;0;-359.648;0;;27;404
22.7;0;-23.379;0;-359.648;0;;26.8;404
22.9;0;-23.379;0;-359.648;0;;27.4;410
22.9;0;-23.379;0;-359.648;0;;27.6;412
23.0;0;-23.379;0;-359.648;0;;27.1;406
23.1;0;-23.379;0;-359.648;0;;27.1;406
23.1;0;-23.379;0;-359.648;0;;27.2;406
23.2;0;-23.379;0;-359.648;0;;27.3;410
23.3;0;-23.379;0;-359.648;0;;27;404
23.4;0;-23.379;0;-359.648;0;;27.1;406
23.5;0;-23.379;0;-359.648;0;;27.1;406
23.6;0;-23.379;0;-359.648;0;;28;420
23.8;0;-23.379;0;-359.648;0;;31;466
23.9;0;-23.379;0;-359.648;0;;27.1;406
24.0;0;-23.379;0;-359.648;0;;27.3;410
24.1;0;-23.379;0;-359.648;0;;27.2;406
24.2;0;-23.379;0;-359.648;0;;26.7;400
24.3;0;-23.379;0;-359.648;0;;27.2;406
24.3;0;-23.379;0;-359.648;0;;27.4;410
24.4;0;-23.379;0;-359.648;0;;26.9;404
24.5;0;-23.379;0;-359.648;0;;27.2;406
24.6;0;-23.379;0;-359.648;0;;27.2;406
24.8;0;-23.379;0;-359.648;0;;27.2;406
24.9;0;-23.379;0;-359.648;0;;26.9;404
25.0;0;-23.379;0;-359.648;0;;27;404
25.1;0;-23.379;0;-359.648;0;;27;404
25.2;0;-23.379;0;-359.648;0;;27.1;406
25.3;0;-23.379;0;-359.648;0;;26.8;404
25.3;0;-23.379;0;-359.648;0;;27.1;406
25.4;0;-23.379;0;-359.648;0;;27.1;406
25.5;0;-23.379;0;-359.648;0;;26.6;400
25.6;0;-23.379;0;-359.648;0;;27.1;406
25.7;0;-23.379;0;-359.648;0;;27;404
25.8;0;-23.379;0;-359.648;0;;27.2;406
25.9;0;-23.379;0;-359.648;0;;27.2;406
26.0;0;-23.379;0;-359.648;0;;26.9;404
26.2;0;-23.379;0;-359.648;0;;27.2;406
26.2;0;-23.379;0;-359.648;0;;27.5;412
26.3;0;-23.379;0;-359.648;0;;27.2;406
26.4;0;-23.379;0;-359.648;0;;27.5;412
26.5;0;-23.379;0;-359.648;0;;27;404
26.7;0;-23.379;0;-359.648;0;;27.2;406
26.7;0;-23.379;0;-359.648;0;;27.4;410
26.9;0;-23.379;0;-359.648;0;;27.1;406
26.9;0;-23.379;0;-359.648;0;;27.1;406
27.1;0;-23.379;0;-359.648;0;;26.9;404
27.1;0;-23.379;0;-359.648;0;;27.3;410
27.2;0;-23.379;0;-359.648;0;;27.1;406
27.3;0;-23.379;0;-359.648;0;;26.9;404
27.5;0;-23.379;0;-359.648;0;;26.9;404
27.6;0;-23.379;0;-359.648;0;;27;404
27.6;0;-23.379;0;-359.648;0;;27.1;406
27.8;0;-23.379;0;-359.648;0;;27.2;406
27.8;0;-23.379;0;-359.648;0;;27.6;412
27.9;0;-23.379;0;-359.648;0;;25.4;380
28.0;0;-23.379;0;-359.648;0;;27.5;412
28.1;0;-23.379;0;-359.648;0;;27.2;406
28.4;0;-23.379;0;-359.648;0;;27.2;406
28.4;0;-23.379;0;-359.648;0;;27.8;416
28.5;0;-23.379;0;-359.648;0;;27;404
28.6;0;-23.379;0;-359.648;0;;26.9;404
28.6;0;-23.379;0;-359.648;0;;27.1;406
28.7;0;-23.379;0;-359.648;0;;27.1;406
28.8;0;-23.379;0;-359.648;0;;27.1;406
29.0;0;-23.379;0;-359.648;0;;27.1;406
29.0;0;-23.379;0;-359.648;0;;27.4;410
29.1;0;-23.379;0;-359.648;0;;27;404
29.2;0;-23.379;0;-359.648;0;;26.6;400
29.3;0;-23.379;0;-359.648;0;;27;404
29.5;0;-23.379;0;-359.648;0;;27.3;410
29.5;0;-23.379;0;-359.648;0;;25.9;386
29.6;0;-23.379;0;-359.648;0;;27.4;410
29.7;0;-23.379;0;-359.648;0;;26.9;404
29.8;0;-23.379;0;-359.648;0;;26.6;400
29.9;0;-23.379;0;-359.648;0;;27.1;406
30.0;0;-23.379;0;-359.648;0;;27.3;410
30.1;0;-23.379;0;-359.648;0;;27.2;406
30.2;0;-23.379;0;-359.473;0;;26.9;404
30.3;0;-23.379;0;-359.473;0;;27.2;406
30.4;0;-23.379;0;-359.648;0;;27.3;410
30.5;0;-23.379;0;-359.648;0;;27.2;406
30.6;0;-23.379;0;-359.648;0;;27;404
30.7;0;-23.379;0;-359.473;0;;26.9;404
30.8;0;-24.609;0;-360.879;0;;27.1;406
31.0;0;-27.598;0;-362.461;0;;27.1;406
31.1;0;-27.422;0;-357.891;0;;27.1;406
31.1;0;-28.828;0;-356.836;0;;27.2;406
31.2;0;-31.816;0;-360;0;;26.8;404
31.4;0;-34.98;0;-362.813;0;;27.2;406
31.4;0;-39.199;0;-362.813;0;;27.2;406
31.5;0;-45.352;0;-361.23;0;;27.2;406
31.7;0;-51.152;0;-357.187;0;;26.8;404
31.7;0;-53.437;0;-351.914;0;;26.9;404
31.8;0;-55.195;0;-353.496;0;;27.4;410
31.9;0;-55.02;0;-358.945;0;;26.8;404
32.0;0;-50.801;0;-361.23;0;;27.4;410
32.1;0;-45.879;0;-362.285;0;;27;404
32.2;0;-45.352;0;-364.219;0;;31.1;466
32.3;0;-45;0;-360.703;0;;24.9;374
32.5;0;-43.77;0;-355.078;0;;26.8;404
32.6;0;-44.297;0;-355.781;0;;27.4;410
32.7;0;-44.473;0;-359.648;0;;27.2;406
32.8;0;-42.187;0;-361.055;0;;26.8;404
32.9;0;-39.727;0;-360.527;0;;26.9;404
33.0;0;-41.484;0;-362.461;0;;27.1;406
33.1;0;-42.891;0;-360.703;0;;27.3;410
33.2;0;-47.637;0;-360.703;0;;27.6;412
33.3;0;-54.316;0;-360.703;0;;27.4;410
33.4;0;-55.547;0;-354.023;0;;26.5;396
33.4;0;-57.48;0;-353.672;0;;26.9;404
33.6;0;-58.359;0;-358.418;0;;26.9;404
33.6;0;-57.48;0;-361.758;0;;26.9;404
33.8;0;-57.48;0;-362.988;0;;27.4;410
34.0;0;-56.602;0;-359.297;0;;27.1;406
34.1;0;-55.723;0;-355.078;0;;27.2;406
34.2;0;-55.371;0;-356.133;0;;27.4;410
34.2;0;-55.02;0;-360.352;0;;27.2;406
34.3;0;-53.262;0;-361.934;0;;26.9;404
34.4;0;-50.273;0;-359.648;0;;27.3;410
34.6;0;-50.801;0;-359.824;0;;26.8;404
34.6;0;-50.098;0;-358.418;0;;27.4;410
34.7;0;-49.922;0;-358.418;0;;26.9;404
34.9;0;-49.219;0;-358.77;0;;26.9;404
34.9;0;-47.812;0;-359.121;0;;27.1;406
35.0;0;-47.109;0;-360;0;;27.9;420
35.1;0;-47.109;0;-360.879;0;;27.2;406
35.1;0;-47.988;0;-360.703;0;;27.5;412
35.3;0;-49.395;0;-359.648;0;;26.9;404
35.3;0;-49.746;0;-357.012;0;;27.3;410
35.4;0;-49.746;0;-356.66;0;;27.2;406
35.5;0;-49.746;0;-358.945;0;;27.1;406
35.6;0;-49.746;0;-361.934;0;;27.2;406
35.7;0;-50.273;0;-362.461;0;;27.2;406
35.8;0;-50.273;0;-359.121;0;;27.3;410
35.9;0;-50.801;0;-356.484;0;;27.2;406
36.1;0;-51.855;0;-357.539;0;;27.2;406
36.2;0;-51.328;0;-358.945;0;;26.9;404
36.2;0;-51.504;0;-361.23;0;;27.1;406
36.4;0;-51.152;0;-361.23;0;;27.2;406
36.5;0;-50.801;0;-359.121;0;;28;420
36.6;0;-51.152;0;-357.891;0;;24.7;370
36.7;0;-51.152;0;-358.066;0;;27.3;410
36.7;0;-51.152;0;-359.473;0;;26.9;404
36.8;0;-51.152;0;-360.527;0;;27.1;406
37.0;0;0.176;0;-360.176;0;;27.4;410
37.1;0;0.176;0;-359.121;0;;27.3;410
37.2;0;-0.176;0;-358.418;0;;27.2;406
37.3;0;-0.176;0;-358.594;0;;26.9;404
37.3;0;-0.176;0;-359.297;0;;27.1;406
37.4;0;0.352;0;-359.473;0;;27.1;406
37.5;0;0.527;0;-359.824;0;;27.1;406
37.6;0;0.527;0;-359.824;0;;27.5;412
37.7;0;0.527;0;-359.121;0;;27.3;410
37.8;0;0.527;0;-358.77;0;;27.2;406
37.9;0;0.703;0;-358.945;0;;27.2;406
38.0;0;0.703;0;-359.473;0;;26.2;394
38.1;0;1.23;0;-359.473;0;;27.2;406
38.2;0;2.285;0;-358.77;0;;27.3;410
38.3;0;3.867;0;-358.066;0;;26.9;404
38.4;0;5.098;0;-359.121;0;;28.3;422
38.5;0;6.328;0;-360.352;0;;27.2;406
38.6;0;8.438;0;-359.648;0;;26.4;396
38.7;0;10.02;0;-358.945;0;;27.3;410
38.8;0;10.371;0;-359.824;0;;26.9;404
38.9;0;10.547;0;-360.352;0;;27.3;410
39.0;0;10.898;0;-359.648;0;;27;404
39.1;0;10.898;0;-358.945;0;;26.7;400
39.2;0;10.898;0;-358.594;0;;27;404
39.3;0;10.898;0;-359.121;0;;27.4;410
39.4;0;10.898;0;-359.824;0;;27.4;410
39.5;0;10.898;0;-360;0;;27.1;406
39.7;0;10.898;0;-359.473;0;;26.9;404
39.7;0;11.074;0;-358.945;0;;26.5;396
39.8;0;11.074;0;-358.945;0;;27.1;406
40.0;0;11.074;0;-359.297;0;;27.1;406
40.1;0;11.074;0;-359.824;0;;26.9;404
40.1;0;11.25;0;-359.824;0;;26.9;404
40.3;0;11.25;0;-359.297;0;;27.1;406
40.4;0;11.25;0;-358.945;0;;27.1;406
40.4;0;11.25;0;-358.945;0;;26.9;404
40.5;0;11.25;0;-359.297;0;;27.5;412
40.6;0;11.25;0;-359.648;0;;27.9;420
40.7;0;11.426;0;-359.648;0;;24.6;368
40.8;0;11.426;0;-359.297;0;;26.9;404
40.9;0;11.426;0;-359.121;0;;27.1;406
41.1;0;11.426;0;-359.297;0;;27.1;406
41.1;0;11.426;0;-359.297;0;;27.4;410
41.2;0;11.426;0;-359.473;0;;27.2;406
41.3;0;11.426;0;-359.473;0;;27.1;406
41.6;0;11.426;0;-359.297;0;;27.1;406
41.7;0;11.426;0;-359.297;0;;27.2;406
41.7;0;11.426;0;-359.297;0;;27.2;406
41.8;0;11.426;0;-359.297;0;;27.2;406
41.9;0;11.426;0;-359.473;0;;27.1;406
42.0;0;11.426;0;-359.297;0;;27.3;410
42.1;0;11.426;0;-359.297;0;;27.1;406
42.2;0;11.426;0;-359.297;0;;27.1;406
42.3;0;11.426;0;-359.297;0;;27.3;410
42.3;0;11.426;0;-359.297;0;;26.8;404
42.4;0;11.426;0;-359.297;0;;27.3;410
42.6;0;11.602;0;-359.297;0;;27.1;406
42.6;0;11.777;0;-359.121;0;;27.3;410
42.7;0;11.777;0;-359.297;0;;27.4;410
42.8;0;11.953;0;-359.297;0;;26.8;404
42.9;0;12.129;0;-359.473;0;;27.1;406
43.0;0;12.129;0;-359.473;0;;27.1;406
43.1;0;12.129;0;-359.473;0;;27.2;406
43.2;0;12.129;0;-359.297;0;;27.1;406
43.3;0;12.129;0;-359.297;0;;26.9;404
43.4;0;12.129;0;-359.297;0;;26.8;404
43.5;0;12.129;0;-359.297;0;;27.4;410
43.6;0;12.129;0;-359.473;0;;27.3;410
43.7;0;12.129;0;-359.297;0;;27;404
43.8;0;12.129;0;-359.297;0;;27.2;406
44.0;0;12.129;0;-359.297;0;;27.2;406
44.0;0;12.129;0;-359.297;0;;27.2;406
44.1;0;12.129;0;-359.297;0;;26.8;404
44.2;0;12.129;0;-359.297;0;;27.1;406
44.3;0;12.129;0;-359.297;0;;27.4;410
44.5;0;12.129;0;-359.297;0;;27.2;406
44.5;0;12.129;0;-359.297;0;;26.8;400
44.6;0;12.129;0;-359.297;0;;27.4;410
44.8;0;12.129;0;-359.297;0;;27.3;410
44.9;0;12.129;0;-359.297;0;;27.2;406
44.9;0;12.129;0;-359.297;0;;27.7;416
45.0;0;12.129;0;-359.297;0;;26.8;400
45.1;0;12.129;0;-359.297;0;;26.7;400
45.2;0;12.129;0;-359.297;0;;27.1;406
45.3;0;12.129;0;-359.297;0;;26.8;404
45.4;0;12.129;0;-359.297;0;;27.1;406
45.5;0;12.129;0;-359.297;0;;27;404
45.6;0;12.129;0;-359.297;0;;27.2;406
45.7;0;12.129;0;-359.297;0;;27.1;406
45.8;0;12.129;0;-359.297;0;;27.1;406
45.9;0;12.129;0;-359.297;0;;27.1;406
46.0;5;7.559;0;-363.867;50;;74.2;1102
46.1;5;-4.922;0;-370.898;50;;76;1128
46.2;5;-2.109;0;-351.211;-50;;67.7;1006
46.3;5;8.789;0;-331.875;-50;;67.9;1010
46.4;5;3.34;0;-355.781;50;;73;1082
46.5;5;-13.359;0;-393.398;50;;74.8;1108
46.6;5;-10.723;0;-379.512;-50;;65.7;976
46.8;5;17.227;0;-324.316;-50;;67;996
46.8;5;26.543;0;-316.582;50;;75.6;1120
46.9;5;3.516;0;-375.469;50;;70.7;1048
47.0;5;-12.656;0;-415.547;50;;75.1;1114
47.1;5;-7.734;0;-387.949;-50;;65.6;974
47.2;5;26.016;0;-312.012;-50;;66.7;990
47.3;5;34.453;0;-296.543;50;;76.2;1130
47.4;5;15.293;0;-354.902;50;;68.7;1020
47.5;5;-13.711;0;-425.039;50;;74.5;1104
47.7;5;-19.512;0;-423.457;-50;;69.2;1026
47.7;5;8.965;0;-344.18;-50;;62.3;928
47.8;5;28.652;0;-281.777;-50;;69;1026
47.9;5;31.992;0;-291.621;50;;75.2;1114
48.0;5;-1.934;0;-379.863;50;;67.9;1010
48.1;5;-21.973;0;-443.145;50;;74.9;1110
48.2;5;-24.961;0;-433.652;-50;;69.2;1026
48.4;5;9.844;0;-344.531;-50;;61;908
48.4;5;34.453;0;-271.758;-50;;68;1010
48.5;5;39.023;0;-272.109;-50;;68.8;1022
48.6;5;20.391;0;-348.574;50;;66.7;990
48.8;5;-13.184;0;-442.969;50;;74.9;1110
48.8;5;-15.645;0;-460.547;50;;75.6;1120
49.0;5;-10.02;0;-408.867;-50;;65.6;974
49.0;5;36.738;0;-295.312;-50;;68.1;1010
49.1;5;42.187;0;-251.719;50;;75.9;1124
49.2;5;42.363;0;-275.098;-50;;70.1;1038
49.3;5;7.207;0;-378.809;50;;68.6;1020
49.6;5;-13.535;0;-460.371;-50;;69.6;1032
49.6;5;-14.238;0;-471.445;50;;75.7;1120
49.8;5;-13.359;0;-414.844;-50;;66.7;990
49.9;5;31.641;0;-293.203;-50;;66.4;986
50.0;5;32.695;0;-240.117;50;;75.6;1120
50.0;5;30.586;0;-249.785;-50;;68.9;1022
50.1;5;18.457;0;-329.59;50;;68.4;1016
50.1;5;-24.258;0;-446.66;50;;74.5;1104
50.2;5;-22.324;0;-487.617;-50;;68.8;1022
50.4;5;-21.445;0;-469.688;50;;74.9;1110
50.5;5;-6.152;0;-381.797;-50;;60.3;898
50.6;5;33.574;0;-264.551;-50;;68.9;1022
50.7;5;29.18;0;-221.484;50;;74.5;1104
50.8;5;29.883;0;-233.789;-50;;68.1;1012
50.9;5;29.355;0;-309.023;50;;70.5;1046
51.0;5;-16.699;0;-439.98;50;;74.5;1104
51.0;5;-11.074;0;-500.273;-50;;67.6;1002
51.1;5;-0.703;0;-515.918;70;;119.2;1750
51.2;5;-7.383;0;-482.695;50;;74.2;1102
51.3;5;0.527;0;-388.125;-50;;62.1;924
51.4;5;38.32;0;-259.98;50;;75.8;1124
51.6;5;20.918;0;-199.863;50;;72.1;1068
51.6;4;-2.461;0;-163.652;0;;27.2;406
51.8;4;-14.414;0;-117.598;-100;;189.6;2730
51.8;4;21.094;0;-24.961;-100;;168.4;2438
52.0;4;97.91;0;105.996;-100;;182.3;2628
52.0;4;107.754;0;186.855;0;;27;404
52.2;4;106.699;0;290.039;0;;27.1;406
52.2;4;128.848;0;347.52;0;;27;404
52.5;4;108.457;0;326.074;0;;26.8;404
52.5;4;109.16;0;328.711;0;;27.1;406
52.6;4;116.191;0;334.688;0;;27;404
52.6;4;116.719;0;335.039;0;;27.4;410
52.8;4;116.543;0;334.863;0;;26.7;400
52.9;4;116.543;0;334.863;0;;27;404
53.0;4;116.543;0;334.863;0;;26.9;404
53.1;4;116.543;0;334.863;0;;27;404
53.2;4;116.543;0;334.863;0;;27.2;406
53.5;4;116.543;0;334.863;0;;27.1;406
53.6;4;116.543;0;334.863;0;;26.9;404
53.7;4;116.543;0;334.863;0;;25.3;380
53.7;4;116.543;0;334.863;0;;27.2;406
53.8;4;116.543;0;334.863;0;;24.3;364
53.8;4;116.543;0;334.863;0;;27;404
54.0;4;116.543;0;334.863;0;;27.1;406
54.1;4;116.543;0;334.863;0;;27;404
54.2;4;118.301;0;335.918;0;;27.3;410
54.3;4;121.465;0;338.203;0;;27;404
54.4;4;122.52;0;338.027;0;;28;420
54.5;4;113.379;0;315.352;0;;27.1;406
54.6;4;103.887;0;284.238;0;;26.9;404
54.6;4;84.199;0;277.91;0;;27.3;410
54.7;4;67.324;0;302.344;0;;26.7;400
54.7;4;60.996;0;331.523;0;;27.2;406
54.8;4;62.402;0;356.484;0;;27.3;410
54.9;4;65.039;0;372.832;0;;26.8;404
55.1;4;58.887;0;363.516;0;;27.5;412
55.2;4;55.02;0;352.617;0;;26.6;400
55.2;4;61.699;0;359.121;0;;26.7;400
55.3;4;68.027;0;366.152;0;;27.4;410
55.4;4;66.973;0;359.121;0;;27.1;406
55.6;4;66.797;0;353.848;0;;28.3;422
55.8;4;70.664;0;358.594;0;;27.5;412
55.8;4;71.895;0;361.934;0;;27;404
56.0;4;69.258;0;359.297;0;;26.9;404
56.0;4;68.027;0;358.066;0;;27;404
56.1;4;68.027;0;360.176;0;;27.2;406
56.1;4;67.852;0;361.23;0;;26.8;404
56.3;4;67.5;0;360.527;0;;26.7;400
56.3;4;67.5;0;359.297;0;;27.3;410
56.4;4;67.5;0;358.594;0;;26.9;404
56.5;4;67.676;0;359.297;0;;27;400
56.6;4;67.676;0;360.176;0;;27;404
56.8;4;67.676;0;360.352;0;;27;404
56.9;4;67.676;0;360;0;;27;404
56.9;0;67.5;0;359.297;0;;26.9;404
57.0;0;67.5;0;358.945;0;;26.9;404
57.1;0;67.5;0;359.473;0;;27;404
57.2;0;67.5;0;360;0;;27;404
57.3;0;67.5;0;360.176;0;;27.1;406
57.4;0;67.324;0;359.824;0;;26.8;404
57.6;0;67.324;0;359.473;0;;27.1;406
57.6;0;67.324;0;359.473;0;;27.3;410
57.7;0;67.324;0;359.648;0;;26.9;404
57.8;0;67.324;0;359.824;0;;25;374
57.9;0;67.324;0;359.824;0;;26.5;396
58.0;0;67.324;0;359.824;0;;27.1;406
58.1;0;67.324;0;359.648;0;;27.1;406
58.3;0;67.324;0;359.648;0;;27.2;406
58.4;0;67.324;0;359.648;0;;26.8;404
58.5;0;67.324;0;359.824;0;;27.4;410
58.6;0;67.324;0;359.824;0;;26.9;404
58.7;0;67.324;0;359.648;0;;26.9;404
58.8;0;67.324;0;359.648;0;;27.1;406
58.9;0;67.324;0;359.648;0;;27;404
59.0;0;67.324;0;359.648;0;;27.2;406
59.0;0;67.324;0;359.648;0;;26.9;404
59.1;0;67.324;0;359.648;0;;27.1;406
59.2;0;67.324;0;359.648;0;;27.2;406
59.3;0;67.324;0;359.648;0;;27.4;410
59.5;0;67.324;0;359.648;0;;27;404
59.6;0;67.324;0;359.648;0;;27.1;406
59.6;0;67.324;0;359.648;0;;27.3;410
59.7;0;67.324;0;359.648;0;;27.3;410
59.8;0;67.324;0;359.648;0;;27.1;406
60.0;0;67.324;0;359.648;0;;27.2;406
60.0;0;67.324;0;359.648;0;;27;404
60.1;0;67.324;0;359.648;0;;27.4;410
60.2;0;67.324;0;359.648;0;;27.1;406
60.3;0;67.324;0;359.648;0;;27;404
60.4;0;67.324;0;359.648;0;;27;404
60.6;0;67.324;0;359.648;0;;27.1;406
60.6;0;67.324;0;359.648;0;;27.4;410
60.7;0;67.324;0;359.648;0;;27;404
60.8;0;67.324;0;359.648;0;;27.1;406
61.0;0;67.324;0;359.648;0;;27.3;410
61.0;0;67.324;0;359.648;0;;26.8;404
61.1;0;67.324;0;359.648;0;;26.9;404
61.2;0;67.324;0;359.648;0;;27.1;406
61.3;0;67.324;0;359.648;0;;27;404
61.5;0;67.324;0;359.648;0;;27.2;406
61.6;0;67.324;0;359.648;0;;26.7;400
61.6;0;67.324;0;359.648;0;;27.2;406
61.8;0;67.324;0;359.648;0;;27.1;406
61.9;0;67.324;0;359.648;0;;27.2;406
62.0;0;67.324;0;359.648;0;;27.2;406
62.1;0;67.324;0;359.648;0;;27;404
62.1;0;67.324;0;359.648;0;;23.1;344
62.2;0;67.324;0;359.648;0;;27.1;406
62.4;0;67.324;0;359.648;0;;27.2;406
62.5;5;67.324;0;359.648;0;;26.9;404
62.5;5;59.766;0;352.617;50;;73.7;1092
62.6;5;46.758;0;347.871;70;;115.9;1700
62.7;5;45.879;0;367.383;-50;;68.1;1012
62.8;5;53.965;0;387.773;-50;;69.1;1026
62.9;5;47.461;0;365.801;50;;72.9;1082
63.0;5;28.477;0;326.777;50;;74.3;1102
63.1;5;29.707;0;338.555;-50;;66.9;992
63.3;5;56.953;0;393.926;-50;;66.5;986
63.4;5;65.391;0;402.012;50;;75.8;1124
63.5;5;42.187;0;344.18;50;;71.2;1056
63.5;5;26.016;0;305.508;50;;74.9;1110
63.7;5;30.937;0;333.457;-50;;64.8;964
63.7;5;63.633;0;407.109;-50;;67;996
63.8;5;70.84;0;419.941;50;;75.5;1118
63.9;5;47.988;0;358.066;50;;67.7;1006
64.0;5;21.621;0;294.258;50;;74.3;1102
64.1;5;16.699;0;301.641;-50;;68.9;1022
64.2;5;48.867;0;384.785;-50;;63.2;940
64.3;5;64.512;0;437.168;-50;;68.3;1012
64.4;5;64.16;0;417.832;50;;74;1098
64.5;5;23.027;0;324.492;50;;69.6;1032
64.6;5;7.559;0;276.68;50;;74.8;1108
64.8;5;5.801;0;299.883;-50;;68.3;1012
64.8;5;46.582;0;398.848;-50;;63.6;944
64.9;5;60.293;0;450.703;-50;;68.3;1012
65.0;5;62.227;0;431.719;50;;74.6;1104
65.1;5;22.676;0;333.457;50;;67.5;1002
65.2;5;4.043;0;268.418;50;;74.5;1104
65.3;5;0.176;0;275.098;-50;;69.6;1032
65.4;5;25.488;0;359.473;-50;;60.4;898
65.6;5;55.547;0;448.242;-50;;70;1038
65.6;5;56.953;0;461.602;-50;;69.1;1026
65.8;5;50.449;0;405.176;50;;71.4;1058
65.8;5;4.57;0;291.973;50;;73.7;1094
65.9;5;0;0;251.543;-50;;69.3;1028
66.0;5;-1.582;0;278.438;-50;;69;1022
66.1;5;36.035;0;385.84;-50;;62.7;930
66.2;5;53.086;0;463.711;50;;76.4;1130
66.3;5;52.031;0;472.676;-50;;71;1052
66.5;5;49.57;0;413.789;50;;69.5;1028
66.6;5;2.813;0;292.148;50;;73.5;1092
66.7;5;0.879;0;241.172;-50;;69.1;1026
66.7;5;2.813;0;252.07;50;;76.2;1130
66.8;5;17.051;0;333.105;-50;;62.5;930
66.9;5;59.59;0;448.945;-50;;68;1010
67.0;5;57.48;0;488.672;50;;74.9;1110
67.2;5;56.953;0;469.336;-50;;68.9;1022
67.3;5;40.078;0;379.16;50;;66.9;992
67.5;5;1.758;0;264.727;50;;74.9;1110
67.5;5;5.449;0;224.297;-50;;69;1026
67.6;5;3.34;0;240.82;50;;74.8;1108
67.6;5;8.262;0;322.031;-50;;63.2;940
67.7;5;50.625;0;449.121;-50;;68.7;1020
67.9;5;42.539;0;503.086;50;;73.9;1094
68.0;5;31.113;0;512.578;-50;;69.7;1036
68.1;5;34.629;0;471.27;-50;;69.7;1032
68.2;5;8.965;0;359.121;50;;63.7;948
68.2;5;-16.699;0;249.082;-50;;68.3;1012
68.3;5;-0.527;0;200.742;-50;;66.5;986
68.4;4;18.633;0;177.715;0;;27.1;406
68.5;4;37.793;0;150.645;0;;27.5;412
68.6;4;41.309;0;97.559;100;;201;2884
68.7;4;-26.367;0;-23.906;100;;175.9;2540
68.8;4;-79.102;0;-130.43;-6;;28.1;420
68.9;4;-105.996;0;-189.668;0;;27.1;406
69.1;4;-121.992;0;-274.219;0;;27.2;406
69.1;4;-131.66;0;-388.828;0;;26.8;404
69.3;4;-100.723;0;-449.297;0;;27.5;412
69.5;4;-60.82;0;-440.508;0;;27.1;406
69.5;4;6.504;0;-364.219;0;;27.4;410
69.6;4;74.707;0;-288.105;0;;27.2;406
69.6;4;101.074;0;-283.359;0;;26.7;400
69.7;4;93.691;0;-356.836;0;;27;404
69.8;4;77.871;0;-434.531;0;;27;404
69.9;4;82.441;0;-431.543;0;;26.6;400
70.0;4;95.977;0;-398.672;0;;26.8;404
70.2;4;110.391;0;-393.047;0;;27.1;406
70.3;4;110.391;0;-390.059;0;;27.1;406
70.3;4;110.215;0;-390.059;0;;27.2;406
70.4;4;110.215;0;-389.883;0;;27.1;406
70.5;4;110.215;0;-389.883;0;;28.3;422
70.6;4;110.215;0;-389.883;0;;24.6;368
70.8;4;110.215;0;-389.883;0;;22.5;338
70.9;4;110.215;0;-389.883;0;;26.4;396
70.9;0;110.215;0;-389.883;0;;26.9;404
71.0;0;110.215;0;-389.883;0;;27.2;406
71.2;0;110.215;0;-389.883;0;;27.1;406
71.4;0;110.215;0;-389.883;0;;27.2;406
71.4;0;110.215;0;-389.883;0;;27.1;406
71.5;0;110.215;0;-389.883;0;;27.1;406
71.5;0;110.215;0;-389.883;0;;26.9;404
71.6;0;110.215;0;-389.883;0;;26.7;400
71.7;0;110.215;0;-389.883;0;;27;404
71.8;0;110.215;0;-389.883;0;;27;404
72.0;0;110.215;0;-389.883;0;;26.9;404
72.1;0;110.215;0;-389.883;0;;27;404
72.2;0;110.215;0;-389.883;0;;27.4;410
72.3;0;110.215;0;-389.883;0;;26.7;400
72.5;0;110.215;0;-389.883;0;;27.2;406
72.5;0;110.566;0;-389.531;0;;27;404
72.6;0;107.93;0;-391.113;0;;26.1;390
72.7;0;97.383;0;-399.023;0;;26.6;400
72.7;0;97.559;0;-399.199;0;;26.4;396
72.8;0;94.922;0;-400.43;0;;27.1;406
72.9;0;85.254;0;-408.516;0;;27.1;406
73.0;0;74.707;0;-416.25;0;;27;404
73.1;0;74.004;0;-416.25;0;;26;390
73.3;0;72.246;0;-416.953;0;;27;404
73.3;0;71.543;0;-417.305;0;;26.1;390
73.4;0;67.324;0;-417.656;0;;27.8;416
73.5;0;46.055;0;-392.168;0;;27.5;412
73.6;0;49.219;0;-317.637;0;;27.1;406
73.7;0;38.496;0;-293.555;0;;27.2;406
73.9;0;24.434;0;-331.523;0;;27.4;410
73.9;0;4.922;0;-395.508;0;;27.5;412
74.0;0;22.852;0;-392.871;0;;27;404
74.2;0;52.91;0;-351.211;0;;27;404
74.2;0;59.941;0;-340.488;0;;27.1;406
74.3;0;47.461;0;-367.91;0;;27.5;412
74.5;0;43.594;0;-379.512;0;;27.6;412
74.6;0;55.371;0;-356.133;0;;27;404
74.6;0;59.414;0;-344.531;0;;27;404
74.8;0;47.285;0;-363.867;0;;26.8;404
74.9;0;40.957;0;-373.711;0;;27.7;416
75.0;0;48.164;0;-356.309;0;;24.1;360
75.0;0;50.273;0;-347.871;0;;27;404
75.2;0;41.66;0;-362.109;0;;27.2;406
75.2;0;38.32;0;-368.965;0;;27;404
75.3;0;45;0;-356.836;0;;27.1;406
75.5;0;47.109;0;-352.09;0;;27;404
75.6;0;42.363;0;-362.461;0;;27.1;406
75.7;0;42.012;0;-365.625;0;;27.5;412
75.8;0;46.934;0;-357.715;0;;27.2;406
75.8;0;47.637;0;-356.133;0;;27.2;406
76.0;0;44.824;0;-362.109;0;;27.1;406
76.1;0;45;0;-362.637;0;;27.3;410
76.2;0;46.758;0;-358.945;0;;26.9;404
76.3;0;46.23;0;-358.418;0;;27;404
76.3;0;45;0;-360.176;0;;27.3;410
76.5;0;45;0;-360.527;0;;27.2;406
76.5;0;45;0;-360.176;0;;26.7;400
76.6;0;45;0;-359.648;0;;27.4;410
76.7;0;45;0;-359.297;0;;27.1;406
76.8;0;45;0;-359.648;0;;27.3;410
76.9;0;45;0;-356.484;0;;27.1;406
77.1;0;42.012;0;-354.375;0;;27.2;406
77.1;0;37.793;0;-359.473;0;;26.4;394
77.2;0;37.09;0;-359.121;0;;27.2;406
77.3;0;37.969;0;-358.066;0;;27.1;406
77.4;0;38.145;0;-360;0;;26.8;400
77.6;0;38.496;0;-361.055;0;;27.1;406
77.7;0;40.254;0;-359.473;0;;27.5;412
77.9;0;41.133;0;-357.012;0;;27;404
78.0;0;39.902;0;-357.012;0;;26.9;404
78.2;0;38.672;0;-360.176;0;;26.9;404
78.2;0;39.375;0;-360.703;0;;27.2;406
78.3;0;40.781;0;-359.648;0;;27.1;406
78.5;0;41.133;0;-359.648;0;;26.8;400
78.7;0;41.133;0;-360.176;0;;27.3;410
78.8;0;41.133;0;-360.352;0;;26.9;404
78.8;0;41.133;0;-359.824;0;;25.4;380
78.9;0;41.133;0;-359.297;0;;27.2;406
79.0;0;41.133;0;-359.297;0;;27;404
79.0;0;41.133;0;-359.824;0;;26.9;404
79.2;0;41.133;0;-360.176;0;;28.3;422
79.2;0;41.133;0;-360.176;0;;27.6;412
79.5;0;41.133;0;-359.648;0;;27.9;416
79.6;0;41.133;0;-359.297;0;;24.2;360
79.7;0;41.133;0;-359.473;0;;27.1;406
79.7;0;41.133;0;-359.824;0;;27.7;416
79.8;0;41.133;0;-360;0;;27.1;406
79.9;0;41.133;0;-360;0;;26.8;400
80.0;0;41.133;0;-359.648;0;;26.9;404
80.1;0;41.133;0;-359.473;0;;27.1;406
80.1;0;41.133;0;-359.648;0;;26.9;404
80.2;0;41.133;0;-360;0;;27.2;406
80.3;0;41.133;0;-360;0;;26.1;390
80.4;0;41.133;0;-359.824;0;;27.4;410
80.5;0;41.133;0;-359.648;0;;26.8;400
80.5;0;41.133;0;-359.648;0;;27.2;406
80.6;0;41.133;0;-359.824;0;;27.1;406
80.6;0;41.133;0;-359.824;0;;27.2;406
80.7;0;41.133;0;-359.824;0;;27.1;406
80.8;0;41.133;0;-359.824;0;;26.8;400
80.9;0;41.133;0;-359.648;0;;27.3;410
81.0;0;41.133;0;-359.648;0;;27;404
81.1;0;41.133;0;-359.824;0;;26.6;400
81.3;0;41.133;0;-359.824;0;;26.9;404
81.3;0;41.133;0;-359.824;0;;27.1;406
81.4;0;41.133;0;-359.824;0;;27;404
81.5;0;41.133;0;-359.824;0;;27.3;410
81.6;0;41.133;0;-359.824;0;;27;404
81.8;0;41.133;0;-359.824;0;;26.8;400
81.8;0;41.133;0;-359.824;0;;27.1;406
81.9;0;41.133;0;-359.824;0;;27.2;406
82.0;0;41.133;0;-359.824;0;;27.1;406
82.1;0;41.133;0;-359.824;0;;27.2;406
82.3;0;41.133;0;-359.824;0;;27.3;410
82.3;0;41.133;0;-359.824;0;;27.3;410
82.5;0;41.133;0;-359.824;0;;27;404
82.7;0;41.133;0;-359.824;0;;27;404
82.8;0;41.133;0;-359.824;0;;27.3;410
82.8;0;41.133;0;-359.824;0;;27.1;406
83.0;0;41.133;0;-359.824;0;;27.1;406
83.0;0;41.133;0;-359.824;0;;27;404
83.2;0;41.133;0;-359.824;0;;26.8;400
83.3;0;41.133;0;-359.824;0;;26.9;404
83.4;0;41.133;0;-359.824;0;;27.4;410
83.5;0;41.133;0;-359.824;0;;27.4;410
83.6;0;41.133;0;-359.824;0;;30.5;456
83.7;0;41.133;0;-359.824;0;;26.8;400
83.7;0;41.133;0;-359.824;0;;26.8;400
83.8;0;41.133;0;-359.824;0;;27;404
83.8;0;41.133;0;-359.824;0;;26.9;404
84.0;0;41.133;0;-359.824;0;;27.1;406
84.1;0;41.133;0;-359.824;0;;27.2;406
84.1;0;41.133;0;-359.824;0;;27.1;406
84.2;0;41.133;0;-359.824;0;;27;404
84.3;0;41.133;0;-359.824;0;;27;404
84.4;0;41.133;0;-359.824;0;;27.2;406
84.5;0;41.133;0;-359.824;0;;26.9;404
84.7;0;41.133;0;-359.824;0;;26.9;404
84.7;0;41.133;0;-359.824;0;;27.1;406
84.9;0;41.133;0;-359.824;0;;27.5;412
84.9;0;41.133;0;-359.824;0;;27.1;406
85.0;0;41.133;0;-359.824;0;;27.5;412
85.1;0;41.133;0;-359.824;0;;27.1;406
85.2;0;41.133;0;-359.824;0;;27.2;406
85.3;0;41.133;0;-359.824;0;;27.2;406
85.4;0;41.133;0;-359.824;0;;26.8;400
85.5;0;41.133;0;-359.824;0;;27.1;406
85.6;0;41.133;0;-359.824;0;;27.2;406
85.8;0;41.133;0;-359.824;0;;27;404
85.8;0;41.133;0;-359.824;0;;27.1;406
85.9;0;41.133;0;-359.824;0;;27.1;406
86.0;0;41.133;0;-359.824;0;;27;404
86.1;0;41.133;0;-359.824;0;;26.9;404
86.2;0;41.133;0;-359.824;0;;27.1;406
86.4;0;41.133;0;-359.824;0;;27.2;406
86.5;0;41.133;0;-359.824;0;;26.8;400
86.5;0;41.133;0;-359.824;0;;27.2;406
86.6;0;41.133;0;-359.824;0;;27.2;406
86.7;0;41.133;0;-359.824;0;;27;404
86.8;0;41.133;0;-359.824;0;;27.1;406
86.9;0;41.133;0;-359.824;0;;27.2;406
87.1;0;41.133;0;-359.824;0;;27;404
87.2;0;41.133;0;-359.824;0;;27;404
87.2;0;41.133;0;-359.824;0;;27.2;406
87.4;0;41.133;0;-359.824;0;;27.1;406
87.5;0;41.133;0;-359.824;0;;27.4;410
87.5;0;41.133;0;-359.824;0;;28;420
87.7;0;41.133;0;-359.824;0;;27.9;416
87.7;0;41.133;0;-359.824;0;;27.3;410
87.8;0;41.133;0;-359.824;0;;27.2;406
88.0;0;41.133;0;-359.824;0;;27.2;406
88.1;0;41.133;0;-359.824;0;;27.4;410
88.2;0;41.133;0;-359.824;0;;27.1;406
88.3;0;41.133;0;-359.824;0;;27;404
88.3;0;41.133;0;-359.824;0;;27.4;410
88.4;0;41.133;0;-359.824;0;;27;404
88.6;0;41.133;0;-359.824;0;;27.2;406
88.7;0;41.133;0;-359.824;0;;27.3;410
88.8;0;41.133;0;-359.648;0;;27;404
88.8;0;41.133;0;-359.824;0;;26.9;404
88.9;0;41.133;0;-359.824;0;;27.4;410
89.0;0;41.133;0;-359.824;0;;27.2;406
89.2;0;41.133;0;-359.824;0;;27.3;410
89.2;0;41.133;0;-359.824;0;;27.1;406
89.3;0;41.133;0;-359.824;0;;26.9;404
89.4;0;41.133;0;-359.824;0;;27.2;406
89.5;0;41.133;0;-359.824;0;;27;404
89.6;0;41.133;0;-359.824;0;;27.2;406
89.7;0;41.133;0;-359.824;0;;27.2;406
89.8;0;41.133;0;-359.824;0;;27.1;406
89.9;0;41.133;0;-359.824;0;;27.1;406
90.0;0;41.133;0;-359.824;0;;27;404
90.1;0;41.133;0;-359.824;0;;27.1;406
90.3;0;41.133;0;-359.824;0;;24.4;364
90.5;0;41.133;0;-359.824;0;;27.1;406
90.5;0;41.133;0;-359.824;0;;26.8;400
90.6;0;41.133;0;-359.824;0;;26.9;404
90.6;0;41.133;0;-359.824;0;;27.2;406
90.7;0;41.133;0;-359.824;0;;27.3;410
90.8;0;41.133;0;-359.824;0;;27.1;406
91.0;0;41.133;0;-359.824;0;;27.1;406
91.1;0;41.133;0;-359.824;0;;27;404
91.1;0;41.133;0;-359.824;0;;27.2;406
91.2;0;41.133;0;-359.824;0;;27.1;406
91.3;0;41.133;0;-359.824;0;;27;404
91.4;0;41.133;0;-359.824;0;;26.9;404
91.5;0;41.133;0;-359.824;0;;27.1;406
91.7;0;41.133;0;-359.824;0;;27;404
91.7;0;41.133;0;-359.824;0;;27.2;406
91.8;0;41.133;0;-359.824;0;;27.4;410
91.9;0;41.133;0;-359.824;0;;29.7;446
92.0;0;41.133;0;-359.824;0;;26.9;404
92.1;0;41.133;0;-359.824;0;;26.5;396
92.2;0;41.133;0;-359.824;0;;27.1;406
92.4;0;41.133;0;-359.824;0;;27.3;410
92.5;0;41.133;0;-359.824;0;;27.4;410
92.5;0;41.133;0;-359.824;0;;26.7;400
92.6;0;41.133;0;-359.824;0;;27.1;406
92.7;0;41.133;0;-359.824;0;;27;404
92.9;0;41.133;0;-359.824;0;;27.4;410
93.0;0;41.133;0;-359.824;0;;26.7;400
93.1;0;41.133;0;-359.824;0;;27;404
93.2;0;41.133;0;-359.824;0;;27.7;416
93.3;0;41.133;0;-359.824;0;;27.4;410
93.3;0;41.133;0;-359.824;0;;27.1;406
93.5;0;41.133;0;-359.824;0;;27.3;410
93.5;0;41.133;0;-359.824;0;;28;420
93.6;0;41.133;0;-359.824;0;;26.5;396
93.7;0;41.133;0;-359.824;0;;27.1;406
93.8;0;41.133;0;-359.824;0;;27.3;410
93.9;0;41.133;0;-359.824;0;;27.2;406
94.0;0;41.133;0;-359.824;0;;27.1;406
94.1;0;41.133;0;-359.824;0;;27;404
94.2;0;41.133;0;-359.824;0;;27.2;406
94.3;0;41.133;0;-359.824;0;;27.1;406
94.4;0;41.133;0;-359.824;0;;27.2;406
94.5;0;41.133;0;-359.824;0;;27.3;410
94.6;0;41.133;0;-359.824;0;;26.8;400
94.7;0;41.133;0;-359.824;0;;26.8;400
94.8;0;41.133;0;-359.824;0;;27.3;410
94.9;0;41.133;0;-359.824;0;;27.2;406
95.0;0;41.133;0;-359.824;0;;27.1;406
95.1;0;41.133;0;-359.824;0;;27.1;406
95.2;0;41.133;0;-359.824;0;;27.4;410
95.3;0;41.133;0;-359.824;0;;27.1;406
95.4;0;41.133;0;-359.824;0;;27.1;406
95.5;0;41.133;0;-359.824;0;;27.3;410
95.6;0;41.133;0;-359.824;0;;27;404
95.7;0;41.133;0;-359.824;0;;27.3;410
95.8;0;41.133;0;-359.824;0;;27.1;406
95.9;0;41.133;0;-359.824;0;;27.2;406
96.0;0;41.133;0;-359.824;0;;26.6;396
96.1;0;41.133;0;-359.824;0;;27.8;416
96.3;0;41.133;0;-359.824;0;;30.7;458
