t_s,servo_position_deg,servo_setpoint_deg,servo_error_deg,pend_position_deg,pend_setpoint_deg,pend_error_deg,pwm,current_ma,voltage_v,power_mw
1300.8045,1.0550,0.0000,-1.0550,2.9880,0.0000,-2.9880,0.0000,27.3000,14.9920,410.0000
1300.9717,1.0550,0.0000,-1.0550,2.8130,0.0000,-2.8130,0.0000,27.3000,14.9880,410.0000
1301.1547,1.0550,0.0000,-1.0550,2.6370,0.0000,-2.6370,0.0000,26.9000,14.9960,404.0000
1301.3410,1.0550,0.0000,-1.0550,2.8130,0.0000,-2.8130,0.0000,26.3000,14.9920,394.0000
1301.5323,1.0550,0.0000,-1.0550,2.8130,0.0000,-2.8130,0.0000,27.3000,14.9920,410.0000
1301.7349,1.0550,0.0000,-1.0550,2.8130,0.0000,-2.8130,0.0000,27.3000,14.9920,410.0000
1301.9113,1.0550,0.0000,-1.0550,2.8130,0.0000,-2.8130,0.0000,27.2000,14.9920,406.0000
1302.1251,1.0550,0.0000,-1.0550,2.8130,0.0000,-2.8130,0.0000,27.6000,14.9880,412.0000
1302.3256,1.0550,0.0000,-1.0550,2.8130,0.0000,-2.8130,0.0000,27.1000,14.9920,406.0000
1302.4965,1.0550,0.0000,-1.0550,2.8130,0.0000,-2.8130,0.0000,28.1000,14.9880,422.0000
1302.6849,1.0550,0.0000,-1.0550,2.8130,0.0000,-2.8130,0.0000,24.7000,14.9720,370.0000
1302.8865,1.0550,0.0000,-1.0550,2.8130,0.0000,-2.8130,0.0000,27.4000,14.9920,410.0000
1303.0415,1.0550,0.0000,-1.0550,2.8130,0.0000,-2.8130,0.0000,27.4000,14.9960,410.0000
1303.2431,1.0550,0.0000,-1.0550,2.8130,0.0000,-2.8130,0.0000,27.2000,14.9920,406.0000
1303.4306,1.0550,0.0000,-1.0550,2.8130,0.0000,-2.8130,0.0000,27.3000,14.9920,410.0000
1303.6182,1.0550,0.0000,-1.0550,2.8130,0.0000,-2.8130,0.0000,27.3000,14.9920,410.0000
1303.8283,1.0550,0.0000,-1.0550,2.8130,0.0000,-2.8130,0.0000,27.6000,14.9880,412.0000
1303.9879,1.0550,0.0000,-1.0550,2.8130,0.0000,-2.8130,0.0000,27.2000,14.9920,406.0000
1304.1724,1.0550,0.0000,-1.0550,2.8130,0.0000,-2.8130,0.0000,27.1000,14.9920,406.0000
1304.3723,1.0550,0.0000,-1.0550,2.8130,0.0000,-2.8130,0.0000,26.9000,14.9920,404.0000
1304.5516,1.0550,0.0000,-1.0550,2.8130,0.0000,-2.8130,0.0000,27.0000,14.9920,406.0000
1304.7415,1.0550,0.0000,-1.0550,2.8130,0.0000,-2.8130,0.0000,27.1000,14.9920,406.0000
1304.9153,1.0550,0.0000,-1.0550,2.8130,0.0000,-2.8130,0.0000,27.2000,14.9920,406.0000
1305.1156,1.0550,0.0000,-1.0550,2.8130,0.0000,-2.8130,0.0000,27.5000,14.9920,412.0000
1305.2848,1.0550,0.0000,-1.0550,2.8130,0.0000,-2.8130,0.0000,27.3000,14.9920,410.0000
1305.4718,1.0550,0.0000,-1.0550,2.8130,0.0000,-2.8130,0.0000,27.0000,14.9920,406.0000
1305.7105,1.0550,0.0000,-1.0550,2.8130,0.0000,-2.8130,0.0000,27.3000,14.9920,410.0000
1305.9063,1.0550,0.0000,-1.0550,2.8130,0.0000,-2.8130,0.0000,27.6000,14.9920,412.0000
1306.0975,1.0550,0.0000,-1.0550,2.8130,0.0000,-2.8130,0.0000,27.2000,14.9920,406.0000
1306.2994,1.0550,0.0000,-1.0550,2.8130,0.0000,-2.8130,0.0000,27.1000,14.9920,406.0000
1306.4999,1.0550,0.0000,-1.0550,2.8130,0.0000,-2.8130,0.0000,27.2000,14.9880,406.0000
1306.7607,1.0550,0.0000,-1.0550,2.8130,0.0000,-2.8130,0.0000,27.3000,14.9960,410.0000
1306.9552,1.0550,0.0000,-1.0550,2.8130,0.0000,-2.8130,0.0000,27.2000,14.9880,406.0000
1307.1896,1.0550,0.0000,-1.0550,2.8130,0.0000,-2.8130,0.0000,27.6000,14.9920,412.0000
1307.4259,1.0550,0.0000,-1.0550,2.8130,0.0000,-2.8130,0.0000,27.2000,14.9920,406.0000
1307.6468,1.0550,0.0000,-1.0550,2.8130,0.0000,-2.8130,0.0000,27.3000,14.9920,410.0000
1307.8606,1.0550,0.0000,-1.0550,2.8130,0.0000,-2.8130,0.0000,27.0000,14.9920,406.0000
1308.0692,1.0550,0.0000,-1.0550,2.8130,0.0000,-2.8130,0.0000,27.5000,14.9880,412.0000
1308.2813,1.0550,0.0000,-1.0550,2.8130,0.0000,-2.8130,0.0000,27.3000,14.9920,410.0000
1308.4850,1.0550,0.0000,-1.0550,2.8130,0.0000,-2.8130,0.0000,27.5000,14.9880,412.0000
1308.7057,1.0550,0.0000,-1.0550,2.8130,0.0000,-2.8130,0.0000,27.2000,14.9920,406.0000
1308.9183,1.0550,0.0000,-1.0550,2.8130,0.0000,-2.8130,0.0000,27.2000,14.9920,406.0000
1309.1478,1.0550,0.0000,-1.0550,2.8130,0.0000,-2.8130,0.0000,27.4000,14.9880,410.0000
1309.4075,1.0550,0.0000,-1.0550,2.8130,0.0000,-2.8130,0.0000,27.3000,14.9920,410.0000
1309.5590,1.0550,0.0000,-1.0550,2.8130,0.0000,-2.8130,0.0000,27.0000,14.9920,406.0000
1309.7192,1.0550,0.0000,-1.0550,2.8130,0.0000,-2.8130,0.0000,27.2000,14.9920,406.0000
1309.9079,1.0550,0.0000,-1.0550,2.8130,0.0000,-2.8130,0.0000,27.4000,14.9880,410.0000
1310.1449,1.0550,0.0000,-1.0550,2.8130,0.0000,-2.8130,0.0000,27.2000,14.9920,406.0000
1310.2589,1.0550,0.0000,-1.0550,2.8130,0.0000,-2.8130,0.0000,27.4000,14.9880,410.0000
1310.4420,1.0550,0.0000,-1.0550,2.8130,0.0000,-2.8130,0.0000,27.4000,14.9920,410.0000
1310.6137,1.0550,0.0000,-1.0550,2.8130,0.0000,-2.8130,0.0000,27.4000,14.9920,410.0000
1310.7898,1.0550,0.0000,-1.0550,2.8130,0.0000,-2.8130,0.0000,27.4000,14.9920,410.0000
1310.9581,1.0550,0.0000,-1.0550,2.8130,0.0000,-2.8130,0.0000,27.4000,14.9920,410.0000
1311.1435,1.0550,0.0000,-1.0550,2.8130,0.0000,-2.8130,0.0000,27.2000,14.9880,406.0000
1311.3380,1.0550,0.0000,-1.0550,2.8130,0.0000,-2.8130,0.0000,27.2000,14.9920,406.0000
1311.5069,1.0550,0.0000,-1.0550,2.8130,0.0000,-2.8130,0.0000,27.5000,14.9920,412.0000
1311.7090,1.0550,0.0000,-1.0550,2.8130,0.0000,-2.8130,0.0000,27.0000,14.9920,406.0000
1311.8599,1.0550,0.0000,-1.0550,2.8130,0.0000,-2.8130,0.0000,27.7000,14.9920,416.0000
1312.0322,1.0550,0.0000,-1.0550,2.8130,0.0000,-2.8130,0.0000,27.0000,14.9880,406.0000
1312.2047,1.0550,0.0000,-1.0550,2.8130,0.0000,-2.8130,0.0000,27.0000,14.9920,406.0000
1312.3760,1.0550,0.0000,-1.0550,2.8130,0.0000,-2.8130,0.0000,27.4000,14.9920,410.0000
1312.5460,1.0550,0.0000,-1.0550,2.8130,0.0000,-2.8130,0.0000,27.5000,14.9920,412.0000
1312.7407,1.0550,0.0000,-1.0550,2.8130,0.0000,-2.8130,0.0000,27.3000,14.9920,410.0000
1312.9327,1.0550,0.0000,-1.0550,2.8130,0.0000,-2.8130,0.0000,27.3000,14.9880,410.0000
1313.0734,1.0550,0.0000,-1.0550,2.8130,0.0000,-2.8130,0.0000,27.2000,14.9880,406.0000
1313.2650,1.0550,0.0000,-1.0550,2.8130,0.0000,-2.8130,0.0000,27.1000,14.9880,406.0000
1313.4483,1.0550,0.0000,-1.0550,2.8130,0.0000,-2.8130,0.0000,27.2000,14.9920,406.0000
1313.6405,1.0550,0.0000,-1.0550,2.8130,0.0000,-2.8130,0.0000,27.4000,14.9600,410.0000
1313.8099,1.0550,0.0000,-1.0550,2.8130,0.0000,-2.8130,0.0000,26.9000,14.9880,404.0000
1313.9574,1.0550,0.0000,-1.0550,2.8130,0.0000,-2.8130,0.0000,26.9000,14.9920,404.0000
1314.1394,1.0550,0.0000,-1.0550,2.8130,0.0000,-2.8130,0.0000,27.4000,14.9920,410.0000
1314.3281,1.0550,0.0000,-1.0550,2.8130,0.0000,-2.8130,0.0000,27.1000,14.9920,406.0000
1314.5136,1.0550,0.0000,-1.0550,2.8130,0.0000,-2.8130,0.0000,27.2000,14.9920,406.0000
1314.6842,1.0550,0.0000,-1.0550,2.8130,0.0000,-2.8130,0.0000,27.2000,14.9960,406.0000
1314.9155,1.0550,0.0000,-1.0550,2.8130,0.0000,-2.8130,0.0000,27.2000,14.9920,406.0000
1315.0743,1.0550,0.0000,-1.0550,2.8130,0.0000,-2.8130,0.0000,27.2000,14.9920,406.0000
1315.2677,1.0550,0.0000,-1.0550,2.8130,0.0000,-2.8130,0.0000,27.2000,14.9880,406.0000
1315.4594,1.0550,0.0000,-1.0550,2.8130,0.0000,-2.8130,0.0000,26.8000,14.9920,404.0000
1315.6621,1.0550,0.0000,-1.0550,2.8130,0.0000,-2.8130,0.0000,27.0000,14.9920,406.0000
1315.8441,1.0550,0.0000,-1.0550,2.8130,0.0000,-2.8130,0.0000,27.4000,14.9920,410.0000
1316.0270,1.0550,0.0000,-1.0550,2.8130,0.0000,-2.8130,0.0000,27.3000,14.9880,410.0000
1316.2023,1.0550,0.0000,-1.0550,2.8130,0.0000,-2.8130,0.0000,27.5000,14.9880,412.0000
1316.3873,1.0550,0.0000,-1.0550,2.8130,0.0000,-2.8130,0.0000,27.3000,14.9920,410.0000
1316.5633,1.0550,0.0000,-1.0550,2.8130,0.0000,-2.8130,0.0000,27.1000,14.9960,406.0000
1316.7976,1.0550,0.0000,-1.0550,2.8130,0.0000,-2.8130,0.0000,27.2000,14.9920,406.0000
1316.9899,1.0550,0.0000,-1.0550,2.8130,0.0000,-2.8130,0.0000,27.3000,14.9920,410.0000
1317.1845,1.0550,0.0000,-1.0550,2.6370,0.0000,-2.6370,0.0000,27.2000,14.9920,406.0000
1317.3991,1.0550,0.0000,-1.0550,2.8130,0.0000,-2.8130,0.0000,27.3000,14.9880,410.0000
1317.6147,1.0550,0.0000,-1.0550,2.8130,0.0000,-2.8130,0.0000,27.1000,14.9880,406.0000
1317.8442,1.0550,0.0000,-1.0550,2.6370,0.0000,-2.6370,0.0000,27.0000,14.9920,406.0000
1318.0658,1.0550,0.0000,-1.0550,2.8130,0.0000,-2.8130,0.0000,27.3000,14.9880,410.0000
1318.2816,1.0550,0.0000,-1.0550,2.8130,0.0000,-2.8130,0.0000,27.1000,14.9880,406.0000
1318.5117,1.0550,0.0000,-1.0550,2.8130,0.0000,-2.8130,0.0000,27.0000,14.9880,406.0000
1318.8933,1.0550,0.0000,-1.0550,2.8130,0.0000,-2.8130,0.0000,27.1000,14.9920,406.0000
1319.0952,1.0550,0.0000,-1.0550,2.8130,0.0000,-2.8130,0.0000,27.0000,14.9880,406.0000
1319.3147,1.0550,0.0000,-1.0550,2.8130,0.0000,-2.8130,0.0000,27.0000,14.9920,406.0000
1319.5250,1.0550,0.0000,-1.0550,2.8130,0.0000,-2.8130,0.0000,27.2000,14.9880,406.0000
1319.7523,1.0550,0.0000,-1.0550,2.8130,0.0000,-2.8130,0.0000,27.2000,14.9880,406.0000
1319.9698,1.0550,0.0000,-1.0550,2.8130,0.0000,-2.8130,0.0000,27.2000,14.9920,406.0000
1320.2333,1.0550,0.0000,-1.0550,2.8130,0.0000,-2.8130,0.0000,27.2000,14.9880,406.0000
1320.4120,1.0550,0.0000,-1.0550,2.8130,0.0000,-2.8130,0.0000,27.4000,14.9920,410.0000
1320.6275,1.0550,0.0000,-1.0550,2.8130,0.0000,-2.8130,0.0000,27.5000,14.9920,412.0000
1320.8494,1.0550,0.0000,-1.0550,2.8130,0.0000,-2.8130,0.0000,27.5000,14.9920,412.0000
1321.0512,1.0550,0.0000,-1.0550,2.8130,0.0000,-2.8130,0.0000,27.0000,14.9920,406.0000
1321.2981,1.0550,0.0000,-1.0550,2.8130,0.0000,-2.8130,0.0000,27.2000,14.9880,406.0000
1321.5116,1.0550,0.0000,-1.0550,2.8130,0.0000,-2.8130,0.0000,27.2000,14.9920,406.0000
1321.6951,1.0550,0.0000,-1.0550,2.8130,0.0000,-2.8130,0.0000,27.6000,14.9880,412.0000
1321.9848,1.0550,0.0000,-1.0550,2.8130,0.0000,-2.8130,0.0000,27.1000,14.9920,406.0000
1322.1873,1.0550,0.0000,-1.0550,2.8130,0.0000,-2.8130,0.0000,27.4000,14.9880,410.0000
1322.3724,1.0550,0.0000,-1.0550,2.8130,0.0000,-2.8130,0.0000,27.1000,14.9920,406.0000
1322.5667,1.0550,0.0000,-1.0550,2.8130,0.0000,-2.8130,0.0000,27.1000,14.9920,406.0000
1322.7536,1.0550,0.0000,-1.0550,2.8130,0.0000,-2.8130,0.0000,27.5000,14.9880,412.0000
1322.9617,1.0550,0.0000,-1.0550,2.8130,0.0000,-2.8130,0.0000,27.3000,14.9920,410.0000
1323.1454,1.0550,0.0000,-1.0550,2.8130,0.0000,-2.8130,0.0000,27.5000,14.9880,412.0000
1323.3198,1.0550,0.0000,-1.0550,2.8130,0.0000,-2.8130,0.0000,27.3000,14.9920,410.0000
1323.5041,1.0550,0.0000,-1.0550,2.8130,0.0000,-2.8130,0.0000,27.1000,14.9920,406.0000
1323.6762,1.0550,0.0000,-1.0550,2.8130,0.0000,-2.8130,0.0000,27.1000,14.9920,406.0000
1323.8787,1.0550,0.0000,-1.0550,2.8130,0.0000,-2.8130,0.0000,27.4000,14.9920,410.0000
1324.0743,1.0550,0.0000,-1.0550,2.8130,0.0000,-2.8130,0.0000,27.6000,14.9880,412.0000
1324.2534,1.0550,0.0000,-1.0550,2.8130,0.0000,-2.8130,0.0000,27.2000,14.9920,406.0000
1324.4210,1.0550,0.0000,-1.0550,2.8130,0.0000,-2.8130,0.0000,27.4000,14.9880,410.0000
1324.5910,1.0550,0.0000,-1.0550,2.8130,0.0000,-2.8130,0.0000,27.1000,14.9920,406.0000
1324.7704,1.0550,0.0000,-1.0550,2.8130,0.0000,-2.8130,0.0000,27.3000,14.9920,410.0000
1324.9585,1.0550,0.0000,-1.0550,2.8130,0.0000,-2.8130,0.0000,27.6000,14.9880,412.0000
1325.1284,1.0550,0.0000,-1.0550,2.8130,0.0000,-2.8130,0.0000,27.1000,14.9920,406.0000
1325.3148,1.0550,0.0000,-1.0550,2.8130,0.0000,-2.8130,0.0000,26.8000,14.9920,404.0000
1325.4717,1.0550,0.0000,-1.0550,2.8130,0.0000,-2.8130,0.0000,27.1000,14.9920,406.0000
1325.6429,1.0550,0.0000,-1.0550,2.8130,0.0000,-2.8130,0.0000,27.4000,14.9880,406.0000
1325.8163,1.0550,0.0000,-1.0550,2.8130,0.0000,-2.8130,0.0000,26.9000,14.9920,404.0000
1326.0171,1.0550,0.0000,-1.0550,2.8130,0.0000,-2.8130,0.0000,26.9000,14.9960,404.0000
1326.1611,1.0550,0.0000,-1.0550,2.8130,0.0000,-2.8130,0.0000,27.3000,14.9920,410.0000
1326.3366,1.0550,0.0000,-1.0550,2.8130,0.0000,-2.8130,0.0000,27.1000,14.9920,406.0000
1326.5337,1.0550,0.0000,-1.0550,2.8130,0.0000,-2.8130,0.0000,27.3000,14.9960,410.0000
1326.8012,1.0550,0.0000,-1.0550,2.8130,0.0000,-2.8130,0.0000,27.2000,14.9920,406.0000
1326.8785,1.0550,0.0000,-1.0550,2.8130,0.0000,-2.8130,0.0000,27.2000,14.9880,406.0000
1327.0321,1.0550,0.0000,-1.0550,2.8130,0.0000,-2.8130,0.0000,26.5000,14.9920,396.0000
1327.2430,1.0550,0.0000,-1.0550,2.8130,0.0000,-2.8130,0.0000,27.1000,14.9920,406.0000
1327.3745,1.0550,0.0000,-1.0550,2.8130,0.0000,-2.8130,0.0000,27.4000,14.9920,410.0000
1327.5450,1.0550,0.0000,-1.0550,2.8130,0.0000,-2.8130,0.0000,27.0000,14.9920,406.0000
1327.7213,1.0550,0.0000,-1.0550,2.8130,0.0000,-2.8130,0.0000,27.5000,14.9920,412.0000
1327.8959,1.0550,0.0000,-1.0550,2.8130,0.0000,-2.8130,0.0000,27.2000,14.9920,406.0000
1328.0822,1.0550,0.0000,-1.0550,2.8130,0.0000,-2.8130,0.0000,26.8000,14.9920,404.0000
1328.2591,1.0550,0.0000,-1.0550,2.8130,0.0000,-2.8130,0.0000,27.5000,14.9880,412.0000
1328.4150,1.0550,0.0000,-1.0550,2.8130,0.0000,-2.8130,0.0000,27.2000,14.9880,406.0000
1328.5939,1.0550,0.0000,-1.0550,2.8130,0.0000,-2.8130,0.0000,27.4000,14.9880,410.0000
1328.7560,1.0550,0.0000,-1.0550,2.8130,0.0000,-2.8130,0.0000,27.1000,14.9920,406.0000
1328.9765,1.0550,0.0000,-1.0550,2.8130,0.0000,-2.8130,0.0000,27.0000,14.9920,406.0000
1329.1286,1.0550,0.0000,-1.0550,2.8130,0.0000,-2.8130,0.0000,27.1000,14.9920,406.0000
1329.2948,1.0550,0.0000,-1.0550,2.8130,0.0000,-2.8130,0.0000,27.1000,14.9920,406.0000
1329.4668,1.0550,0.0000,-1.0550,2.8130,0.0000,-2.8130,0.0000,27.1000,14.9920,406.0000
1329.6636,1.0550,0.0000,-1.0550,2.8130,0.0000,-2.8130,0.0000,27.3000,14.9920,410.0000
1329.8309,1.0550,0.0000,-1.0550,2.8130,0.0000,-2.8130,0.0000,27.2000,14.9880,406.0000
1330.0042,1.0550,0.0000,-1.0550,2.8130,0.0000,-2.8130,0.0000,27.5000,14.9880,412.0000
1330.2147,1.0550,0.0000,-1.0550,2.8130,0.0000,-2.8130,0.0000,27.3000,14.9880,410.0000
1330.3836,1.0550,0.0000,-1.0550,2.8130,0.0000,-2.8130,0.0000,26.6000,14.9920,400.0000
1330.5390,1.0550,0.0000,-1.0550,2.8130,0.0000,-2.8130,0.0000,26.9000,14.9960,404.0000
1330.7251,1.0550,0.0000,-1.0550,2.8130,0.0000,-2.8130,0.0000,27.0000,14.9920,406.0000
1330.9027,1.0550,0.0000,-1.0550,2.8130,0.0000,-2.8130,0.0000,26.9000,14.9960,404.0000
1331.1096,1.0550,0.0000,-1.0550,2.8130,0.0000,-2.8130,0.0000,27.2000,14.9920,406.0000
1331.2690,1.0550,0.0000,-1.0550,2.8130,0.0000,-2.8130,0.0000,27.1000,14.9880,406.0000
1331.4614,1.0550,0.0000,-1.0550,2.8130,0.0000,-2.8130,0.0000,22.3000,14.9880,334.0000
1331.6646,1.0550,0.0000,-1.0550,2.8130,0.0000,-2.8130,0.0000,27.4000,14.9840,410.0000
1331.8168,1.0550,0.0000,-1.0550,2.8130,0.0000,-2.8130,0.0000,27.1000,14.9920,406.0000
1331.9937,1.0550,0.0000,-1.0550,2.8130,0.0000,-2.8130,0.0000,27.2000,14.9880,406.0000
1332.1752,1.0550,0.0000,-1.0550,2.8130,0.0000,-2.8130,0.0000,27.0000,14.9920,406.0000
1332.4067,1.0550,0.0000,-1.0550,2.8130,0.0000,-2.8130,0.0000,27.1000,14.9920,406.0000
1332.5831,1.0550,0.0000,-1.0550,2.8130,0.0000,-2.8130,0.0000,27.2000,14.9880,406.0000
1332.7737,1.0550,0.0000,-1.0550,2.8130,0.0000,-2.8130,0.0000,27.3000,14.9920,410.0000
1332.9675,1.0550,0.0000,-1.0550,2.8130,0.0000,-2.8130,0.0000,27.5000,14.9920,412.0000
1333.1286,1.0550,0.0000,-1.0550,2.8130,0.0000,-2.8130,0.0000,27.1000,14.9880,406.0000
1333.3059,1.0550,0.0000,-1.0550,2.8130,0.0000,-2.8130,0.0000,27.0000,14.9920,406.0000
1333.4811,1.0550,0.0000,-1.0550,2.8130,0.0000,-2.8130,0.0000,27.2000,14.9880,406.0000
1333.6660,1.0550,0.0000,-1.0550,2.8130,0.0000,-2.8130,0.0000,27.1000,14.9960,406.0000
1333.9203,1.0550,0.0000,-1.0550,2.8130,0.0000,-2.8130,0.0000,27.3000,14.9920,410.0000
1334.0938,1.0550,0.0000,-1.0550,2.8130,0.0000,-2.8130,0.0000,27.0000,14.9960,406.0000
1334.4780,1.0550,0.0000,-1.0550,2.8130,0.0000,-2.8130,0.0000,27.3000,14.9920,410.0000
1334.7001,1.0550,0.0000,-1.0550,2.8130,0.0000,-2.8130,0.0000,27.0000,14.9880,406.0000
1334.9107,1.0550,0.0000,-1.0550,2.8130,0.0000,-2.8130,0.0000,27.2000,14.9880,406.0000
1335.1046,1.0550,0.0000,-1.0550,2.8130,0.0000,-2.8130,0.0000,27.1000,14.9920,406.0000
1335.3106,1.0550,0.0000,-1.0550,2.8130,0.0000,-2.8130,0.0000,27.5000,14.9880,412.0000
1335.5651,1.0550,0.0000,-1.0550,2.8130,0.0000,-2.8130,0.0000,27.2000,14.9920,406.0000
1335.7338,1.0550,0.0000,-1.0550,2.8130,0.0000,-2.8130,0.0000,27.1000,14.9920,406.0000
1335.9602,1.0550,0.0000,-1.0550,2.8130,0.0000,-2.8130,0.0000,27.5000,14.9920,412.0000
1336.1764,1.0550,0.0000,-1.0550,2.8130,0.0000,-2.8130,0.0000,27.3000,14.9920,410.0000
1336.3953,1.0550,0.0000,-1.0550,2.8130,0.0000,-2.8130,0.0000,27.1000,14.9880,406.0000
1336.6012,1.0550,0.0000,-1.0550,2.8130,0.0000,-2.8130,0.0000,26.9000,14.9920,404.0000
1336.7968,1.0550,0.0000,-1.0550,2.8130,0.0000,-2.8130,0.0000,27.0000,14.9920,406.0000
1337.0015,1.0550,0.0000,-1.0550,2.8130,0.0000,-2.8130,0.0000,27.4000,14.9880,410.0000
1337.2219,1.0550,0.0000,-1.0550,2.8130,0.0000,-2.8130,0.0000,27.1000,14.9920,406.0000
1337.4798,1.0550,0.0000,-1.0550,2.8130,0.0000,-2.8130,0.0000,27.3000,14.9920,410.0000
1337.6739,1.0550,0.0000,-1.0550,2.8130,0.0000,-2.8130,0.0000,27.1000,14.9920,406.0000
1337.8399,1.0550,0.0000,-1.0550,2.8130,0.0000,-2.8130,0.0000,27.0000,14.9920,406.0000
1338.0976,1.0550,0.0000,-1.0550,2.8130,0.0000,-2.8130,0.0000,27.1000,14.9920,406.0000
1338.2494,1.0550,0.0000,-1.0550,2.8130,0.0000,-2.8130,0.0000,27.5000,14.9920,412.0000
1338.4519,1.0550,0.0000,-1.0550,2.8130,0.0000,-2.8130,0.0000,27.1000,14.9920,406.0000
1338.6548,1.0550,0.0000,-1.0550,2.8130,0.0000,-2.8130,0.0000,27.4000,14.9880,410.0000
1338.8477,1.0550,0.0000,-1.0550,2.8130,0.0000,-2.8130,0.0000,27.0000,14.9920,406.0000
1339.0884,1.0550,0.0000,-1.0550,2.8130,0.0000,-2.8130,0.0000,26.8000,14.9920,404.0000
1339.3026,1.0550,0.0000,-1.0550,2.8130,0.0000,-2.8130,0.0000,27.1000,14.9920,406.0000
1339.4721,1.0550,0.0000,-1.0550,2.8130,0.0000,-2.8130,0.0000,27.3000,14.9880,410.0000
1339.6692,1.0550,0.0000,-1.0550,2.8130,0.0000,-2.8130,0.0000,27.0000,14.9920,406.0000
1339.8877,1.0550,0.0000,-1.0550,2.8130,0.0000,-2.8130,0.0000,27.2000,14.9880,406.0000
1340.1020,1.0550,0.0000,-1.0550,2.8130,0.0000,-2.8130,0.0000,27.3000,14.9920,410.0000
1340.3421,1.0550,0.0000,-1.0550,2.8130,0.0000,-2.8130,0.0000,27.2000,14.9920,406.0000
1340.5939,1.0550,0.0000,-1.0550,2.8130,0.0000,-2.8130,0.0000,26.9000,14.9920,404.0000
1340.8240,1.0550,0.0000,-1.0550,2.8130,0.0000,-2.8130,0.0000,27.3000,14.9920,410.0000
1341.0831,1.0550,0.0000,-1.0550,2.8130,0.0000,-2.8130,0.0000,27.3000,14.9920,410.0000
1341.3541,1.0550,0.0000,-1.0550,2.8130,0.0000,-2.8130,0.0000,27.4000,14.9960,410.0000
1341.6381,1.0550,0.0000,-1.0550,2.8130,0.0000,-2.8130,0.0000,27.0000,14.9960,406.0000
1342.0368,1.0550,0.0000,-1.0550,2.8130,0.0000,-2.8130,0.0000,27.0000,14.9920,406.0000
1342.2353,1.0550,0.0000,-1.0550,2.8130,0.0000,-2.8130,0.0000,27.3000,14.9880,410.0000
1342.4879,1.0550,0.0000,-1.0550,2.8130,0.0000,-2.8130,0.0000,27.5000,14.9880,412.0000
1342.8593,1.0550,0.0000,-1.0550,2.8130,0.0000,-2.8130,0.0000,27.3000,14.9920,410.0000
1343.2223,1.0550,0.0000,-1.0550,2.8130,0.0000,-2.8130,0.0000,27.7000,14.9920,416.0000
1343.5162,1.0550,0.0000,-1.0550,2.8130,0.0000,-2.8130,0.0000,27.7000,14.9920,416.0000
1343.7723,1.0550,0.0000,-1.0550,2.8130,0.0000,-2.8130,0.0000,27.2000,14.9920,406.0000
1344.0847,1.0550,0.0000,-1.0550,2.8130,0.0000,-2.8130,0.0000,26.9000,14.9920,404.0000
1344.3604,1.0550,0.0000,-1.0550,2.8130,0.0000,-2.8130,0.0000,27.3000,14.9960,410.0000
1344.6329,1.0550,0.0000,-1.0550,2.8130,0.0000,-2.8130,0.0000,27.3000,14.9920,410.0000
1344.9390,1.0550,0.0000,-1.0550,2.8130,0.0000,-2.8130,0.0000,27.1000,14.9960,406.0000
1345.2141,1.0550,0.0000,-1.0550,2.8130,0.0000,-2.8130,0.0000,27.0000,14.9920,406.0000
1345.5106,1.0550,0.0000,-1.0550,2.8130,0.0000,-2.8130,0.0000,27.2000,14.9920,406.0000
1345.8275,1.0550,0.0000,-1.0550,2.8130,0.0000,-2.8130,0.0000,27.2000,14.9880,406.0000
1346.3139,1.0550,0.0000,-1.0550,2.8130,0.0000,-2.8130,0.0000,26.6000,14.9920,400.0000
1346.5693,1.0550,0.0000,-1.0550,2.8130,0.0000,-2.8130,0.0000,27.4000,14.9880,410.0000
1346.8236,1.0550,0.0000,-1.0550,2.8130,0.0000,-2.8130,0.0000,26.6000,14.9920,400.0000
1347.1380,1.0550,0.0000,-1.0550,2.8130,0.0000,-2.8130,0.0000,27.1000,14.9920,406.0000
1347.4380,1.0550,0.0000,-1.0550,2.8130,0.0000,-2.8130,0.0000,28.3000,14.9840,422.0000
1347.7631,1.0550,0.0000,-1.0550,2.8130,0.0000,-2.8130,0.0000,27.3000,14.9880,410.0000
1348.0706,1.0550,0.0000,-1.0550,2.8130,0.0000,-2.8130,0.0000,27.0000,14.9880,406.0000
1348.3598,1.0550,0.0000,-1.0550,2.8130,0.0000,-2.8130,0.0000,24.2000,14.9720,364.0000
1348.7070,1.0550,0.0000,-1.0550,2.8130,0.0000,-2.8130,0.0000,27.2000,14.9960,406.0000
1348.9904,1.0550,0.0000,-1.0550,2.8130,0.0000,-2.8130,0.0000,27.7000,14.9920,416.0000
1349.2380,1.0550,0.0000,-1.0550,2.8130,0.0000,-2.8130,0.0000,27.2000,14.9880,406.0000
1349.4805,1.0550,0.0000,-1.0550,2.8130,0.0000,-2.8130,0.0000,27.2000,14.9920,406.0000
1349.7175,1.0550,0.0000,-1.0550,2.8130,0.0000,-2.8130,0.0000,27.2000,14.9920,406.0000
1350.0333,1.0550,0.0000,-1.0550,2.8130,0.0000,-2.8130,0.0000,27.0000,14.9880,406.0000
1350.2117,1.0550,0.0000,-1.0550,2.8130,0.0000,-2.8130,0.0000,27.1000,14.9920,406.0000
1350.4919,1.0550,0.0000,-1.0550,2.8130,0.0000,-2.8130,0.0000,27.1000,14.9920,406.0000
1350.7352,1.0550,0.0000,-1.0550,2.8130,0.0000,-2.8130,0.0000,27.2000,14.9880,406.0000
1350.9790,1.0550,0.0000,-1.0550,2.8130,0.0000,-2.8130,0.0000,27.2000,14.9880,406.0000
1351.2283,1.0550,0.0000,-1.0550,2.8130,0.0000,-2.8130,0.0000,24.6000,14.9760,368.0000
1351.5021,1.0550,0.0000,-1.0550,2.8130,0.0000,-2.8130,0.0000,26.8000,14.9920,404.0000
1351.7675,1.0550,0.0000,-1.0550,2.8130,0.0000,-2.8130,0.0000,27.0000,14.9920,406.0000
1352.2259,1.0550,0.0000,-1.0550,2.8130,0.0000,-2.8130,0.0000,27.2000,14.9920,406.0000
1352.5670,1.0550,0.0000,-1.0550,2.8130,0.0000,-2.8130,0.0000,27.0000,14.9920,406.0000
1352.8334,1.0550,0.0000,-1.0550,2.8130,0.0000,-2.8130,0.0000,27.5000,14.9920,412.0000
1353.0898,1.0550,0.0000,-1.0550,2.8130,0.0000,-2.8130,0.0000,27.5000,14.9880,412.0000
1353.4810,1.0550,0.0000,-1.0550,2.8130,0.0000,-2.8130,0.0000,27.3000,14.9920,410.0000
1353.7158,1.0550,0.0000,-1.0550,2.8130,0.0000,-2.8130,0.0000,27.1000,14.9920,406.0000
1353.9487,1.0550,0.0000,-1.0550,2.8130,0.0000,-2.8130,0.0000,27.0000,14.9880,406.0000
1354.2155,1.0550,0.0000,-1.0550,2.8130,0.0000,-2.8130,0.0000,27.0000,14.9920,406.0000
1354.4661,1.0550,0.0000,-1.0550,2.8130,0.0000,-2.8130,0.0000,27.5000,14.9880,412.0000
1354.6944,1.0550,0.0000,-1.0550,2.8130,0.0000,-2.8130,0.0000,27.1000,14.9920,406.0000
1354.9394,1.0550,0.0000,-1.0550,2.8130,0.0000,-2.8130,0.0000,27.1000,14.9920,406.0000
1355.1862,1.0550,0.0000,-1.0550,2.8130,0.0000,-2.8130,0.0000,27.5000,14.9920,412.0000
1355.4424,1.0550,0.0000,-1.0550,2.8130,0.0000,-2.8130,0.0000,26.8000,14.9920,404.0000
1355.6521,1.0550,0.0000,-1.0550,2.8130,0.0000,-2.8130,0.0000,27.4000,14.9880,410.0000
1355.8895,1.0550,0.0000,-1.0550,2.8130,0.0000,-2.8130,0.0000,27.5000,14.9920,412.0000
1356.1184,1.0550,0.0000,-1.0550,2.8130,0.0000,-2.8130,0.0000,27.2000,14.9960,406.0000
1356.3747,1.0550,0.0000,-1.0550,2.8130,0.0000,-2.8130,0.0000,27.1000,14.9880,406.0000
1356.6258,1.0550,0.0000,-1.0550,2.8130,0.0000,-2.8130,0.0000,27.1000,14.9920,406.0000
1356.8574,1.0550,0.0000,-1.0550,2.8130,0.0000,-2.8130,0.0000,24.5000,14.9920,368.0000
1357.1231,1.0550,0.0000,-1.0550,2.8130,0.0000,-2.8130,0.0000,26.6000,14.9920,400.0000
1357.4007,1.0550,0.0000,-1.0550,2.8130,0.0000,-2.8130,0.0000,26.8000,14.9880,404.0000
1408.4643,3.3400,0.0000,-3.3400,2.6370,0.0000,-2.6370,1.0000,27.3000,14.9920,410.0000
1408.6219,10.7230,0.0000,-10.7230,3.6910,0.0000,-3.6910,-50.0000,71.9000,14.8480,1068.0000
1408.8259,22.1480,0.0000,-22.1480,-4.5700,0.0000,4.5700,-1.0000,27.2000,14.9920,406.0000
1408.9961,27.9490,0.0000,-27.9490,-1.4060,0.0000,1.4060,1.0000,27.3000,14.9880,410.0000
1409.2104,25.3120,0.0000,-25.3120,3.1640,0.0000,-3.1640,-50.0000,69.7000,14.8520,1036.0000
1409.3998,28.4770,0.0000,-28.4770,-0.7030,0.0000,0.7030,-1.0000,27.2000,14.9960,406.0000
1409.6420,27.7730,0.0000,-27.7730,2.8130,0.0000,-2.8130,1.0000,27.3000,14.9960,410.0000
1409.8268,23.5550,0.0000,-23.5550,6.3280,0.0000,-6.3280,1.0000,28.0000,14.9880,420.0000
1410.0290,19.1600,0.0000,-19.1600,-1.9340,0.0000,1.9340,-50.0000,69.5000,14.8480,1032.0000
1410.1977,22.3240,0.0000,-22.3240,4.7460,0.0000,-4.7460,-50.0000,70.1000,14.8520,1042.0000
1410.3825,26.3670,0.0000,-26.3670,5.4490,0.0000,-5.4490,-50.0000,69.5000,14.8560,1032.0000
1410.5594,28.3010,0.0000,-28.3010,-2.1090,0.0000,2.1090,-1.0000,27.4000,14.9960,410.0000
1410.7371,31.4650,0.0000,-31.4650,4.9220,0.0000,-4.9220,1.0000,27.5000,14.9920,412.0000
1410.9215,29.1800,0.0000,-29.1800,7.2070,0.0000,-7.2070,-50.0000,71.6000,14.8480,1064.0000
1411.1229,33.5740,0.0000,-33.5740,5.0980,0.0000,-5.0980,-1.0000,27.4000,14.9840,410.0000
1411.2982,31.9920,0.0000,-31.9920,-1.7580,0.0000,1.7580,1.0000,27.4000,14.9920,410.0000
1411.4891,29.5310,0.0000,-29.5310,6.5040,0.0000,-6.5040,-50.0000,71.1000,14.8520,1056.0000
1411.6601,29.1800,0.0000,-29.1800,7.9100,0.0000,-7.9100,-50.0000,71.3000,14.8520,1058.0000
1411.8332,27.5980,0.0000,-27.5980,-3.1640,0.0000,3.1640,-1.0000,27.0000,14.9920,406.0000
1412.0447,30.9370,0.0000,-30.9370,6.8550,0.0000,-6.8550,-50.0000,70.0000,14.8520,1038.0000
1412.1908,30.7620,0.0000,-30.7620,8.0860,0.0000,-8.0860,-50.0000,69.2000,14.8560,1028.0000
1412.3784,29.3550,0.0000,-29.3550,-1.5820,0.0000,1.5820,-1.0000,28.0000,14.9880,420.0000
1412.5579,31.2890,0.0000,-31.2890,6.1520,0.0000,-6.1520,1.0000,27.1000,14.9920,406.0000
1412.7440,29.8830,0.0000,-29.8830,8.7890,0.0000,-8.7890,-50.0000,72.2000,14.8480,1072.0000
1412.9429,32.6950,0.0000,-32.6950,1.2300,0.0000,-1.2300,-1.0000,27.4000,14.9920,410.0000
1413.1695,35.1560,0.0000,-35.1560,7.2070,0.0000,-7.2070,1.0000,27.2000,14.9920,406.0000
1413.3353,32.6950,0.0000,-32.6950,8.2620,0.0000,-8.2620,-50.0000,70.9000,14.8520,1052.0000
1413.5265,33.5740,0.0000,-33.5740,3.3400,0.0000,-3.3400,-1.0000,24.9000,14.9720,374.0000
1413.6877,33.5740,0.0000,-33.5740,4.2190,0.0000,-4.2190,1.0000,27.3000,14.9920,410.0000
1413.8897,31.9920,0.0000,-31.9920,9.3160,0.0000,-9.3160,-50.0000,70.8000,14.8560,1052.0000
1414.0786,33.2230,0.0000,-33.2230,4.2190,0.0000,-4.2190,-1.0000,27.2000,14.9920,406.0000
1414.2619,34.1020,0.0000,-34.1020,5.2730,0.0000,-5.2730,1.0000,27.5000,14.9880,412.0000
1414.4918,32.5200,0.0000,-32.5200,8.7890,0.0000,-8.7890,1.0000,27.5000,14.9960,412.0000
1414.6621,29.5310,0.0000,-29.5310,0.3520,0.0000,-0.3520,-1.0000,27.6000,14.9960,412.0000
1414.8743,32.3440,0.0000,-32.3440,6.8550,0.0000,-6.8550,1.0000,27.5000,14.9880,412.0000
1415.0342,34.4530,0.0000,-34.4530,8.2620,0.0000,-8.2620,-50.0000,70.8000,14.8480,1052.0000
1415.2232,36.0350,0.0000,-36.0350,-1.0550,0.0000,1.0550,-1.0000,27.2000,14.9960,406.0000
1415.4176,37.6170,0.0000,-37.6170,5.0980,0.0000,-5.0980,1.0000,28.3000,14.9640,422.0000
1415.6020,33.9260,0.0000,-33.9260,7.5590,0.0000,-7.5590,1.0000,27.5000,14.9920,412.0000
1415.7882,32.1680,0.0000,-32.1680,1.4060,0.0000,-1.4060,-1.0000,28.3000,14.9920,422.0000
1415.9634,33.9260,0.0000,-33.9260,4.5700,0.0000,-4.5700,-50.0000,69.9000,14.8520,1038.0000
1416.1574,36.5630,0.0000,-36.5630,6.5040,0.0000,-6.5040,-50.0000,70.1000,14.8520,1042.0000
1416.3500,39.7270,0.0000,-39.7270,-1.0550,0.0000,1.0550,-1.0000,27.9000,14.9880,420.0000
1416.5432,40.9570,0.0000,-40.9570,4.9220,0.0000,-4.9220,1.0000,27.0000,14.9880,406.0000
1416.7158,36.0350,0.0000,-36.0350,8.2620,0.0000,-8.2620,1.0000,31.3000,14.9720,468.0000
1416.8964,37.6170,0.0000,-37.6170,7.5590,0.0000,-7.5590,-1.0000,27.5000,14.9920,412.0000
1417.0920,36.9140,0.0000,-36.9140,2.8130,0.0000,-2.8130,1.0000,27.2000,14.9920,406.0000
1417.2995,35.6840,0.0000,-35.6840,9.1410,0.0000,-9.1410,-50.0000,70.1000,14.8480,1042.0000
1417.5159,39.0230,0.0000,-39.0230,9.6680,0.0000,-9.6680,-1.0000,27.6000,14.9920,412.0000
1417.7462,38.1450,0.0000,-38.1450,2.4610,0.0000,-2.4610,1.0000,27.5000,14.9960,412.0000
1417.9649,34.8050,0.0000,-34.8050,10.1950,0.0000,-10.1950,-50.0000,69.6000,14.8520,1036.0000
1418.2003,34.8050,0.0000,-34.8050,2.9880,0.0000,-2.9880,-1.0000,26.8000,14.9920,404.0000
1418.4299,36.3870,0.0000,-36.3870,9.1410,0.0000,-9.1410,1.0000,22.6000,14.9880,338.0000
1418.6517,34.9800,0.0000,-34.9800,11.6020,0.0000,-11.6020,-50.0000,69.1000,14.8520,1026.0000
1418.8903,35.1560,0.0000,-35.1560,0.5270,0.0000,-0.5270,-1.0000,27.3000,14.9960,410.0000
1419.0888,36.3870,0.0000,-36.3870,9.3160,0.0000,-9.3160,-50.0000,70.4000,14.8560,1046.0000
1419.3692,34.8050,0.0000,-34.8050,3.5160,0.0000,-3.5160,-1.0000,27.1000,14.9960,406.0000
1419.6001,36.9140,0.0000,-36.9140,8.2620,0.0000,-8.2620,-50.0000,70.3000,14.8520,1046.0000
1419.8318,38.4960,0.0000,-38.4960,7.9100,0.0000,-7.9100,-1.0000,26.7000,14.9960,400.0000
1420.0349,38.3200,0.0000,-38.3200,5.0980,0.0000,-5.0980,1.0000,26.7000,14.9960,400.0000
1420.2995,37.7930,0.0000,-37.7930,10.5470,0.0000,-10.5470,-50.0000,70.2000,14.8480,1042.0000
1420.4945,42.7150,0.0000,-42.7150,5.9770,0.0000,-5.9770,-1.0000,27.0000,14.9920,404.0000
1420.7362,42.7150,0.0000,-42.7150,8.7890,0.0000,-8.7890,1.0000,27.4000,14.9880,410.0000
1420.9494,38.4960,0.0000,-38.4960,11.2500,0.0000,-11.2500,1.0000,27.3000,14.9920,410.0000
1421.1736,34.1020,0.0000,-34.1020,2.6370,0.0000,-2.6370,1.0000,27.1000,14.9920,406.0000
1421.3686,33.7500,0.0000,-33.7500,7.9100,0.0000,-7.9100,1.0000,27.7000,14.9880,416.0000
1421.5493,39.0230,0.0000,-39.0230,8.0860,0.0000,-8.0860,-50.0000,69.1000,14.8600,1026.0000
1421.7848,40.9570,0.0000,-40.9570,-5.0980,0.0000,5.0980,-50.0000,69.2000,14.8560,1028.0000
1421.9595,41.6600,0.0000,-41.6600,5.4490,0.0000,-5.4490,-50.0000,68.4000,14.8680,1016.0000
1422.1452,40.0780,0.0000,-40.0780,6.3280,0.0000,-6.3280,-50.0000,69.6000,14.8520,1036.0000
1422.3425,37.9690,0.0000,-37.9690,-2.2850,0.0000,2.2850,-1.0000,29.6000,14.9800,442.0000
1422.5504,39.5510,0.0000,-39.5510,5.8010,0.0000,-5.8010,1.0000,27.9000,14.9640,420.0000
1422.6999,39.0230,0.0000,-39.0230,7.5590,0.0000,-7.5590,-50.0000,69.5000,14.8520,1032.0000
1422.8861,41.3090,0.0000,-41.3090,1.5820,0.0000,-1.5820,-1.0000,27.5000,14.9920,400.0000
1423.0656,43.2420,0.0000,-43.2420,4.5700,0.0000,-4.5700,1.0000,27.2000,14.9920,406.0000
1423.2495,40.0780,0.0000,-40.0780,8.2620,0.0000,-8.2620,-50.0000,70.7000,14.8520,1052.0000
1423.4237,42.1870,0.0000,-42.1870,8.9650,0.0000,-8.9650,-50.0000,69.4000,14.8520,1032.0000
1423.6152,40.2540,0.0000,-40.2540,-1.9340,0.0000,1.9340,-1.0000,27.3000,14.9920,410.0000
1423.7852,40.9570,0.0000,-40.9570,7.9100,0.0000,-7.9100,1.0000,27.1000,14.9880,406.0000
1423.9869,37.2660,0.0000,-37.2660,9.3160,0.0000,-9.3160,-50.0000,70.2000,14.8520,1042.0000
1424.1848,43.4180,0.0000,-43.4180,5.8010,0.0000,-5.8010,-1.0000,26.2000,14.9680,394.0000
1424.3456,43.7700,0.0000,-43.7700,1.0550,0.0000,-1.0550,1.0000,26.9000,14.9920,404.0000
1424.5277,41.8360,0.0000,-41.8360,7.9100,0.0000,-7.9100,-50.0000,70.5000,14.8520,1048.0000
1424.7247,41.1330,0.0000,-41.1330,5.0980,0.0000,-5.0980,-1.0000,27.5000,14.9920,412.0000
1424.9037,39.5510,0.0000,-39.5510,1.9340,0.0000,-1.9340,1.0000,27.0000,14.9920,406.0000
1425.0764,39.0230,0.0000,-39.0230,7.5590,0.0000,-7.5590,1.0000,27.5000,14.9880,412.0000
1425.3317,42.8910,0.0000,-42.8910,5.9770,0.0000,-5.9770,-1.0000,27.3000,14.9920,410.0000
1425.5346,43.2420,0.0000,-43.2420,1.5820,0.0000,-1.5820,-50.0000,69.4000,14.8520,1032.0000
1425.8006,42.7150,0.0000,-42.7150,5.6250,0.0000,-5.6250,-1.0000,28.3000,14.9880,422.0000
1425.9941,38.6720,0.0000,-38.6720,-2.4610,0.0000,2.4610,1.0000,28.4000,14.9880,426.0000
1426.1819,37.9690,0.0000,-37.9690,4.0430,0.0000,-4.0430,-50.0000,70.3000,14.8520,1046.0000
1426.3948,39.7270,0.0000,-39.7270,1.9340,0.0000,-1.9340,-1.0000,27.0000,14.9920,406.0000
1426.6140,40.9570,0.0000,-40.9570,-0.5270,0.0000,0.5270,1.0000,27.0000,14.9920,406.0000
1426.8039,41.3090,0.0000,-41.3090,2.1090,0.0000,-2.1090,-50.0000,69.9000,14.8560,1038.0000
1427.0090,41.4840,0.0000,-41.4840,-6.3280,0.0000,6.3280,-1.0000,26.9000,14.9880,404.0000
1427.2167,41.6600,0.0000,-41.6600,0.7030,0.0000,-0.7030,1.0000,27.0000,14.9920,406.0000
1427.4292,37.4410,0.0000,-37.4410,3.3400,0.0000,-3.3400,1.0000,27.5000,14.9920,412.0000
1427.6864,35.8590,0.0000,-35.8590,-2.2850,0.0000,2.2850,1.0000,27.0000,14.9880,406.0000
1427.8907,38.4960,0.0000,-38.4960,0.7030,0.0000,-0.7030,-50.0000,69.4000,14.8560,1032.0000
1428.0758,43.5940,0.0000,-43.5940,-3.8670,0.0000,3.8670,-1.0000,27.1000,14.9920,406.0000
1428.2658,43.7700,0.0000,-43.7700,-3.8670,0.0000,3.8670,1.0000,27.6000,14.9880,412.0000
1428.5337,37.2660,0.0000,-37.2660,2.8130,0.0000,-2.8130,-50.0000,70.2000,14.8520,1042.0000
1428.7609,37.9690,0.0000,-37.9690,-4.0430,0.0000,4.0430,-1.0000,27.7000,14.9960,416.0000
1429.0082,39.9020,0.0000,-39.9020,3.1640,0.0000,-3.1640,-50.0000,68.4000,14.8640,1016.0000
1429.2366,41.8360,0.0000,-41.8360,4.2190,0.0000,-4.2190,-1.0000,26.3000,14.9920,394.0000
1429.4517,41.3090,0.0000,-41.3090,-2.2850,0.0000,2.2850,1.0000,27.8000,14.9920,416.0000
1429.6590,39.7270,0.0000,-39.7270,4.5700,0.0000,-4.5700,1.0000,27.7000,14.9920,416.0000
1429.8873,42.1870,0.0000,-42.1870,5.4490,0.0000,-5.4490,-50.0000,69.5000,14.8560,1032.0000
1430.1191,41.3090,0.0000,-41.3090,-3.5160,0.0000,3.5160,1.0000,26.7000,14.9960,400.0000
1430.3286,39.1990,0.0000,-39.1990,5.2730,0.0000,-5.2730,1.0000,28.2000,14.9840,422.0000
1430.5452,41.4840,0.0000,-41.4840,5.6250,0.0000,-5.6250,-1.0000,27.2000,14.9920,406.0000
1430.7429,40.0780,0.0000,-40.0780,-2.9880,0.0000,2.9880,1.0000,27.8000,14.9920,416.0000
1430.9749,38.6720,0.0000,-38.6720,5.2730,0.0000,-5.2730,-50.0000,69.6000,14.8560,1032.0000
1431.1822,41.6600,0.0000,-41.6600,4.5700,0.0000,-4.5700,-1.0000,27.6000,14.9960,412.0000
1431.3849,40.2540,0.0000,-40.2540,-1.5820,0.0000,1.5820,1.0000,27.2000,14.9920,406.0000
1431.6084,37.2660,0.0000,-37.2660,5.6250,0.0000,-5.6250,1.0000,27.6000,14.9880,412.0000
1431.8274,40.7810,0.0000,-40.7810,5.9770,0.0000,-5.9770,-1.0000,27.0000,14.9920,406.0000
1432.0462,39.0230,0.0000,-39.0230,-2.4610,0.0000,2.4610,1.0000,28.9000,14.9840,432.0000
1432.2713,35.1560,0.0000,-35.1560,5.9770,0.0000,-5.9770,-50.0000,70.0000,14.8480,1038.0000
1432.4551,37.7930,0.0000,-37.7930,5.9770,0.0000,-5.9770,-1.0000,26.9000,14.9920,404.0000
1432.6397,36.5630,0.0000,-36.5630,-3.3400,0.0000,3.3400,1.0000,26.9000,14.9920,404.0000
1432.8271,37.0900,0.0000,-37.0900,4.5700,0.0000,-4.5700,1.0000,27.2000,14.9920,406.0000
1433.0194,38.6720,0.0000,-38.6720,5.2730,0.0000,-5.2730,-1.0000,29.2000,14.9840,440.0000
1433.2031,35.8590,0.0000,-35.8590,-4.2190,0.0000,4.2190,-1.0000,27.3000,14.9960,410.0000
1433.3760,36.2110,0.0000,-36.2110,3.6910,0.0000,-3.6910,1.0000,26.9000,14.9920,404.0000
1433.6339,34.8050,0.0000,-34.8050,5.9770,0.0000,-5.9770,-50.0000,69.6000,14.8520,1036.0000
1433.7540,36.9140,0.0000,-36.9140,-1.0550,0.0000,1.0550,-1.0000,27.4000,14.9920,410.0000
1433.9618,39.0230,0.0000,-39.0230,2.4610,0.0000,-2.4610,1.0000,27.3000,14.9920,410.0000
1434.1433,35.8590,0.0000,-35.8590,6.3280,0.0000,-6.3280,-50.0000,69.4000,14.8560,1032.0000
1434.3023,37.0900,0.0000,-37.0900,4.5700,0.0000,-4.5700,-1.0000,27.4000,14.9880,410.0000
1434.4816,35.8590,0.0000,-35.8590,-0.1760,0.0000,0.1760,1.0000,26.9000,14.9920,404.0000
1434.6681,35.6840,0.0000,-35.6840,5.9770,0.0000,-5.9770,-50.0000,70.4000,14.8520,1046.0000
1434.8399,38.4960,0.0000,-38.4960,6.5040,0.0000,-6.5040,-1.0000,27.6000,14.9920,412.0000
1435.0455,36.3870,0.0000,-36.3870,-3.5160,0.0000,3.5160,-50.0000,69.9000,14.8560,1038.0000
1435.2389,37.4410,0.0000,-37.4410,5.4490,0.0000,-5.4490,-50.0000,69.6000,14.8520,1032.0000
1435.3876,37.4410,0.0000,-37.4410,7.0310,0.0000,-7.0310,-50.0000,70.1000,14.8520,1042.0000
1435.5679,36.7380,0.0000,-36.7380,-1.7580,0.0000,1.7580,-1.0000,27.4000,14.9920,410.0000
1435.7509,38.3200,0.0000,-38.3200,4.3950,0.0000,-4.3950,1.0000,27.4000,14.9920,410.0000
1435.9362,34.8050,0.0000,-34.8050,7.5590,0.0000,-7.5590,-50.0000,69.7000,14.8520,1036.0000
1436.1234,36.2110,0.0000,-36.2110,2.1090,0.0000,-2.1090,-1.0000,27.4000,14.9920,410.0000
1436.3156,37.2660,0.0000,-37.2660,3.5160,0.0000,-3.5160,1.0000,27.1000,14.9960,406.0000
1436.4858,35.5080,0.0000,-35.5080,8.0860,0.0000,-8.0860,-50.0000,70.0000,14.8520,1038.0000
1436.6657,37.0900,0.0000,-37.0900,4.3950,0.0000,-4.3950,-1.0000,27.5000,14.9920,412.0000
1436.8425,37.7930,0.0000,-37.7930,3.5160,0.0000,-3.5160,1.0000,27.2000,14.9920,406.0000
1437.0573,36.0350,0.0000,-36.0350,8.4380,0.0000,-8.4380,-50.0000,70.1000,14.8560,1042.0000
1437.2354,38.3200,0.0000,-38.3200,6.3280,0.0000,-6.3280,-1.0000,27.3000,14.9960,410.0000
1437.4072,37.4410,0.0000,-37.4410,2.2850,0.0000,-2.2850,1.0000,27.1000,14.9960,406.0000
1437.6081,35.8590,0.0000,-35.8590,8.6130,0.0000,-8.6130,-50.0000,69.8000,14.8520,1036.0000
1437.7664,37.2660,0.0000,-37.2660,9.3160,0.0000,-9.3160,-1.0000,27.7000,14.9880,416.0000
1437.9572,35.6840,0.0000,-35.6840,1.0550,0.0000,-1.0550,1.0000,27.9000,14.9920,420.0000
1438.1388,36.5630,0.0000,-36.5630,8.2620,0.0000,-8.2620,-50.0000,69.1000,14.8560,1026.0000
1438.3320,39.3750,0.0000,-39.3750,8.2620,0.0000,-8.2620,-50.0000,69.4000,14.8520,1032.0000
1438.5163,37.4410,0.0000,-37.4410,-2.6370,0.0000,2.6370,-1.0000,27.1000,14.9960,406.0000
1438.6872,37.9690,0.0000,-37.9690,7.3830,0.0000,-7.3830,1.0000,27.5000,14.9920,412.0000
1438.8800,33.3980,0.0000,-33.3980,9.6680,0.0000,-9.6680,-50.0000,69.9000,14.8520,1038.0000
1439.0528,34.4530,0.0000,-34.4530,3.1640,0.0000,-3.1640,-1.0000,27.4000,14.9960,410.0000
1439.2348,37.0900,0.0000,-37.0900,4.7460,0.0000,-4.7460,1.0000,27.0000,14.9920,406.0000
1439.4126,36.0350,0.0000,-36.0350,8.7890,0.0000,-8.7890,-50.0000,69.8000,14.8560,1036.0000
1439.5976,40.2540,0.0000,-40.2540,6.5040,0.0000,-6.5040,-1.0000,27.5000,14.9960,412.0000
1439.7848,39.0230,0.0000,-39.0230,2.1090,0.0000,-2.1090,1.0000,27.0000,14.9960,406.0000
1439.9825,35.1560,0.0000,-35.1560,8.9650,0.0000,-8.9650,-50.0000,69.0000,14.8560,1026.0000
1440.1690,35.8590,0.0000,-35.8590,8.9650,0.0000,-8.9650,-50.0000,69.8000,14.8520,1036.0000
1440.3612,34.8050,0.0000,-34.8050,0.1760,0.0000,-0.1760,-50.0000,69.6000,14.8600,1036.0000
1440.5459,37.2660,0.0000,-37.2660,7.7340,0.0000,-7.7340,1.0000,29.4000,14.9760,440.0000
1440.7217,38.4960,0.0000,-38.4960,8.7890,0.0000,-8.7890,-50.0000,69.6000,14.8520,1036.0000
1440.9126,37.7930,0.0000,-37.7930,-0.3520,0.0000,0.3520,-1.0000,27.1000,14.9920,406.0000
1441.0905,39.1990,0.0000,-39.1990,7.7340,0.0000,-7.7340,1.0000,27.2000,14.9960,410.0000
1441.2859,35.5080,0.0000,-35.5080,10.5470,0.0000,-10.5470,-50.0000,69.9000,14.8520,1038.0000
1441.4459,38.8480,0.0000,-38.8480,7.9100,0.0000,-7.9100,-1.0000,28.9000,14.9840,432.0000
1441.6385,38.8480,0.0000,-38.8480,3.3400,0.0000,-3.3400,1.0000,27.4000,14.9880,410.0000
1441.8401,36.7380,0.0000,-36.7380,9.4920,0.0000,-9.4920,1.0000,27.5000,14.9960,412.0000
1442.0241,39.7270,0.0000,-39.7270,10.0200,0.0000,-10.0200,-50.0000,69.9000,14.8560,1038.0000
1442.2133,40.0780,0.0000,-40.0780,-1.0550,0.0000,1.0550,-1.0000,27.4000,14.9960,410.0000
1442.4084,41.3090,0.0000,-41.3090,8.7890,0.0000,-8.7890,1.0000,27.2000,14.9960,406.0000
1442.6027,35.8590,0.0000,-35.8590,11.0740,0.0000,-11.0740,-50.0000,69.7000,14.8560,1036.0000
1442.7944,36.9140,0.0000,-36.9140,4.3950,0.0000,-4.3950,-1.0000,27.2000,14.9920,406.0000
1443.0158,39.3750,0.0000,-39.3750,8.0860,0.0000,-8.0860,1.0000,26.8000,14.9960,404.0000
1443.1771,37.4410,0.0000,-37.4410,11.4260,0.0000,-11.4260,1.0000,28.0000,14.9880,420.0000
1443.3685,35.1560,0.0000,-35.1560,4.5700,0.0000,-4.5700,-1.0000,27.3000,14.9960,410.0000
1443.5580,37.6170,0.0000,-37.6170,9.4920,0.0000,-9.4920,-50.0000,69.5000,14.8560,1032.0000
1443.7658,41.6600,0.0000,-41.6600,10.8980,0.0000,-10.8980,-50.0000,69.7000,14.8600,1036.0000
1443.9445,42.3630,0.0000,-42.3630,1.0550,0.0000,-1.0550,-1.0000,27.0000,14.9920,406.0000
1444.1762,43.4180,0.0000,-43.4180,10.0200,0.0000,-10.0200,1.0000,27.2000,14.9920,406.0000
1444.3400,37.7930,0.0000,-37.7930,12.8320,0.0000,-12.8320,-50.0000,70.4000,14.8560,1046.0000
1444.5393,37.2660,0.0000,-37.2660,4.7460,0.0000,-4.7460,-1.0000,25.1000,14.9720,376.0000
1444.7253,40.0780,0.0000,-40.0780,9.8440,0.0000,-9.8440,1.0000,27.3000,14.9920,410.0000
1444.9076,39.1990,0.0000,-39.1990,12.3050,0.0000,-12.3050,-50.0000,68.9000,14.8560,1022.0000
1445.0949,43.0660,0.0000,-43.0660,7.7340,0.0000,-7.7340,-1.0000,27.2000,14.9920,406.0000
1445.2951,43.0660,0.0000,-43.0660,8.2620,0.0000,-8.2620,1.0000,26.7000,14.9960,400.0000
1445.4778,39.0230,0.0000,-39.0230,12.6560,0.0000,-12.6560,-50.0000,68.9000,14.8560,1028.0000
1445.6732,39.3750,0.0000,-39.3750,8.9650,0.0000,-8.9650,-1.0000,26.8000,14.9960,404.0000
1445.8506,40.4300,0.0000,-40.4300,8.4380,0.0000,-8.4380,1.0000,27.4000,14.9920,410.0000
1446.0380,40.0780,0.0000,-40.0780,12.1290,0.0000,-12.1290,-50.0000,69.3000,14.8560,1028.0000
1446.2469,41.8360,0.0000,-41.8360,5.8010,0.0000,-5.8010,-1.0000,27.1000,14.9920,406.0000
1446.4405,42.7150,0.0000,-42.7150,8.7890,0.0000,-8.7890,1.0000,27.5000,14.9920,412.0000
1446.6242,39.3750,0.0000,-39.3750,12.8320,0.0000,-12.8320,1.0000,28.4000,14.9880,426.0000
1446.8331,42.1870,0.0000,-42.1870,11.2500,0.0000,-11.2500,-1.0000,27.3000,14.9920,410.0000
1446.9795,41.1330,0.0000,-41.1330,5.0980,0.0000,-5.0980,1.0000,27.1000,14.9920,406.0000
1447.1672,40.6050,0.0000,-40.6050,12.4800,0.0000,-12.4800,-50.0000,70.4000,14.8560,1046.0000
1447.3688,42.3630,0.0000,-42.3630,11.6020,0.0000,-11.6020,-1.0000,27.2000,14.9920,406.0000
1447.5609,40.9570,0.0000,-40.9570,6.5040,0.0000,-6.5040,1.0000,23.9000,14.9760,358.0000
1447.7672,39.5510,0.0000,-39.5510,12.3050,0.0000,-12.3050,1.0000,27.4000,14.9880,410.0000
1447.9173,40.9570,0.0000,-40.9570,13.3590,0.0000,-13.3590,-50.0000,69.3000,14.8560,1028.0000
1448.0969,42.3630,0.0000,-42.3630,4.5700,0.0000,-4.5700,-1.0000,27.2000,14.9920,406.0000
1448.2781,43.9450,0.0000,-43.9450,11.0740,0.0000,-11.0740,1.0000,26.3000,14.9960,394.0000
1448.4756,39.7270,0.0000,-39.7270,14.2380,0.0000,-14.2380,1.0000,27.3000,14.9880,410.0000
1448.6598,37.2660,0.0000,-37.2660,7.7340,0.0000,-7.7340,-1.0000,27.5000,14.9920,412.0000
1448.8308,39.3750,0.0000,-39.3750,11.2500,0.0000,-11.2500,1.0000,27.2000,14.9920,406.0000
1449.0219,40.6050,0.0000,-40.6050,13.1840,0.0000,-13.1840,-50.0000,67.7000,14.8720,1006.0000
1449.1759,47.9880,0.0000,-47.9880,12.3050,0.0000,-12.3050,-1.0000,27.3000,14.9920,410.0000
1449.3513,45.3520,0.0000,-45.3520,2.6370,0.0000,-2.6370,-50.0000,69.8000,14.8520,1036.0000
1449.5236,45.7030,0.0000,-45.7030,12.6560,0.0000,-12.6560,-50.0000,70.8000,14.8520,1052.0000
1449.7061,43.9450,0.0000,-43.9450,14.2380,0.0000,-14.2380,-50.0000,70.1000,14.8560,1042.0000
1449.8967,46.4060,0.0000,-46.4060,7.0310,0.0000,-7.0310,-1.0000,27.0000,14.9960,406.0000
1450.0671,47.1090,0.0000,-47.1090,9.3160,0.0000,-9.3160,1.0000,27.1000,14.9920,406.0000
1450.2429,43.0660,0.0000,-43.0660,14.0630,0.0000,-14.0630,1.0000,27.7000,14.9920,416.0000
1450.4311,44.4730,0.0000,-44.4730,13.1840,0.0000,-13.1840,-1.0000,27.6000,14.9920,412.0000
1450.6035,42.3630,0.0000,-42.3630,6.1520,0.0000,-6.1520,1.0000,27.0000,14.9960,406.0000
1450.8372,41.8360,0.0000,-41.8360,13.8870,0.0000,-13.8870,-50.0000,69.0000,14.8560,1026.0000
1450.9822,42.3630,0.0000,-42.3630,13.3590,0.0000,-13.3590,-1.0000,27.2000,14.9880,406.0000
1451.2355,41.6600,0.0000,-41.6600,10.1950,0.0000,-10.1950,1.0000,27.6000,14.9920,412.0000
1451.3830,41.4840,0.0000,-41.4840,14.2380,0.0000,-14.2380,1.0000,27.3000,14.9920,410.0000
1451.5824,46.2300,0.0000,-46.2300,13.5350,0.0000,-13.5350,-1.0000,27.3000,14.9960,410.0000
1451.7748,44.6480,0.0000,-44.6480,5.6250,0.0000,-5.6250,1.0000,27.2000,14.9920,406.0000
1451.9544,43.5940,0.0000,-43.5940,13.7110,0.0000,-13.7110,1.0000,27.3000,14.9880,410.0000
1452.1273,42.8910,0.0000,-42.8910,15.1170,0.0000,-15.1170,-50.0000,69.9000,14.8560,1038.0000
1452.3030,42.8910,0.0000,-42.8910,5.9770,0.0000,-5.9770,-1.0000,27.6000,14.9880,412.0000
1452.5173,45.5270,0.0000,-45.5270,13.3590,0.0000,-13.3590,-50.0000,70.1000,14.8520,1042.0000
1452.7173,45.3520,0.0000,-45.3520,15.4690,0.0000,-15.4690,-50.0000,69.9000,14.8520,1028.0000
1452.9149,46.0550,0.0000,-46.0550,5.9770,0.0000,-5.9770,-1.0000,27.2000,14.9920,406.0000
1453.1269,47.6370,0.0000,-47.6370,14.7660,0.0000,-14.7660,1.0000,27.4000,14.9920,410.0000
1453.2831,43.9450,0.0000,-43.9450,16.6990,0.0000,-16.6990,-50.0000,70.3000,14.8560,1046.0000
1453.4727,44.2970,0.0000,-44.2970,13.7110,0.0000,-13.7110,-1.0000,27.1000,14.9920,406.0000
1453.6777,45.3520,0.0000,-45.3520,14.9410,0.0000,-14.9410,1.0000,26.9000,14.9960,404.0000
1453.9086,45.5270,0.0000,-45.5270,17.9300,0.0000,-17.9300,-50.0000,69.7000,14.8520,1036.0000
1454.2031,46.7580,0.0000,-46.7580,5.9770,0.0000,-5.9770,1.0000,27.6000,14.9880,412.0000
1454.5002,43.9450,0.0000,-43.9450,17.5780,0.0000,-17.5780,-50.0000,70.1000,14.8560,1042.0000
1454.7336,41.6600,0.0000,-41.6600,7.7340,0.0000,-7.7340,-1.0000,27.1000,14.9960,406.0000
1454.9347,43.5940,0.0000,-43.5940,16.1720,0.0000,-16.1720,-50.0000,69.7000,14.8520,1036.0000
1455.1437,46.7580,0.0000,-46.7580,16.6990,0.0000,-16.6990,-50.0000,70.8000,14.8520,1052.0000
1455.3679,45.8790,0.0000,-45.8790,5.9770,0.0000,-5.9770,1.0000,27.7000,14.9920,416.0000
1455.5852,43.9450,0.0000,-43.9450,15.8200,0.0000,-15.8200,-50.0000,70.3000,14.8480,1046.0000
1455.8227,42.1870,0.0000,-42.1870,9.8440,0.0000,-9.8440,-1.0000,26.9000,14.9920,404.0000
1456.0448,44.2970,0.0000,-44.2970,15.1170,0.0000,-15.1170,1.0000,27.5000,14.9920,412.0000
1456.2620,45.5270,0.0000,-45.5270,17.0510,0.0000,-17.0510,-50.0000,71.5000,14.8520,1062.0000
1456.4629,46.7580,0.0000,-46.7580,5.6250,0.0000,-5.6250,-1.0000,27.1000,14.9920,406.0000
1456.6872,47.9880,0.0000,-47.9880,16.8750,0.0000,-16.8750,1.0000,26.7000,14.9920,400.0000
1456.8828,44.4730,0.0000,-44.4730,18.8090,0.0000,-18.8090,-50.0000,70.2000,14.8520,1042.0000
1457.1005,43.9450,0.0000,-43.9450,8.7890,0.0000,-8.7890,-1.0000,27.4000,14.9920,410.0000
1457.3268,46.4060,0.0000,-46.4060,17.0510,0.0000,-17.0510,1.0000,27.8000,14.9920,416.0000
1457.5393,48.6910,0.0000,-48.6910,18.2810,0.0000,-18.2810,-50.0000,70.0000,14.8520,1038.0000
1457.6888,47.6370,0.0000,-47.6370,8.7890,0.0000,-8.7890,-1.0000,27.1000,14.9960,406.0000
1457.8720,50.2730,0.0000,-50.2730,16.1720,0.0000,-16.1720,1.0000,27.1000,14.9920,406.0000
1458.0582,46.7580,0.0000,-46.7580,18.9840,0.0000,-18.9840,-50.0000,66.1000,14.8480,980.0000
1458.2348,49.5700,0.0000,-49.5700,15.1170,0.0000,-15.1170,-1.0000,27.1000,14.9920,406.0000
1458.4404,50.2730,0.0000,-50.2730,14.4140,0.0000,-14.4140,1.0000,27.2000,14.9960,406.0000
1458.5856,48.3400,0.0000,-48.3400,18.8090,0.0000,-18.8090,-50.0000,72.7000,14.8480,1078.0000
1458.7544,49.3950,0.0000,-49.3950,17.4020,0.0000,-17.4020,-1.0000,27.6000,14.9920,412.0000
1458.9286,46.5820,0.0000,-46.5820,11.2500,0.0000,-11.2500,1.0000,27.0000,14.9920,406.0000
1459.1468,47.1090,0.0000,-47.1090,18.2810,0.0000,-18.2810,-50.0000,70.5000,14.8480,1048.0000
1459.3059,47.4610,0.0000,-47.4610,15.9960,0.0000,-15.9960,-1.0000,27.3000,14.9920,410.0000
1459.4662,46.9340,0.0000,-46.9340,13.1840,0.0000,-13.1840,1.0000,27.3000,14.9960,410.0000
1459.6714,46.9340,0.0000,-46.9340,18.4570,0.0000,-18.4570,-50.0000,70.4000,14.8480,1046.0000
1459.8458,51.3280,0.0000,-51.3280,17.9300,0.0000,-17.9300,-1.0000,27.3000,14.9920,410.0000
1460.0455,49.0430,0.0000,-49.0430,10.3710,0.0000,-10.3710,1.0000,27.1000,14.9920,406.0000
1460.2693,45.5270,0.0000,-45.5270,18.9840,0.0000,-18.9840,-50.0000,67.9000,14.8640,1010.0000
1460.4799,45.5270,0.0000,-45.5270,13.7110,0.0000,-13.7110,-1.0000,26.8000,14.9920,404.0000
1460.7208,48.5160,0.0000,-48.5160,17.2270,0.0000,-17.2270,1.0000,28.3000,14.9880,422.0000
1460.9710,51.5040,0.0000,-51.5040,19.1600,0.0000,-19.1600,-50.0000,69.5000,14.8560,1032.0000
1461.2292,51.5040,0.0000,-51.5040,10.5470,0.0000,-10.5470,1.0000,27.5000,14.9880,412.0000
1461.4858,47.1090,0.0000,-47.1090,17.9300,0.0000,-17.9300,-50.0000,70.1000,14.8520,1042.0000
1461.7783,46.5820,0.0000,-46.5820,7.5590,0.0000,-7.5590,-50.0000,69.9000,14.8560,1038.0000
1462.0418,48.8670,0.0000,-48.8670,16.5230,0.0000,-16.5230,1.0000,27.6000,14.9880,412.0000
1462.3323,44.4730,0.0000,-44.4730,12.3050,0.0000,-12.3050,1.0000,27.2000,14.9920,406.0000
1462.6286,46.0550,0.0000,-46.0550,15.8200,0.0000,-15.8200,-1.0000,26.9000,14.9920,404.0000
1462.9545,47.8120,0.0000,-47.8120,14.2380,0.0000,-14.2380,-50.0000,69.7000,14.8600,1036.0000
1463.2320,50.4490,0.0000,-50.4490,16.5230,0.0000,-16.5230,-50.0000,69.1000,14.8560,1026.0000
1463.4748,49.0430,0.0000,-49.0430,7.2070,0.0000,-7.2070,1.0000,27.2000,14.9920,406.0000
1463.7623,43.2420,0.0000,-43.2420,16.8750,0.0000,-16.8750,-50.0000,69.5000,14.8520,1032.0000
1464.0603,42.8910,0.0000,-42.8910,8.9650,0.0000,-8.9650,1.0000,27.2000,14.9960,406.0000
1464.3252,43.9450,0.0000,-43.9450,14.9410,0.0000,-14.9410,-50.0000,69.7000,14.8520,1036.0000
1464.5816,45.1760,0.0000,-45.1760,4.3950,0.0000,-4.3950,-1.0000,27.2000,14.9920,406.0000
1464.8119,44.4730,0.0000,-44.4730,15.8200,0.0000,-15.8200,1.0000,27.5000,14.9920,412.0000
1465.1796,43.5940,0.0000,-43.5940,6.8550,0.0000,-6.8550,-1.0000,27.0000,14.9920,406.0000
1465.4653,45.7030,0.0000,-45.7030,16.5230,0.0000,-16.5230,-50.0000,70.1000,14.8520,1042.0000
1465.7820,46.7580,0.0000,-46.7580,4.9220,0.0000,-4.9220,-1.0000,27.4000,14.9920,410.0000
1466.1096,44.1210,0.0000,-44.1210,17.9300,0.0000,-17.9300,1.0000,28.5000,14.9880,426.0000
1466.3303,42.1870,0.0000,-42.1870,9.3160,0.0000,-9.3160,-1.0000,27.3000,14.9920,410.0000
1466.6117,46.0550,0.0000,-46.0550,16.3480,0.0000,-16.3480,1.0000,27.8000,14.9920,416.0000
1466.9129,44.4730,0.0000,-44.4730,11.2500,0.0000,-11.2500,1.0000,27.5000,14.9920,412.0000
1467.2144,44.6480,0.0000,-44.6480,16.5230,0.0000,-16.5230,-50.0000,69.9000,14.8560,1038.0000
1467.4671,45.7030,0.0000,-45.7030,4.3950,0.0000,-4.3950,1.0000,27.5000,14.9920,412.0000
1467.7626,44.4730,0.0000,-44.4730,15.9960,0.0000,-15.9960,-50.0000,70.2000,14.8480,1042.0000
1468.0579,45.3520,0.0000,-45.3520,3.8670,0.0000,-3.8670,-1.0000,26.9000,14.9920,404.0000
1468.3645,45.0000,0.0000,-45.0000,16.3480,0.0000,-16.3480,-50.0000,69.5000,14.8560,1032.0000
1468.6007,43.0660,0.0000,-43.0660,5.4490,0.0000,-5.4490,-1.0000,27.1000,14.9920,406.0000
1468.8878,43.7700,0.0000,-43.7700,15.9960,0.0000,-15.9960,1.0000,27.5000,14.9920,404.0000
1469.1871,49.2190,0.0000,-49.2190,6.6800,0.0000,-6.6800,-1.0000,27.0000,14.9880,406.0000
1469.4900,47.9880,0.0000,-47.9880,15.9960,0.0000,-15.9960,-50.0000,70.6000,14.8480,1048.0000
1469.7802,48.5160,0.0000,-48.5160,11.9530,0.0000,-11.9530,-1.0000,26.6000,14.9960,400.0000
1470.0772,48.6910,0.0000,-48.6910,17.5780,0.0000,-17.5780,-50.0000,72.5000,14.8480,1078.0000
1470.3666,48.1640,0.0000,-48.1640,10.5470,0.0000,-10.5470,-1.0000,27.5000,14.9920,412.0000
1470.6804,48.6910,0.0000,-48.6910,18.6330,0.0000,-18.6330,-50.0000,72.2000,14.8480,1072.0000
1470.9510,49.7460,0.0000,-49.7460,11.7770,0.0000,-11.7770,-1.0000,27.3000,14.9920,410.0000
1471.1756,51.3280,0.0000,-51.3280,18.2810,0.0000,-18.2810,-50.0000,70.0000,14.8560,1038.0000
1471.4667,53.4370,0.0000,-53.4370,19.8630,0.0000,-19.8630,-1.0000,28.6000,14.9840,430.0000
1471.7019,51.6800,0.0000,-51.6800,13.0080,0.0000,-13.0080,1.0000,26.7000,14.9960,400.0000
1471.9824,49.0430,0.0000,-49.0430,20.7420,0.0000,-20.7420,-50.0000,72.0000,14.8480,1068.0000
1472.3636,50.6250,0.0000,-50.6250,18.4570,0.0000,-18.4570,1.0000,27.1000,14.9920,406.0000
1472.7501,47.2850,0.0000,-47.2850,9.8440,0.0000,-9.8440,-1.0000,27.1000,14.9960,406.0000
1472.8711,48.3400,0.0000,-48.3400,14.2380,0.0000,-14.2380,0.0000,27.5000,14.9880,412.0000
1473.0823,40.9570,0.0000,-40.9570,16.1720,0.0000,-16.1720,0.0000,26.8000,14.9920,404.0000
1473.3851,34.9800,0.0000,-34.9800,20.7420,0.0000,-20.7420,0.0000,27.0000,14.9960,406.0000
1473.6651,33.0470,0.0000,-33.0470,15.8200,0.0000,-15.8200,0.0000,27.5000,14.9920,412.0000
1473.9300,33.7500,0.0000,-33.7500,15.9960,0.0000,-15.9960,0.0000,27.7000,14.9880,416.0000
1474.2089,33.7500,0.0000,-33.7500,16.5230,0.0000,-16.5230,0.0000,27.2000,14.9920,406.0000
1474.4728,33.7500,0.0000,-33.7500,16.1720,0.0000,-16.1720,0.0000,27.2000,14.9920,406.0000
1474.7708,33.7500,0.0000,-33.7500,16.3480,0.0000,-16.3480,0.0000,27.1000,14.9920,406.0000
1475.0207,33.7500,0.0000,-33.7500,16.1720,0.0000,-16.1720,0.0000,26.9000,14.9920,404.0000
1475.2918,33.7500,0.0000,-33.7500,16.1720,0.0000,-16.1720,0.0000,27.2000,14.9920,406.0000
1475.6131,33.7500,0.0000,-33.7500,16.1720,0.0000,-16.1720,0.0000,27.0000,14.9920,406.0000
1475.8748,33.7500,0.0000,-33.7500,16.1720,0.0000,-16.1720,0.0000,25.3000,14.9720,380.0000
1476.1493,33.5740,0.0000,-33.5740,16.3480,0.0000,-16.3480,0.0000,27.7000,14.9880,406.0000
1476.4136,33.5740,0.0000,-33.5740,16.1720,0.0000,-16.1720,0.0000,27.4000,14.9960,410.0000
1476.6687,33.5740,0.0000,-33.5740,16.1720,0.0000,-16.1720,0.0000,27.7000,14.9920,416.0000
1476.9742,33.5740,0.0000,-33.5740,16.1720,0.0000,-16.1720,0.0000,26.9000,14.9920,404.0000
1477.0465,33.5740,0.0000,-33.5740,16.1720,0.0000,-16.1720,0.0000,27.5000,14.9920,412.0000
1477.2720,33.5740,0.0000,-33.5740,16.1720,0.0000,-16.1720,0.0000,26.3000,14.9960,394.0000
1477.4877,33.5740,0.0000,-33.5740,16.1720,0.0000,-16.1720,0.0000,27.1000,14.9920,406.0000
1477.7399,33.5740,0.0000,-33.5740,16.1720,0.0000,-16.1720,0.0000,27.1000,14.9920,406.0000
1477.9811,33.5740,0.0000,-33.5740,16.1720,0.0000,-16.1720,0.0000,27.3000,14.9920,410.0000
1478.2315,33.5740,0.0000,-33.5740,16.1720,0.0000,-16.1720,0.0000,27.6000,14.9920,412.0000
1478.5111,33.5740,0.0000,-33.5740,16.1720,0.0000,-16.1720,0.0000,27.2000,14.9960,406.0000
1478.7829,33.5740,0.0000,-33.5740,16.1720,0.0000,-16.1720,0.0000,27.1000,14.9960,406.0000
1479.0793,33.5740,0.0000,-33.5740,16.1720,0.0000,-16.1720,0.0000,27.2000,14.9960,406.0000
