t_s,mode,alpha_deg,theta_deg,pwm
0.0,5,0.527,-0.176,-4
0.0735,5,3.516,-2.637,49
0.1392,5,9.492,-9.844,49
0.1994,5,12.656,-19.16,49
0.2653,5,7.207,-27.246,-49
0.3374,5,-18.457,-23.027,-49
0.4269,5,-28.125,-20.215,-49
0.4917,5,-20.918,-21.094,49
0.5585,5,7.559,-33.398,48
0.6278,5,30.586,-44.121,47
0.6989,5,30.762,-47.285,47
0.7667,5,5.801,-39.727,-48
0.8354,5,-31.992,-23.555,-49
0.9052,5,-44.648,-17.402,-49
0.9688,5,-33.75,-16.875,49
1.0346,5,18.281,-37.441,48
1.1226,5,49.219,-48.516,47
1.2022,5,45.352,-49.395,-47
1.263,5,-4.746,-28.301,-48
1.3468,5,-46.23,-9.316,-49
1.4101,5,-60.82,-2.109,-49
1.472,5,-49.746,0.879,49
1.5406,5,-5.273,-12.305,49
1.6045,5,48.691,-32.52,48
1.6719,5,69.082,-37.266,48
1.7357,5,61.699,-39.023,-48
1.8005,5,23.906,-30.059,-48
1.9022,5,-62.051,3.516,-49
1.974,5,-76.113,9.316,-49
2.0783,5,-37.969,7.031,49
2.1405,5,28.652,-19.336,49
2.2034,5,83.672,-31.816,48
2.314,5,79.629,-35.156,-48
2.3749,5,-6.855,-10.02,-49
2.4896,5,-70.664,11.25,-49
2.5654,5,-93.164,15.996,-49
2.6352,5,-78.398,20.742,49
2.708,5,-26.719,12.48,49
2.7862,5,63.105,-19.863,49
2.863,5,97.559,-23.906,49
2.9288,5,99.316,-28.125,49
2.9949,5,63.457,-31.113,-48
3.0682,5,-8.086,-7.559,-49
3.133,5,-72.422,11.777,-49
3.1999,5,-108.105,14.59,-49
3.2966,5,-70.488,19.863,49
3.4093,5,10.371,-8.438,49
3.4771,5,75.937,-28.828,49
3.5409,5,114.785,-33.223,48
3.6287,5,110.039,-39.902,48
3.6955,5,14.063,-32.344,-48
3.8171,5,-72.07,-3.867,-49
3.8861,5,-112.852,-2.988,-49
3.9555,5,-122.168,-0.703,-49
4.0354,5,-96.504,6.152,49
4.1097,5,8.965,-23.379,49
4.2034,5,79.805,-45.176,47
4.2702,5,124.277,-47.461,47
4.3878,5,111.797,-57.129,-46
4.4636,5,53.965,-55.371,-46
4.5394,5,-45.0,-14.414,-49
4.6098,5,-104.414,-4.57,-49
4.6825,5,-128.672,-2.285,-49
4.7439,5,-126.211,5.801,49
4.8088,5,-98.965,14.766,49
4.8729,5,-2.285,-6.328,49
4.9635,5,76.816,-31.641,48
5.0353,5,125.332,-32.52,48
5.1051,5,135.527,-36.738,48
5.1783,5,106.348,-50.449,-47
5.2613,5,57.305,-49.746,-47
5.3232,5,-31.289,-14.941,-49
5.389,5,-104.941,-2.285,-49
5.4698,5,-136.406,-1.934,-49
5.5586,5,-127.266,9.844,49
5.6274,5,-90.527,17.227,49
5.7032,5,43.594,-26.191,49
5.8113,5,109.336,-35.332,48
5.8816,5,138.691,-36.035,48
5.954,5,136.406,-46.23,-47
6.0188,5,110.215,-57.48,-46
6.0827,5,50.801,-55.898,-46
6.1562,5,-56.602,-14.238,-49
6.234,5,-115.84,-9.316,-49
6.305,5,-142.383,-8.086,-49
6.3834,5,-136.406,1.055,49
6.4468,5,-105.996,11.074,49
6.5445,5,10.02,-18.281,49
6.6297,5,91.934,-40.957,48
6.6983,5,131.66,-40.957,47
6.7737,5,143.437,-46.758,47
6.8345,5,127.266,-59.062,-46
6.8969,5,92.988,-66.094,-45
6.9586,5,27.422,-53.789,-46
7.0214,5,-65.215,-16.699,-49
7.0906,5,-122.871,-12.832,-49
7.1657,5,-142.91,-10.898,-49
7.2295,5,-130.957,3.164,49
7.3548,5,-59.062,9.141,49
7.4229,5,50.449,-33.223,48
7.5037,5,111.621,-40.078,48
7.5736,5,140.625,-39.902,48
7.6543,5,137.812,-52.383,-46
7.7232,5,106.172,-63.633,-45
7.7988,5,35.684,-55.547,-46
7.8711,5,-57.48,-16.699,-49
7.9354,5,-127.441,-11.25,-49
8.0317,5,-143.262,-4.922,-49
8.117,5,-108.457,13.184,49
8.2122,5,-23.203,2.285,49
8.314,5,81.562,-33.223,48
8.3818,5,129.199,-33.047,48
8.4516,5,146.777,-36.738,48
8.5274,5,134.121,-49.395,-47
8.5987,5,98.965,-58.711,-46
8.6806,5,-16.172,-26.191,-49
8.7653,5,-90.879,-6.328,-49
8.8373,5,-133.594,-6.152,-49
8.9041,5,-143.965,0.176,-49
8.9848,5,-121.992,13.711,49
9.0567,5,-53.437,13.535,49
9.1554,5,51.504,-29.355,49
9.2232,5,121.992,-36.738,48
9.303,5,145.547,-41.309,48
9.3909,5,133.418,-55.195,-46
9.4547,5,102.305,-65.215,-45
9.5245,5,39.902,-59.062,-45
9.5854,5,-84.023,-15.645,-49
9.6821,5,-126.738,-15.469,-49
9.7471,5,-143.262,-8.086,-49
9.8496,5,-114.434,6.68,49
9.9244,5,-31.816,-0.527,49
10.0207,5,61.699,-37.441,48
10.0871,5,126.387,-40.43,48
10.1723,5,145.898,-42.012,47
10.2356,5,139.922,-52.207,-46
10.2985,5,113.379,-63.457,-45
10.3604,5,53.965,-61.875,-45
10.4452,5,-48.867,-20.039,-49
10.5061,5,-121.465,-12.129,-49
10.5999,5,-144.492,-9.668,-49
10.6697,5,-135.879,2.109,49
10.7375,5,-106.523,11.777,49
10.8036,5,-43.066,5.801,49
10.8886,5,87.012,-39.727,48
10.9765,5,131.484,-40.254,48
11.0443,5,145.547,-44.121,47
11.1077,5,131.836,-58.359,-46
11.1814,5,94.922,-67.324,-44
11.2533,5,13.535,-49.219,-46
11.3247,5,-76.289,-16.348,-49
11.3936,5,-131.309,-14.766,-49
11.4813,5,-143.965,-8.789,-49
11.5687,5,-114.082,8.086,49
11.6475,5,-64.687,9.844,49
11.7093,5,18.809,-21.445,49
11.7711,5,95.977,-38.672,48
11.8631,5,146.074,-39.727,48
11.9548,5,138.867,-51.152,-47
12.0207,5,104.59,-63.105,-45
12.0954,5,46.582,-58.359,-45
12.1624,5,-59.766,-15.996,-49
12.2401,5,-128.32,-11.426,-49
12.3389,5,-144.844,-6.68,-49
12.4113,5,-124.629,7.559,49
12.488,5,-87.012,13.008,49
12.5479,5,-17.754,-4.043,49
12.6097,5,80.332,-39.199,48
12.692,5,130.078,-40.43,48
12.7812,5,145.371,-46.758,47
12.8423,5,131.484,-59.238,-46
12.911,5,93.867,-68.203,-44
12.9778,5,14.59,-50.801,-46
13.0444,5,-72.246,-18.281,-49
13.1133,5,-127.266,-16.348,-49
13.1871,5,-144.844,-13.535,-49
13.2582,5,-133.945,-1.582,49
13.346,5,-87.715,7.383,49
13.411,5,-2.285,-17.578,49
13.4908,5,85.605,-46.055,47
13.5546,5,126.387,-46.758,47
13.6155,5,144.141,-48.867,47
13.6978,5,132.012,-63.105,-45
13.7666,5,91.055,-71.895,-44
13.8615,5,-32.52,-31.113,-47
13.9451,5,-111.797,-17.051,-49
14.0239,5,-140.625,-16.172,-49
14.0913,5,-140.449,-7.559,-49
14.1581,5,-113.203,5.801,49
14.2319,5,-52.91,5.098,49
14.3024,5,55.02,-36.563,48
14.3826,5,117.246,-41.484,47
14.4534,5,142.91,-41.309,47
14.5195,5,140.977,-51.152,47
14.5903,5,114.082,-64.16,-45
14.6561,5,16.699,-50.977,-46
14.757,5,-89.297,-16.523,-49
14.8435,5,-129.199,-16.875,-49
14.9044,5,-145.02,-14.59,-49
14.9718,5,-132.012,-1.934,49
15.0476,5,-96.504,5.449,49
15.1125,5,-33.047,-5.625,49
15.1793,5,85.605,-48.516,47
15.2752,5,134.297,-49.395,47
15.3551,5,144.141,-55.898,46
15.4282,5,124.629,-68.73,-44
15.5116,5,70.137,-72.246,-44
15.5843,5,-70.84,-20.742,-49
15.6925,5,-124.102,-17.051,-49
15.7649,5,-143.437,-12.305,-49
15.8477,5,-128.672,1.055,49
15.9085,5,-89.648,8.965,49
15.9848,5,-7.91,-12.129,49
16.0498,5,75.586,-41.309,47
16.1135,5,120.059,-42.891,47
16.1744,5,142.207,-43.77,47
16.2338,5,136.406,-56.777,-46
16.3216,5,98.965,-67.852,-44
16.3994,5,21.27,-53.086,-46
16.4712,5,-68.906,-17.754,-49
16.536,5,-122.168,-14.766,-49
16.6089,5,-143.086,-12.129,-49
16.6857,5,-132.715,-0.176,49
16.7528,5,-95.801,11.074,49
16.8182,5,2.285,-12.48,49
16.905,5,94.219,-36.563,48
16.9946,5,138.34,-34.805,48
17.062,5,145.195,-42.891,48
17.1428,5,119.883,-57.832,-46
17.2194,5,60.645,-60.117,-45
17.2948,5,-57.305,-15.996,-49
17.3883,5,-127.969,-11.953,-49
17.4844,5,-145.547,-8.965,-49
17.5493,5,-132.012,3.34,49
17.6216,5,-94.043,11.777,49
17.6874,5,-17.402,-5.098,49
17.7554,5,81.914,-40.078,48
17.831,5,135.176,-40.957,47
17.9167,5,146.777,-45.879,47
17.9795,5,133.594,-59.062,-46
18.0533,5,90.176,-69.434,-44
18.1291,5,5.449,-47.461,-47
18.1979,5,-94.043,-17.227,-49
18.2847,5,-140.801,-17.227,-49
18.3734,5,-135.879,-3.516,49
18.4672,5,-106.699,6.855,49
18.53,5,-53.086,4.746,49
18.5912,5,65.391,-39.023,48
18.685,5,121.992,-41.66,47
18.7519,5,147.129,-44.121,47
18.8377,5,135.527,-56.953,-46
18.9185,5,93.516,-67.324,-44
18.9883,5,-1.055,-41.66,-47
19.0755,5,-96.504,-14.063,-49
19.1494,5,-133.066,-14.238,-49
19.2152,5,-145.02,-9.316,-49
19.2856,5,-122.344,6.328,49
19.3684,5,-56.426,8.438,49
19.4537,5,52.734,-33.926,48
19.5315,5,113.203,-40.078,48
19.5987,5,143.965,-40.254,48
19.6735,5,140.273,-52.734,47
19.7542,5,111.094,-66.797,-45
19.8171,5,26.895,-58.887,-45
19.9169,5,-85.605,-21.973,-49
19.9947,5,-134.824,-23.379,-49
